solid OpenSCAD_Model
  facet normal -0.989176 -0.146733 0
    outer loop
      vertex -7.56157 -3.39018 0
      vertex -7.59037 -3.19603 3.55
      vertex -7.59037 -3.19603 0
    endloop
  endfacet
  facet normal -0.989176 -0.146733 0
    outer loop
      vertex -7.59037 -3.19603 3.55
      vertex -7.56157 -3.39018 0
      vertex -7.56157 -3.39018 3.55
    endloop
  endfacet
  facet normal -0.427583 0.903976 0
    outer loop
      vertex -6.36537 4.84776 0
      vertex -6.54279 4.76384 3.55
      vertex -6.36537 4.84776 3.55
    endloop
  endfacet
  facet normal -0.427583 0.903976 0
    outer loop
      vertex -6.54279 4.76384 3.55
      vertex -6.36537 4.84776 0
      vertex -6.54279 4.76384 0
    endloop
  endfacet
  facet normal 0.998796 -0.049066 0
    outer loop
      vertex 7.59037 -3.19603 3.55
      vertex 7.6 -3 0
      vertex 7.6 -3 3.55
    endloop
  endfacet
  facet normal 0.998796 -0.049066 0
    outer loop
      vertex 7.6 -3 0
      vertex 7.59037 -3.19603 3.55
      vertex 7.59037 -3.19603 0
    endloop
  endfacet
  facet normal -0.998796 0.049066 0
    outer loop
      vertex -7.6 3 0
      vertex -7.59037 3.19603 3.55
      vertex -7.59037 3.19603 0
    endloop
  endfacet
  facet normal -0.998796 0.049066 0
    outer loop
      vertex -7.59037 3.19603 3.55
      vertex -7.6 3 0
      vertex -7.6 3 3.55
    endloop
  endfacet
  facet normal -0.146733 -0.989176 0
    outer loop
      vertex -5.99018 -4.96157 0
      vertex -5.79603 -4.99037 3.55
      vertex -5.99018 -4.96157 3.55
    endloop
  endfacet
  facet normal -0.146733 -0.989176 -0
    outer loop
      vertex -5.79603 -4.99037 3.55
      vertex -5.99018 -4.96157 0
      vertex -5.79603 -4.99037 0
    endloop
  endfacet
  facet normal 0.671584 0.740928 -0
    outer loop
      vertex 7.01421 4.41421 0
      vertex 6.86879 4.54602 3.55
      vertex 7.01421 4.41421 3.55
    endloop
  endfacet
  facet normal 0.671584 0.740928 0
    outer loop
      vertex 6.86879 4.54602 3.55
      vertex 7.01421 4.41421 0
      vertex 6.86879 4.54602 0
    endloop
  endfacet
  facet normal -0.049066 -0.998796 0
    outer loop
      vertex -5.79603 -4.99037 0
      vertex -5.6 -5 3.55
      vertex -5.79603 -4.99037 3.55
    endloop
  endfacet
  facet normal -0.049066 -0.998796 -0
    outer loop
      vertex -5.6 -5 3.55
      vertex -5.79603 -4.99037 0
      vertex -5.6 -5 0
    endloop
  endfacet
  facet normal 0.989176 -0.146733 0
    outer loop
      vertex 7.56157 -3.39018 3.55
      vertex 7.59037 -3.19603 0
      vertex 7.59037 -3.19603 3.55
    endloop
  endfacet
  facet normal 0.989176 -0.146733 0
    outer loop
      vertex 7.59037 -3.19603 0
      vertex 7.56157 -3.39018 3.55
      vertex 7.56157 -3.39018 0
    endloop
  endfacet
  facet normal 0.595695 -0.80321 0
    outer loop
      vertex 6.71114 -4.66294 0
      vertex 6.86879 -4.54602 3.55
      vertex 6.71114 -4.66294 3.55
    endloop
  endfacet
  facet normal 0.595695 -0.80321 0
    outer loop
      vertex 6.86879 -4.54602 3.55
      vertex 6.71114 -4.66294 0
      vertex 6.86879 -4.54602 0
    endloop
  endfacet
  facet normal 0 0 -1
    outer loop
      vertex -3.9521 -0.976242 0
      vertex -5.59262 -0.976242 0
      vertex -3.9521 1.58653 0
    endloop
  endfacet
  facet normal 0 0 -1
    outer loop
      vertex -1.30089 -0.976242 0
      vertex -2.94139 -0.976242 0
      vertex -1.30089 1.58653 0
    endloop
  endfacet
  facet normal 0 0 -1
    outer loop
      vertex 0.475204 -0.333008 0
      vertex 1.86388 -0.275314 0
      vertex 1.86174 -0.353683 0
    endloop
  endfacet
  facet normal 0 0 -1
    outer loop
      vertex 5.36861 -1.47099 0
      vertex 7.6 -3 0
      vertex 7.59037 -3.19603 0
    endloop
  endfacet
  facet normal 0 0 -1
    outer loop
      vertex 7.6 -3 0
      vertex 5.36861 -1.47099 0
      vertex 7.6 3 0
    endloop
  endfacet
  facet normal 0 0 -1
    outer loop
      vertex 5.36861 -1.47099 0
      vertex 7.59037 -3.19603 0
      vertex 7.56157 -3.39018 0
    endloop
  endfacet
  facet normal 0 0 -1
    outer loop
      vertex 5.36861 1.58653 0
      vertex 7.6 3 0
      vertex 5.36861 -1.47099 0
    endloop
  endfacet
  facet normal 0 0 -1
    outer loop
      vertex 5.36861 -1.47099 0
      vertex 7.56157 -3.39018 0
      vertex 7.51388 -3.58057 0
    endloop
  endfacet
  facet normal -0 0 -1
    outer loop
      vertex 7.6 3 0
      vertex 5.36861 1.58653 0
      vertex 7.59037 3.19603 0
    endloop
  endfacet
  facet normal 0 0 -1
    outer loop
      vertex 5.36861 -1.47099 0
      vertex 7.51388 -3.58057 0
      vertex 7.44776 -3.76537 0
    endloop
  endfacet
  facet normal -0 0 -1
    outer loop
      vertex 7.59037 3.19603 0
      vertex 5.36861 1.58653 0
      vertex 7.56157 3.39018 0
    endloop
  endfacet
  facet normal 0 0 -1
    outer loop
      vertex 5.36861 -1.47099 0
      vertex 7.44776 -3.76537 0
      vertex 7.36384 -3.94279 0
    endloop
  endfacet
  facet normal -0 0 -1
    outer loop
      vertex 7.56157 3.39018 0
      vertex 5.36861 1.58653 0
      vertex 7.51388 3.58057 0
    endloop
  endfacet
  facet normal 0 0 -1
    outer loop
      vertex 5.36861 -1.47099 0
      vertex 7.36384 -3.94279 0
      vertex 7.26294 -4.11114 0
    endloop
  endfacet
  facet normal -0 0 -1
    outer loop
      vertex 7.51388 3.58057 0
      vertex 5.36861 1.58653 0
      vertex 7.44776 3.76537 0
    endloop
  endfacet
  facet normal 0 0 -1
    outer loop
      vertex 5.36861 -1.47099 0
      vertex 7.26294 -4.11114 0
      vertex 7.14602 -4.26879 0
    endloop
  endfacet
  facet normal -0 0 -1
    outer loop
      vertex 7.44776 3.76537 0
      vertex 5.36861 1.58653 0
      vertex 7.36384 3.94279 0
    endloop
  endfacet
  facet normal 0 0 -1
    outer loop
      vertex 5.36861 -1.47099 0
      vertex 7.14602 -4.26879 0
      vertex 7.01421 -4.41421 0
    endloop
  endfacet
  facet normal -0 0 -1
    outer loop
      vertex 7.36384 3.94279 0
      vertex 5.36861 1.58653 0
      vertex 7.26294 4.11114 0
    endloop
  endfacet
  facet normal 0 0 -1
    outer loop
      vertex 5.36861 -1.47099 0
      vertex 7.01421 -4.41421 0
      vertex 6.86879 -4.54602 0
    endloop
  endfacet
  facet normal -0 0 -1
    outer loop
      vertex 7.26294 4.11114 0
      vertex 5.36861 1.58653 0
      vertex 7.14602 4.26879 0
    endloop
  endfacet
  facet normal 0 0 -1
    outer loop
      vertex 5.36861 -1.47099 0
      vertex 6.86879 -4.54602 0
      vertex 6.71114 -4.66294 0
    endloop
  endfacet
  facet normal -0 0 -1
    outer loop
      vertex 7.14602 4.26879 0
      vertex 5.36861 1.58653 0
      vertex 7.01421 4.41421 0
    endloop
  endfacet
  facet normal 0 0 -1
    outer loop
      vertex 5.36861 -1.47099 0
      vertex 6.71114 -4.66294 0
      vertex 6.54279 -4.76384 0
    endloop
  endfacet
  facet normal -0 0 -1
    outer loop
      vertex 7.01421 4.41421 0
      vertex 5.36861 1.58653 0
      vertex 6.86879 4.54602 0
    endloop
  endfacet
  facet normal 0 0 -1
    outer loop
      vertex 5.36861 -1.47099 0
      vertex 6.54279 -4.76384 0
      vertex 6.36537 -4.84776 0
    endloop
  endfacet
  facet normal -0 0 -1
    outer loop
      vertex 6.86879 4.54602 0
      vertex 5.36861 1.58653 0
      vertex 6.71114 4.66294 0
    endloop
  endfacet
  facet normal 0 0 -1
    outer loop
      vertex 5.36861 -1.47099 0
      vertex 6.36537 -4.84776 0
      vertex 6.18057 -4.91388 0
    endloop
  endfacet
  facet normal -0 0 -1
    outer loop
      vertex 6.71114 4.66294 0
      vertex 5.36861 1.58653 0
      vertex 6.54279 4.76384 0
    endloop
  endfacet
  facet normal 0 0 -1
    outer loop
      vertex 5.36861 -1.47099 0
      vertex 6.18057 -4.91388 0
      vertex 5.99018 -4.96157 0
    endloop
  endfacet
  facet normal -0 0 -1
    outer loop
      vertex 6.54279 4.76384 0
      vertex 5.36861 1.58653 0
      vertex 6.36537 4.84776 0
    endloop
  endfacet
  facet normal 0 0 -1
    outer loop
      vertex 5.36861 -1.47099 0
      vertex 5.99018 -4.96157 0
      vertex 5.79603 -4.99037 0
    endloop
  endfacet
  facet normal -0 0 -1
    outer loop
      vertex 6.36537 4.84776 0
      vertex 5.36861 1.58653 0
      vertex 6.18057 4.91388 0
    endloop
  endfacet
  facet normal 0 0 -1
    outer loop
      vertex 5.36861 -1.47099 0
      vertex 5.79603 -4.99037 0
      vertex 5.6 -5 0
    endloop
  endfacet
  facet normal -0 0 -1
    outer loop
      vertex 6.18057 4.91388 0
      vertex 5.36861 1.58653 0
      vertex 5.99018 4.96157 0
    endloop
  endfacet
  facet normal -0 0 -1
    outer loop
      vertex 5.99018 4.96157 0
      vertex 5.36861 1.58653 0
      vertex 5.79603 4.99037 0
    endloop
  endfacet
  facet normal 0 0 -1
    outer loop
      vertex 5.6 -5 0
      vertex 4.72844 -1.47099 0
      vertex 5.36861 -1.47099 0
    endloop
  endfacet
  facet normal 0 0 -1
    outer loop
      vertex 4.72844 -1.47099 0
      vertex 3.96895 -0.394669 0
      vertex 4.72844 -0.394669 0
    endloop
  endfacet
  facet normal 0 0 -1
    outer loop
      vertex 2.00514 -1.32799 0
      vertex 4.72844 -1.47099 0
      vertex 5.6 -5 0
    endloop
  endfacet
  facet normal 0 -0 -1
    outer loop
      vertex 2.30122 -1.05623 0
      vertex 4.72844 -1.47099 0
      vertex 2.23914 -1.13451 0
    endloop
  endfacet
  facet normal 0 0 -1
    outer loop
      vertex 4.72844 -1.47099 0
      vertex 3.89345 -0.393112 0
      vertex 3.96895 -0.394669 0
    endloop
  endfacet
  facet normal 0 0 -1
    outer loop
      vertex 4.72844 -1.47099 0
      vertex 3.82027 -0.388397 0
      vertex 3.89345 -0.393112 0
    endloop
  endfacet
  facet normal 0 -0 -1
    outer loop
      vertex 2.35503 -0.971405 0
      vertex 4.72844 -1.47099 0
      vertex 2.30122 -1.05623 0
    endloop
  endfacet
  facet normal 0 0 -1
    outer loop
      vertex 4.72844 -1.47099 0
      vertex 3.7494 -0.380569 0
      vertex 3.82027 -0.388397 0
    endloop
  endfacet
  facet normal 0 -0 -1
    outer loop
      vertex 3.68089 -0.369598 0
      vertex 4.72844 -1.47099 0
      vertex 2.35503 -0.971405 0
    endloop
  endfacet
  facet normal 0 0 -1
    outer loop
      vertex 4.72844 -1.47099 0
      vertex 3.68089 -0.369598 0
      vertex 3.7494 -0.380569 0
    endloop
  endfacet
  facet normal -0 0 -1
    outer loop
      vertex 3.68089 -0.369598 0
      vertex 2.35503 -0.971405 0
      vertex 3.6147 -0.355499 0
    endloop
  endfacet
  facet normal 0 -0 -1
    outer loop
      vertex 2.40056 -0.880051 0
      vertex 3.6147 -0.355499 0
      vertex 2.35503 -0.971405 0
    endloop
  endfacet
  facet normal -0 0 -1
    outer loop
      vertex 3.55086 -0.338257 0
      vertex 2.40056 -0.880051 0
      vertex 3.48933 -0.317886 0
    endloop
  endfacet
  facet normal 0 -0 -1
    outer loop
      vertex 2.43781 -0.78215 0
      vertex 3.48933 -0.317886 0
      vertex 2.40056 -0.880051 0
    endloop
  endfacet
  facet normal -0 0 -1
    outer loop
      vertex 3.48933 -0.317886 0
      vertex 2.43781 -0.78215 0
      vertex 3.43013 -0.294373 0
    endloop
  endfacet
  facet normal 0 -0 -1
    outer loop
      vertex 2.46678 -0.677734 0
      vertex 3.43013 -0.294373 0
      vertex 2.43781 -0.78215 0
    endloop
  endfacet
  facet normal -0 0 -1
    outer loop
      vertex 3.37328 -0.267731 0
      vertex 2.46678 -0.677734 0
      vertex 3.31902 -0.23822 0
    endloop
  endfacet
  facet normal 0 -0 -1
    outer loop
      vertex 2.48747 -0.566772 0
      vertex 3.31902 -0.23822 0
      vertex 2.46678 -0.677734 0
    endloop
  endfacet
  facet normal -0 0 -1
    outer loop
      vertex 3.31902 -0.23822 0
      vertex 2.48747 -0.566772 0
      vertex 3.26762 -0.206116 0
    endloop
  endfacet
  facet normal 0 -0 -1
    outer loop
      vertex 2.49989 -0.449265 0
      vertex 3.21909 -0.171402 0
      vertex 2.48747 -0.566772 0
    endloop
  endfacet
  facet normal -0 0 -1
    outer loop
      vertex 3.21909 -0.171402 0
      vertex 2.49989 -0.449265 0
      vertex 3.17343 -0.134094 0
    endloop
  endfacet
  facet normal -0 0 -1
    outer loop
      vertex 3.17343 -0.134094 0
      vertex 2.49989 -0.449265 0
      vertex 3.13063 -0.0941925 0
    endloop
  endfacet
  facet normal -0 0 -1
    outer loop
      vertex 2.85522 0.553879 0
      vertex 2.50403 -0.325226 0
      vertex 2.85356 0.618683 0
    endloop
  endfacet
  facet normal -0 0 -1
    outer loop
      vertex 2.86021 0.490631 0
      vertex 2.50403 -0.325226 0
      vertex 2.85522 0.553879 0
    endloop
  endfacet
  facet normal -0 0 -1
    outer loop
      vertex 2.86852 0.42894 0
      vertex 2.50403 -0.325226 0
      vertex 2.86021 0.490631 0
    endloop
  endfacet
  facet normal -0 0 -1
    outer loop
      vertex 2.88014 0.368805 0
      vertex 2.50403 -0.325226 0
      vertex 2.86852 0.42894 0
    endloop
  endfacet
  facet normal -0 0 -1
    outer loop
      vertex 2.8951 0.310211 0
      vertex 2.50403 -0.325226 0
      vertex 2.88014 0.368805 0
    endloop
  endfacet
  facet normal -0 0 -1
    outer loop
      vertex 2.91336 0.253174 0
      vertex 2.50403 -0.325226 0
      vertex 2.8951 0.310211 0
    endloop
  endfacet
  facet normal -0 0 -1
    outer loop
      vertex 2.93497 0.197693 0
      vertex 2.50403 -0.325226 0
      vertex 2.91336 0.253174 0
    endloop
  endfacet
  facet normal -0 0 -1
    outer loop
      vertex 2.95988 0.143768 0
      vertex 2.50403 -0.325226 0
      vertex 2.93497 0.197693 0
    endloop
  endfacet
  facet normal -0 0 -1
    outer loop
      vertex 3.13063 -0.0941925 0
      vertex 2.50403 -0.325226 0
      vertex 3.09071 -0.0516968 0
    endloop
  endfacet
  facet normal -0 0 -1
    outer loop
      vertex 2.98813 0.0913849 0
      vertex 2.50403 -0.325226 0
      vertex 2.95988 0.143768 0
    endloop
  endfacet
  facet normal -0 0 -1
    outer loop
      vertex 3.01945 0.0410919 0
      vertex 2.50403 -0.325226 0
      vertex 2.98813 0.0913849 0
    endloop
  endfacet
  facet normal -0 0 -1
    outer loop
      vertex 3.05365 -0.0065918 0
      vertex 2.50403 -0.325226 0
      vertex 3.01945 0.0410919 0
    endloop
  endfacet
  facet normal -0 0 -1
    outer loop
      vertex 3.09071 -0.0516968 0
      vertex 2.50403 -0.325226 0
      vertex 3.05365 -0.0065918 0
    endloop
  endfacet
  facet normal 0 -0 -1
    outer loop
      vertex 2.50403 -0.325226 0
      vertex 3.13063 -0.0941925 0
      vertex 2.49989 -0.449265 0
    endloop
  endfacet
  facet normal -0 0 -1
    outer loop
      vertex 3.26762 -0.206116 0
      vertex 2.48747 -0.566772 0
      vertex 3.21909 -0.171402 0
    endloop
  endfacet
  facet normal -0 0 -1
    outer loop
      vertex 3.43013 -0.294373 0
      vertex 2.46678 -0.677734 0
      vertex 3.37328 -0.267731 0
    endloop
  endfacet
  facet normal -0 0 -1
    outer loop
      vertex 3.6147 -0.355499 0
      vertex 2.40056 -0.880051 0
      vertex 3.55086 -0.338257 0
    endloop
  endfacet
  facet normal 0 0 -1
    outer loop
      vertex 4.72844 -1.47099 0
      vertex 2.16876 -1.20625 0
      vertex 2.23914 -1.13451 0
    endloop
  endfacet
  facet normal 0 0 -1
    outer loop
      vertex 4.72844 -1.47099 0
      vertex 2.09061 -1.27092 0
      vertex 2.16876 -1.20625 0
    endloop
  endfacet
  facet normal 0 0 -1
    outer loop
      vertex 4.72844 -1.47099 0
      vertex 2.00514 -1.32799 0
      vertex 2.09061 -1.27092 0
    endloop
  endfacet
  facet normal 0 0 -1
    outer loop
      vertex 5.6 -5 0
      vertex 1.91235 -1.37744 0
      vertex 2.00514 -1.32799 0
    endloop
  endfacet
  facet normal 0 0 -1
    outer loop
      vertex 5.6 -5 0
      vertex 1.81226 -1.41928 0
      vertex 1.91235 -1.37744 0
    endloop
  endfacet
  facet normal 0 0 -1
    outer loop
      vertex 5.6 -5 0
      vertex 1.70483 -1.45352 0
      vertex 1.81226 -1.41928 0
    endloop
  endfacet
  facet normal 0 0 -1
    outer loop
      vertex 5.6 -5 0
      vertex 1.5901 -1.48015 0
      vertex 1.70483 -1.45352 0
    endloop
  endfacet
  facet normal 0 0 -1
    outer loop
      vertex 5.6 -5 0
      vertex 1.46806 -1.49916 0
      vertex 1.5901 -1.48015 0
    endloop
  endfacet
  facet normal 0 0 -1
    outer loop
      vertex 5.6 -5 0
      vertex 1.33871 -1.51057 0
      vertex 1.46806 -1.49916 0
    endloop
  endfacet
  facet normal 0 0 -1
    outer loop
      vertex 5.6 -5 0
      vertex 1.20206 -1.51439 0
      vertex 1.33871 -1.51057 0
    endloop
  endfacet
  facet normal 0 0 -1
    outer loop
      vertex 5.6 -5 0
      vertex 1.06099 -1.51044 0
      vertex 1.20206 -1.51439 0
    endloop
  endfacet
  facet normal 0 0 -1
    outer loop
      vertex 5.6 -5 0
      vertex 0.927124 -1.49858 0
      vertex 1.06099 -1.51044 0
    endloop
  endfacet
  facet normal 0 0 -1
    outer loop
      vertex -0.660721 -1.47099 0
      vertex 0.927124 -1.49858 0
      vertex 5.6 -5 0
    endloop
  endfacet
  facet normal 0 0 -1
    outer loop
      vertex 0.927124 -1.49858 0
      vertex -0.660721 -1.47099 0
      vertex 0.800476 -1.47882 0
    endloop
  endfacet
  facet normal 0 0 -1
    outer loop
      vertex 0.800476 -1.47882 0
      vertex -0.660721 -1.47099 0
      vertex 0.68103 -1.45116 0
    endloop
  endfacet
  facet normal -0 0 -1
    outer loop
      vertex 0.68103 -1.45116 0
      vertex -0.660721 -1.47099 0
      vertex 0.568787 -1.4156 0
    endloop
  endfacet
  facet normal -0 0 -1
    outer loop
      vertex 0.568787 -1.4156 0
      vertex -0.660721 -1.47099 0
      vertex 0.46376 -1.37213 0
    endloop
  endfacet
  facet normal -0 0 -1
    outer loop
      vertex 0.46376 -1.37213 0
      vertex -0.660721 -1.47099 0
      vertex 0.365936 -1.32077 0
    endloop
  endfacet
  facet normal 0 0 -1
    outer loop
      vertex -0.660721 1.58653 0
      vertex -0.167221 -0.292694 0
      vertex -0.660721 -1.47099 0
    endloop
  endfacet
  facet normal -0 0 -1
    outer loop
      vertex -0.162781 -0.418701 0
      vertex -0.660721 -1.47099 0
      vertex -0.167221 -0.292694 0
    endloop
  endfacet
  facet normal -0 0 -1
    outer loop
      vertex -0.149475 -0.538254 0
      vertex -0.660721 -1.47099 0
      vertex -0.162781 -0.418701 0
    endloop
  endfacet
  facet normal -0 0 -1
    outer loop
      vertex -0.127304 -0.651352 0
      vertex -0.660721 -1.47099 0
      vertex -0.149475 -0.538254 0
    endloop
  endfacet
  facet normal -0 0 -1
    outer loop
      vertex -0.0962677 -0.75798 0
      vertex -0.660721 -1.47099 0
      vertex -0.127304 -0.651352 0
    endloop
  endfacet
  facet normal -0 0 -1
    outer loop
      vertex -0.056366 -0.85817 0
      vertex -0.660721 -1.47099 0
      vertex -0.0962677 -0.75798 0
    endloop
  endfacet
  facet normal -0 0 -1
    outer loop
      vertex -0.00759888 -0.951889 0
      vertex -0.660721 -1.47099 0
      vertex -0.056366 -0.85817 0
    endloop
  endfacet
  facet normal -0 0 -1
    outer loop
      vertex 0.0500183 -1.03915 0
      vertex -0.660721 -1.47099 0
      vertex -0.00759888 -0.951889 0
    endloop
  endfacet
  facet normal -0 0 -1
    outer loop
      vertex 0.116531 -1.11996 0
      vertex -0.660721 -1.47099 0
      vertex 0.0500183 -1.03915 0
    endloop
  endfacet
  facet normal -0 0 -1
    outer loop
      vertex 0.19191 -1.19432 0
      vertex -0.660721 -1.47099 0
      vertex 0.116531 -1.11996 0
    endloop
  endfacet
  facet normal -0 0 -1
    outer loop
      vertex 0.275314 -1.26149 0
      vertex -0.660721 -1.47099 0
      vertex 0.19191 -1.19432 0
    endloop
  endfacet
  facet normal -0 0 -1
    outer loop
      vertex 0.365936 -1.32077 0
      vertex -0.660721 -1.47099 0
      vertex 0.275314 -1.26149 0
    endloop
  endfacet
  facet normal 0 0 -1
    outer loop
      vertex -5.6 -5 0
      vertex -0.660721 -1.47099 0
      vertex 5.6 -5 0
    endloop
  endfacet
  facet normal 0 0 -1
    outer loop
      vertex -2.94139 -1.47099 0
      vertex -3.31195 -1.47099 0
      vertex -2.94139 -0.976242 0
    endloop
  endfacet
  facet normal -0 0 -1
    outer loop
      vertex -0.660721 -1.47099 0
      vertex -5.6 -5 0
      vertex -2.94139 -1.47099 0
    endloop
  endfacet
  facet normal -0 0 -1
    outer loop
      vertex -2.94139 -1.47099 0
      vertex -5.6 -5 0
      vertex -3.31195 -1.47099 0
    endloop
  endfacet
  facet normal 0 0 -1
    outer loop
      vertex -5.79603 -4.99037 0
      vertex -5.59262 -1.47099 0
      vertex -5.6 -5 0
    endloop
  endfacet
  facet normal -0 0 -1
    outer loop
      vertex -3.31195 -1.47099 0
      vertex -5.6 -5 0
      vertex -5.59262 -1.47099 0
    endloop
  endfacet
  facet normal -0 0 -1
    outer loop
      vertex 5.79603 4.99037 0
      vertex 5.36861 1.58653 0
      vertex 5.6 5 0
    endloop
  endfacet
  facet normal 0 0 -1
    outer loop
      vertex 3.99496 1.58653 0
      vertex 5.6 5 0
      vertex 5.36861 1.58653 0
    endloop
  endfacet
  facet normal 0 0 -1
    outer loop
      vertex 3.8761 1.5834 0
      vertex 5.6 5 0
      vertex 3.99496 1.58653 0
    endloop
  endfacet
  facet normal 0 0 -1
    outer loop
      vertex 3.76346 1.57405 0
      vertex 5.6 5 0
      vertex 3.8761 1.5834 0
    endloop
  endfacet
  facet normal 0 0 -1
    outer loop
      vertex 3.65706 1.55844 0
      vertex 5.6 5 0
      vertex 3.76346 1.57405 0
    endloop
  endfacet
  facet normal 0 0 -1
    outer loop
      vertex 2.50403 1.58653 0
      vertex 3.65706 1.55844 0
      vertex 3.55692 1.53659 0
    endloop
  endfacet
  facet normal 0 0 -1
    outer loop
      vertex 2.50403 1.58653 0
      vertex 3.55692 1.53659 0
      vertex 3.463 1.5085 0
    endloop
  endfacet
  facet normal 0 0 -1
    outer loop
      vertex 2.50403 1.58653 0
      vertex 3.463 1.5085 0
      vertex 3.37534 1.47417 0
    endloop
  endfacet
  facet normal 0 0 -1
    outer loop
      vertex 2.50403 1.58653 0
      vertex 3.37534 1.47417 0
      vertex 3.29391 1.43359 0
    endloop
  endfacet
  facet normal 0 0 -1
    outer loop
      vertex 2.50403 1.58653 0
      vertex 3.29391 1.43359 0
      vertex 3.21873 1.38678 0
    endloop
  endfacet
  facet normal 0 0 -1
    outer loop
      vertex 2.50403 1.58653 0
      vertex 3.21873 1.38678 0
      vertex 3.14978 1.33372 0
    endloop
  endfacet
  facet normal 0 0 -1
    outer loop
      vertex 2.50403 1.58653 0
      vertex 3.14978 1.33372 0
      vertex 3.08762 1.27496 0
    endloop
  endfacet
  facet normal 0 0 -1
    outer loop
      vertex 2.50403 1.58653 0
      vertex 3.08762 1.27496 0
      vertex 3.03276 1.21103 0
    endloop
  endfacet
  facet normal 0 0 -1
    outer loop
      vertex 2.50403 1.58653 0
      vertex 3.03276 1.21103 0
      vertex 2.98521 1.14192 0
    endloop
  endfacet
  facet normal 0 0 -1
    outer loop
      vertex 2.50403 1.58653 0
      vertex 2.85356 0.618683 0
      vertex 2.50403 -0.325226 0
    endloop
  endfacet
  facet normal 0 0 -1
    outer loop
      vertex 2.85356 0.618683 0
      vertex 2.50403 1.58653 0
      vertex 2.85722 0.718826 0
    endloop
  endfacet
  facet normal 0 0 -1
    outer loop
      vertex 2.85722 0.718826 0
      vertex 2.50403 1.58653 0
      vertex 2.86819 0.813782 0
    endloop
  endfacet
  facet normal 0 0 -1
    outer loop
      vertex 2.86819 0.813782 0
      vertex 2.50403 1.58653 0
      vertex 2.88647 0.90358 0
    endloop
  endfacet
  facet normal 0 0 -1
    outer loop
      vertex 2.88647 0.90358 0
      vertex 2.50403 1.58653 0
      vertex 2.91208 0.988205 0
    endloop
  endfacet
  facet normal 0 0 -1
    outer loop
      vertex 2.50403 1.58653 0
      vertex 2.94499 1.06764 0
      vertex 2.91208 0.988205 0
    endloop
  endfacet
  facet normal 0 0 -1
    outer loop
      vertex 2.50403 1.58653 0
      vertex 2.98521 1.14192 0
      vertex 2.94499 1.06764 0
    endloop
  endfacet
  facet normal 0 0 -1
    outer loop
      vertex 3.65706 1.55844 0
      vertex 2.50403 1.58653 0
      vertex 5.6 5 0
    endloop
  endfacet
  facet normal 0 0 -1
    outer loop
      vertex 1.86388 1.58653 0
      vertex 5.6 5 0
      vertex 2.50403 1.58653 0
    endloop
  endfacet
  facet normal 0 0 -1
    outer loop
      vertex 1.18468 -1.01314 0
      vertex 1.86174 -0.353683 0
      vertex 1.85536 -0.42775 0
    endloop
  endfacet
  facet normal 0 0 -1
    outer loop
      vertex 1.25694 -1.01082 0
      vertex 1.85536 -0.42775 0
      vertex 1.84471 -0.497498 0
    endloop
  endfacet
  facet normal 0 0 -1
    outer loop
      vertex 1.32521 -1.00386 0
      vertex 1.84471 -0.497498 0
      vertex 1.8298 -0.562943 0
    endloop
  endfacet
  facet normal 0 0 -1
    outer loop
      vertex 1.32521 -1.00386 0
      vertex 1.8298 -0.562943 0
      vertex 1.81062 -0.624069 0
    endloop
  endfacet
  facet normal 0 0 -1
    outer loop
      vertex 1.3895 -0.992279 0
      vertex 1.81062 -0.624069 0
      vertex 1.7872 -0.680878 0
    endloop
  endfacet
  facet normal 0 0 -1
    outer loop
      vertex 1.3895 -0.992279 0
      vertex 1.7872 -0.680878 0
      vertex 1.75952 -0.733368 0
    endloop
  endfacet
  facet normal 0 0 -1
    outer loop
      vertex 1.3895 -0.992279 0
      vertex 1.75952 -0.733368 0
      vertex 1.72757 -0.781555 0
    endloop
  endfacet
  facet normal 0 0 -1
    outer loop
      vertex 1.3895 -0.992279 0
      vertex 1.72757 -0.781555 0
      vertex 1.69136 -0.825424 0
    endloop
  endfacet
  facet normal 0 0 -1
    outer loop
      vertex 1.3895 -0.992279 0
      vertex 1.69136 -0.825424 0
      vertex 1.65103 -0.864822 0
    endloop
  endfacet
  facet normal 0 0 -1
    outer loop
      vertex 1.3895 -0.992279 0
      vertex 1.65103 -0.864822 0
      vertex 1.6067 -0.899582 0
    endloop
  endfacet
  facet normal 0 0 -1
    outer loop
      vertex 1.3895 -0.992279 0
      vertex 1.6067 -0.899582 0
      vertex 1.5584 -0.929703 0
    endloop
  endfacet
  facet normal 0 0 -1
    outer loop
      vertex 1.3895 -0.992279 0
      vertex 1.5584 -0.929703 0
      vertex 1.50609 -0.9552 0
    endloop
  endfacet
  facet normal 0 0 -1
    outer loop
      vertex 1.3895 -0.992279 0
      vertex 1.50609 -0.9552 0
      vertex 1.44978 -0.976059 0
    endloop
  endfacet
  facet normal 0 0 -1
    outer loop
      vertex 1.81062 -0.624069 0
      vertex 1.3895 -0.992279 0
      vertex 1.32521 -1.00386 0
    endloop
  endfacet
  facet normal 0 0 -1
    outer loop
      vertex 1.84471 -0.497498 0
      vertex 1.32521 -1.00386 0
      vertex 1.25694 -1.01082 0
    endloop
  endfacet
  facet normal 0 0 -1
    outer loop
      vertex 1.85536 -0.42775 0
      vertex 1.25694 -1.01082 0
      vertex 1.18468 -1.01314 0
    endloop
  endfacet
  facet normal 0 0 -1
    outer loop
      vertex 1.86174 -0.353683 0
      vertex 1.18468 -1.01314 0
      vertex 0.48204 -0.408188 0
    endloop
  endfacet
  facet normal 0 0 -1
    outer loop
      vertex 0.48204 -0.408188 0
      vertex 1.18468 -1.01314 0
      vertex 1.11044 -1.01071 0
    endloop
  endfacet
  facet normal 0 0 -1
    outer loop
      vertex 0.493423 -0.479172 0
      vertex 1.11044 -1.01071 0
      vertex 1.04012 -1.00343 0
    endloop
  endfacet
  facet normal 0 0 -1
    outer loop
      vertex 0.509369 -0.545944 0
      vertex 1.04012 -1.00343 0
      vertex 0.973709 -0.991318 0
    endloop
  endfacet
  facet normal 0 0 -1
    outer loop
      vertex 0.509369 -0.545944 0
      vertex 0.973709 -0.991318 0
      vertex 0.911209 -0.97435 0
    endloop
  endfacet
  facet normal 0 0 -1
    outer loop
      vertex 0.509369 -0.545944 0
      vertex 0.911209 -0.97435 0
      vertex 0.852615 -0.95253 0
    endloop
  endfacet
  facet normal 0 0 -1
    outer loop
      vertex 0.509369 -0.545944 0
      vertex 0.852615 -0.95253 0
      vertex 0.797943 -0.925858 0
    endloop
  endfacet
  facet normal 0 0 -1
    outer loop
      vertex 0.509369 -0.545944 0
      vertex 0.797943 -0.925858 0
      vertex 0.747177 -0.894333 0
    endloop
  endfacet
  facet normal 0 0 -1
    outer loop
      vertex 0.509369 -0.545944 0
      vertex 0.747177 -0.894333 0
      vertex 0.700317 -0.857971 0
    endloop
  endfacet
  facet normal 0 0 -1
    outer loop
      vertex 0.509369 -0.545944 0
      vertex 0.700317 -0.857971 0
      vertex 0.657379 -0.816757 0
    endloop
  endfacet
  facet normal 0 0 -1
    outer loop
      vertex 0.509369 -0.545944 0
      vertex 0.657379 -0.816757 0
      vertex 0.618668 -0.770996 0
    endloop
  endfacet
  facet normal 0 0 -1
    outer loop
      vertex 0.509369 -0.545944 0
      vertex 0.618668 -0.770996 0
      vertex 0.584503 -0.721039 0
    endloop
  endfacet
  facet normal 0 0 -1
    outer loop
      vertex 0.509369 -0.545944 0
      vertex 0.584503 -0.721039 0
      vertex 0.554901 -0.666885 0
    endloop
  endfacet
  facet normal 0 0 -1
    outer loop
      vertex 0.509369 -0.545944 0
      vertex 0.554901 -0.666885 0
      vertex 0.529861 -0.608521 0
    endloop
  endfacet
  facet normal 0 0 -1
    outer loop
      vertex 1.04012 -1.00343 0
      vertex 0.509369 -0.545944 0
      vertex 0.493423 -0.479172 0
    endloop
  endfacet
  facet normal 0 0 -1
    outer loop
      vertex 1.11044 -1.01071 0
      vertex 0.493423 -0.479172 0
      vertex 0.48204 -0.408188 0
    endloop
  endfacet
  facet normal -0 0 -1
    outer loop
      vertex 1.86174 -0.353683 0
      vertex 0.48204 -0.408188 0
      vertex 0.475204 -0.333008 0
    endloop
  endfacet
  facet normal -0 0 -1
    outer loop
      vertex 1.86388 -0.275314 0
      vertex 0.475204 -0.333008 0
      vertex 0.472931 -0.253616 0
    endloop
  endfacet
  facet normal 0 0 -1
    outer loop
      vertex 1.86388 -0.275314 0
      vertex 0.472931 -0.253616 0
      vertex 1.86388 1.58653 0
    endloop
  endfacet
  facet normal 0 0 -1
    outer loop
      vertex 0.472931 1.58653 0
      vertex 1.86388 1.58653 0
      vertex 0.472931 -0.253616 0
    endloop
  endfacet
  facet normal 0 0 -1
    outer loop
      vertex 0.472931 1.58653 0
      vertex 5.6 5 0
      vertex 1.86388 1.58653 0
    endloop
  endfacet
  facet normal 0 0 -1
    outer loop
      vertex -0.167221 1.58653 0
      vertex 5.6 5 0
      vertex 0.472931 1.58653 0
    endloop
  endfacet
  facet normal 0 0 -1
    outer loop
      vertex -0.167221 -0.292694 0
      vertex -0.660721 1.58653 0
      vertex -0.167221 1.58653 0
    endloop
  endfacet
  facet normal 0 0 -1
    outer loop
      vertex -5.6 5 0
      vertex -0.167221 1.58653 0
      vertex -0.660721 1.58653 0
    endloop
  endfacet
  facet normal 0 0 -1
    outer loop
      vertex -5.6 5 0
      vertex -0.660721 1.58653 0
      vertex -1.30089 1.58653 0
    endloop
  endfacet
  facet normal 0 0 -1
    outer loop
      vertex -3.31195 1.58653 0
      vertex -2.94139 -0.976242 0
      vertex -3.31195 -1.47099 0
    endloop
  endfacet
  facet normal 0 0 -1
    outer loop
      vertex -2.94139 -0.976242 0
      vertex -3.31195 1.58653 0
      vertex -1.30089 1.58653 0
    endloop
  endfacet
  facet normal 0 0 -1
    outer loop
      vertex -5.6 5 0
      vertex -1.30089 1.58653 0
      vertex -3.31195 1.58653 0
    endloop
  endfacet
  facet normal 0 0 -1
    outer loop
      vertex -5.6 5 0
      vertex -3.31195 1.58653 0
      vertex -3.9521 1.58653 0
    endloop
  endfacet
  facet normal 0 0 -1
    outer loop
      vertex -0.167221 1.58653 0
      vertex -5.6 5 0
      vertex 5.6 5 0
    endloop
  endfacet
  facet normal 0 0 -1
    outer loop
      vertex -7.6 3 0
      vertex -3.9521 1.58653 0
      vertex -5.59262 -0.976242 0
    endloop
  endfacet
  facet normal -0 0 -1
    outer loop
      vertex -5.59262 -1.47099 0
      vertex -7.6 -3 0
      vertex -5.59262 -0.976242 0
    endloop
  endfacet
  facet normal 0 0 -1
    outer loop
      vertex -5.99018 -4.96157 0
      vertex -5.59262 -1.47099 0
      vertex -5.79603 -4.99037 0
    endloop
  endfacet
  facet normal 0 0 -1
    outer loop
      vertex -7.6 3 0
      vertex -5.59262 -0.976242 0
      vertex -7.6 -3 0
    endloop
  endfacet
  facet normal 0 0 -1
    outer loop
      vertex -6.18057 -4.91388 0
      vertex -5.59262 -1.47099 0
      vertex -5.99018 -4.96157 0
    endloop
  endfacet
  facet normal 0 0 -1
    outer loop
      vertex -3.9521 1.58653 0
      vertex -7.6 3 0
      vertex -5.6 5 0
    endloop
  endfacet
  facet normal 0 0 -1
    outer loop
      vertex -6.36537 -4.84776 0
      vertex -5.59262 -1.47099 0
      vertex -6.18057 -4.91388 0
    endloop
  endfacet
  facet normal 0 0 -1
    outer loop
      vertex -5.6 5 0
      vertex -7.6 3 0
      vertex -5.79603 4.99037 0
    endloop
  endfacet
  facet normal 0 0 -1
    outer loop
      vertex -6.54279 -4.76384 0
      vertex -5.59262 -1.47099 0
      vertex -6.36537 -4.84776 0
    endloop
  endfacet
  facet normal 0 0 -1
    outer loop
      vertex -5.79603 4.99037 0
      vertex -7.6 3 0
      vertex -5.99018 4.96157 0
    endloop
  endfacet
  facet normal 0 0 -1
    outer loop
      vertex -6.71114 -4.66294 0
      vertex -5.59262 -1.47099 0
      vertex -6.54279 -4.76384 0
    endloop
  endfacet
  facet normal 0 0 -1
    outer loop
      vertex -5.99018 4.96157 0
      vertex -7.6 3 0
      vertex -6.18057 4.91388 0
    endloop
  endfacet
  facet normal 0 0 -1
    outer loop
      vertex -6.86879 -4.54602 0
      vertex -5.59262 -1.47099 0
      vertex -6.71114 -4.66294 0
    endloop
  endfacet
  facet normal 0 0 -1
    outer loop
      vertex -6.18057 4.91388 0
      vertex -7.6 3 0
      vertex -6.36537 4.84776 0
    endloop
  endfacet
  facet normal 0 0 -1
    outer loop
      vertex -7.01421 -4.41421 0
      vertex -5.59262 -1.47099 0
      vertex -6.86879 -4.54602 0
    endloop
  endfacet
  facet normal 0 0 -1
    outer loop
      vertex -6.36537 4.84776 0
      vertex -7.6 3 0
      vertex -6.54279 4.76384 0
    endloop
  endfacet
  facet normal 0 0 -1
    outer loop
      vertex -7.14602 -4.26879 0
      vertex -5.59262 -1.47099 0
      vertex -7.01421 -4.41421 0
    endloop
  endfacet
  facet normal 0 0 -1
    outer loop
      vertex -6.54279 4.76384 0
      vertex -7.6 3 0
      vertex -6.71114 4.66294 0
    endloop
  endfacet
  facet normal 0 0 -1
    outer loop
      vertex -7.26294 -4.11114 0
      vertex -5.59262 -1.47099 0
      vertex -7.14602 -4.26879 0
    endloop
  endfacet
  facet normal 0 0 -1
    outer loop
      vertex -6.71114 4.66294 0
      vertex -7.6 3 0
      vertex -6.86879 4.54602 0
    endloop
  endfacet
  facet normal 0 0 -1
    outer loop
      vertex -7.36384 -3.94279 0
      vertex -5.59262 -1.47099 0
      vertex -7.26294 -4.11114 0
    endloop
  endfacet
  facet normal 0 0 -1
    outer loop
      vertex -6.86879 4.54602 0
      vertex -7.6 3 0
      vertex -7.01421 4.41421 0
    endloop
  endfacet
  facet normal 0 0 -1
    outer loop
      vertex -7.44776 -3.76537 0
      vertex -5.59262 -1.47099 0
      vertex -7.36384 -3.94279 0
    endloop
  endfacet
  facet normal 0 0 -1
    outer loop
      vertex -7.01421 4.41421 0
      vertex -7.6 3 0
      vertex -7.14602 4.26879 0
    endloop
  endfacet
  facet normal 0 0 -1
    outer loop
      vertex -7.51388 -3.58057 0
      vertex -5.59262 -1.47099 0
      vertex -7.44776 -3.76537 0
    endloop
  endfacet
  facet normal 0 0 -1
    outer loop
      vertex -7.14602 4.26879 0
      vertex -7.6 3 0
      vertex -7.26294 4.11114 0
    endloop
  endfacet
  facet normal 0 0 -1
    outer loop
      vertex -7.56157 -3.39018 0
      vertex -5.59262 -1.47099 0
      vertex -7.51388 -3.58057 0
    endloop
  endfacet
  facet normal 0 0 -1
    outer loop
      vertex -7.26294 4.11114 0
      vertex -7.6 3 0
      vertex -7.36384 3.94279 0
    endloop
  endfacet
  facet normal 0 0 -1
    outer loop
      vertex -7.59037 -3.19603 0
      vertex -5.59262 -1.47099 0
      vertex -7.56157 -3.39018 0
    endloop
  endfacet
  facet normal 0 0 -1
    outer loop
      vertex -7.36384 3.94279 0
      vertex -7.6 3 0
      vertex -7.44776 3.76537 0
    endloop
  endfacet
  facet normal 0 0 -1
    outer loop
      vertex -5.59262 -1.47099 0
      vertex -7.59037 -3.19603 0
      vertex -7.6 -3 0
    endloop
  endfacet
  facet normal 0 0 -1
    outer loop
      vertex -7.44776 3.76537 0
      vertex -7.6 3 0
      vertex -7.51388 3.58057 0
    endloop
  endfacet
  facet normal 0 0 -1
    outer loop
      vertex -7.51388 3.58057 0
      vertex -7.6 3 0
      vertex -7.56157 3.39018 0
    endloop
  endfacet
  facet normal 0 0 -1
    outer loop
      vertex -7.56157 3.39018 0
      vertex -7.6 3 0
      vertex -7.59037 3.19603 0
    endloop
  endfacet
  facet normal 0 0 -1
    outer loop
      vertex 4.72844 0.0978851 0
      vertex 4.06659 1.0896 0
      vertex 4.72844 1.0896 0
    endloop
  endfacet
  facet normal 0 0 -1
    outer loop
      vertex 4.04924 0.0978851 0
      vertex 4.06659 1.0896 0
      vertex 4.72844 0.0978851 0
    endloop
  endfacet
  facet normal 0 0 -1
    outer loop
      vertex 3.99191 0.0995026 0
      vertex 4.06659 1.0896 0
      vertex 4.04924 0.0978851 0
    endloop
  endfacet
  facet normal 0 0 -1
    outer loop
      vertex 3.99191 0.0995026 0
      vertex 3.94727 1.08365 0
      vertex 4.06659 1.0896 0
    endloop
  endfacet
  facet normal 0 0 -1
    outer loop
      vertex 3.93758 0.10437 0
      vertex 3.94727 1.08365 0
      vertex 3.99191 0.0995026 0
    endloop
  endfacet
  facet normal 0 0 -1
    outer loop
      vertex 3.88625 0.112473 0
      vertex 3.94727 1.08365 0
      vertex 3.93758 0.10437 0
    endloop
  endfacet
  facet normal 0 0 -1
    outer loop
      vertex 3.49982 0.554306 0
      vertex 3.94727 1.08365 0
      vertex 3.88625 0.112473 0
    endloop
  endfacet
  facet normal 0 0 -1
    outer loop
      vertex 3.49982 0.554306 0
      vertex 3.88625 0.112473 0
      vertex 3.83792 0.123825 0
    endloop
  endfacet
  facet normal 0 0 -1
    outer loop
      vertex 3.50511 0.503632 0
      vertex 3.83792 0.123825 0
      vertex 3.79259 0.138412 0
    endloop
  endfacet
  facet normal 0 0 -1
    outer loop
      vertex 3.49805 0.607834 0
      vertex 3.94727 1.08365 0
      vertex 3.49982 0.554306 0
    endloop
  endfacet
  facet normal 0 0 -1
    outer loop
      vertex 3.51396 0.455826 0
      vertex 3.79259 0.138412 0
      vertex 3.75026 0.156235 0
    endloop
  endfacet
  facet normal 0 0 -1
    outer loop
      vertex 3.52634 0.410889 0
      vertex 3.75026 0.156235 0
      vertex 3.71094 0.177307 0
    endloop
  endfacet
  facet normal 0 0 -1
    outer loop
      vertex 3.52634 0.410889 0
      vertex 3.71094 0.177307 0
      vertex 3.67461 0.20163 0
    endloop
  endfacet
  facet normal 0 0 -1
    outer loop
      vertex 3.94727 1.08365 0
      vertex 3.49805 0.607834 0
      vertex 3.84198 1.06581 0
    endloop
  endfacet
  facet normal 0 0 -1
    outer loop
      vertex 3.52634 0.410889 0
      vertex 3.67461 0.20163 0
      vertex 3.64128 0.229187 0
    endloop
  endfacet
  facet normal 0 0 -1
    outer loop
      vertex 3.52634 0.410889 0
      vertex 3.64128 0.229187 0
      vertex 3.61122 0.259796 0
    endloop
  endfacet
  facet normal 0 -0 -1
    outer loop
      vertex 3.50507 0.708954 0
      vertex 3.84198 1.06581 0
      vertex 3.49805 0.607834 0
    endloop
  endfacet
  facet normal 0 0 -1
    outer loop
      vertex 3.52634 0.410889 0
      vertex 3.61122 0.259796 0
      vertex 3.58469 0.293274 0
    endloop
  endfacet
  facet normal 0 0 -1
    outer loop
      vertex 3.54225 0.36882 0
      vertex 3.58469 0.293274 0
      vertex 3.56171 0.329605 0
    endloop
  endfacet
  facet normal 0 0 -1
    outer loop
      vertex 3.84198 1.06581 0
      vertex 3.50507 0.708954 0
      vertex 3.75073 1.03607 0
    endloop
  endfacet
  facet normal 0 0 -1
    outer loop
      vertex 3.52634 0.410889 0
      vertex 3.58469 0.293274 0
      vertex 3.54225 0.36882 0
    endloop
  endfacet
  facet normal 0 0 -1
    outer loop
      vertex 3.75026 0.156235 0
      vertex 3.52634 0.410889 0
      vertex 3.51396 0.455826 0
    endloop
  endfacet
  facet normal 0 -0 -1
    outer loop
      vertex 3.52612 0.798172 0
      vertex 3.75073 1.03607 0
      vertex 3.50507 0.708954 0
    endloop
  endfacet
  facet normal 0 0 -1
    outer loop
      vertex 3.79259 0.138412 0
      vertex 3.51396 0.455826 0
      vertex 3.50511 0.503632 0
    endloop
  endfacet
  facet normal 0 0 -1
    outer loop
      vertex 3.83792 0.123825 0
      vertex 3.50511 0.503632 0
      vertex 3.49982 0.554306 0
    endloop
  endfacet
  facet normal 0 0 -1
    outer loop
      vertex 3.75073 1.03607 0
      vertex 3.52612 0.798172 0
      vertex 3.67352 0.994431 0
    endloop
  endfacet
  facet normal 0 0 -1
    outer loop
      vertex 3.67352 0.994431 0
      vertex 3.52612 0.798172 0
      vertex 3.61035 0.940903 0
    endloop
  endfacet
  facet normal 0 0 -1
    outer loop
      vertex 3.61035 0.940903 0
      vertex 3.52612 0.798172 0
      vertex 3.56122 0.875488 0
    endloop
  endfacet
  facet normal -0.998796 -0.049066 0
    outer loop
      vertex -7.59037 -3.19603 0
      vertex -7.6 -3 3.55
      vertex -7.6 -3 0
    endloop
  endfacet
  facet normal -0.998796 -0.049066 0
    outer loop
      vertex -7.6 -3 3.55
      vertex -7.59037 -3.19603 0
      vertex -7.59037 -3.19603 3.55
    endloop
  endfacet
  facet normal -1 0 0
    outer loop
      vertex -7.6 -3 0
      vertex -7.6 3 3.55
      vertex -7.6 3 0
    endloop
  endfacet
  facet normal -1 -0 0
    outer loop
      vertex -7.6 3 3.55
      vertex -7.6 -3 0
      vertex -7.6 -3 3.55
    endloop
  endfacet
  facet normal -0.514084 -0.85774 0
    outer loop
      vertex -6.71114 -4.66294 0
      vertex -6.54279 -4.76384 3.55
      vertex -6.71114 -4.66294 3.55
    endloop
  endfacet
  facet normal -0.514084 -0.85774 -0
    outer loop
      vertex -6.54279 -4.76384 3.55
      vertex -6.71114 -4.66294 0
      vertex -6.54279 -4.76384 0
    endloop
  endfacet
  facet normal -0.740928 -0.671584 0
    outer loop
      vertex -7.01421 -4.41421 0
      vertex -7.14602 -4.26879 3.55
      vertex -7.14602 -4.26879 0
    endloop
  endfacet
  facet normal -0.740928 -0.671584 0
    outer loop
      vertex -7.14602 -4.26879 3.55
      vertex -7.01421 -4.41421 0
      vertex -7.01421 -4.41421 3.55
    endloop
  endfacet
  facet normal -0.671584 -0.740928 0
    outer loop
      vertex -7.01421 -4.41421 0
      vertex -6.86879 -4.54602 3.55
      vertex -7.01421 -4.41421 3.55
    endloop
  endfacet
  facet normal -0.671584 -0.740928 -0
    outer loop
      vertex -6.86879 -4.54602 3.55
      vertex -7.01421 -4.41421 0
      vertex -6.86879 -4.54602 0
    endloop
  endfacet
  facet normal 0 1 -0
    outer loop
      vertex 5.6 5 0
      vertex -5.6 5 3.55
      vertex 5.6 5 3.55
    endloop
  endfacet
  facet normal 0 1 0
    outer loop
      vertex -5.6 5 3.55
      vertex 5.6 5 0
      vertex -5.6 5 0
    endloop
  endfacet
  facet normal 0.049066 0.998796 -0
    outer loop
      vertex 5.79603 4.99037 0
      vertex 5.6 5 3.55
      vertex 5.79603 4.99037 3.55
    endloop
  endfacet
  facet normal 0.049066 0.998796 0
    outer loop
      vertex 5.6 5 3.55
      vertex 5.79603 4.99037 0
      vertex 5.6 5 0
    endloop
  endfacet
  facet normal -0.146733 0.989176 0
    outer loop
      vertex -5.79603 4.99037 0
      vertex -5.99018 4.96157 3.55
      vertex -5.79603 4.99037 3.55
    endloop
  endfacet
  facet normal -0.146733 0.989176 0
    outer loop
      vertex -5.99018 4.96157 3.55
      vertex -5.79603 4.99037 0
      vertex -5.99018 4.96157 0
    endloop
  endfacet
  facet normal -0.049066 0.998796 0
    outer loop
      vertex -5.6 5 0
      vertex -5.79603 4.99037 3.55
      vertex -5.6 5 3.55
    endloop
  endfacet
  facet normal -0.049066 0.998796 0
    outer loop
      vertex -5.79603 4.99037 3.55
      vertex -5.6 5 0
      vertex -5.79603 4.99037 0
    endloop
  endfacet
  facet normal -0.336879 0.941548 0
    outer loop
      vertex -6.18057 4.91388 0
      vertex -6.36537 4.84776 3.55
      vertex -6.18057 4.91388 3.55
    endloop
  endfacet
  facet normal -0.336879 0.941548 0
    outer loop
      vertex -6.36537 4.84776 3.55
      vertex -6.18057 4.91388 0
      vertex -6.36537 4.84776 0
    endloop
  endfacet
  facet normal -0.427583 -0.903976 0
    outer loop
      vertex -6.54279 -4.76384 0
      vertex -6.36537 -4.84776 3.55
      vertex -6.54279 -4.76384 3.55
    endloop
  endfacet
  facet normal -0.427583 -0.903976 -0
    outer loop
      vertex -6.36537 -4.84776 3.55
      vertex -6.54279 -4.76384 0
      vertex -6.36537 -4.84776 0
    endloop
  endfacet
  facet normal -0.336879 -0.941548 0
    outer loop
      vertex -6.36537 -4.84776 0
      vertex -6.18057 -4.91388 3.55
      vertex -6.36537 -4.84776 3.55
    endloop
  endfacet
  facet normal -0.336879 -0.941548 -0
    outer loop
      vertex -6.18057 -4.91388 3.55
      vertex -6.36537 -4.84776 0
      vertex -6.18057 -4.91388 0
    endloop
  endfacet
  facet normal 0.427583 -0.903976 0
    outer loop
      vertex 6.36537 -4.84776 0
      vertex 6.54279 -4.76384 3.55
      vertex 6.36537 -4.84776 3.55
    endloop
  endfacet
  facet normal 0.427583 -0.903976 0
    outer loop
      vertex 6.54279 -4.76384 3.55
      vertex 6.36537 -4.84776 0
      vertex 6.54279 -4.76384 0
    endloop
  endfacet
  facet normal 0 -1 0
    outer loop
      vertex -5.6 -5 0
      vertex 5.6 -5 3.55
      vertex -5.6 -5 3.55
    endloop
  endfacet
  facet normal 0 -1 -0
    outer loop
      vertex 5.6 -5 3.55
      vertex -5.6 -5 0
      vertex 5.6 -5 0
    endloop
  endfacet
  facet normal 1 -0 0
    outer loop
      vertex 7.6 -3 3.55
      vertex 7.6 3 0
      vertex 7.6 3 3.55
    endloop
  endfacet
  facet normal 1 0 0
    outer loop
      vertex 7.6 3 0
      vertex 7.6 -3 3.55
      vertex 7.6 -3 0
    endloop
  endfacet
  facet normal 0.903976 -0.427583 0
    outer loop
      vertex 7.36384 -3.94279 3.55
      vertex 7.44776 -3.76537 0
      vertex 7.44776 -3.76537 3.55
    endloop
  endfacet
  facet normal 0.903976 -0.427583 0
    outer loop
      vertex 7.44776 -3.76537 0
      vertex 7.36384 -3.94279 3.55
      vertex 7.36384 -3.94279 0
    endloop
  endfacet
  facet normal 0.85774 -0.514084 0
    outer loop
      vertex 7.26294 -4.11114 3.55
      vertex 7.36384 -3.94279 0
      vertex 7.36384 -3.94279 3.55
    endloop
  endfacet
  facet normal 0.85774 -0.514084 0
    outer loop
      vertex 7.36384 -3.94279 0
      vertex 7.26294 -4.11114 3.55
      vertex 7.26294 -4.11114 0
    endloop
  endfacet
  facet normal 0.740928 -0.671584 0
    outer loop
      vertex 7.01421 -4.41421 3.55
      vertex 7.14602 -4.26879 0
      vertex 7.14602 -4.26879 3.55
    endloop
  endfacet
  facet normal 0.740928 -0.671584 0
    outer loop
      vertex 7.14602 -4.26879 0
      vertex 7.01421 -4.41421 3.55
      vertex 7.01421 -4.41421 0
    endloop
  endfacet
  facet normal 0.80321 -0.595695 0
    outer loop
      vertex 7.14602 -4.26879 3.55
      vertex 7.26294 -4.11114 0
      vertex 7.26294 -4.11114 3.55
    endloop
  endfacet
  facet normal 0.80321 -0.595695 0
    outer loop
      vertex 7.26294 -4.11114 0
      vertex 7.14602 -4.26879 3.55
      vertex 7.14602 -4.26879 0
    endloop
  endfacet
  facet normal 0.514084 -0.85774 0
    outer loop
      vertex 6.54279 -4.76384 0
      vertex 6.71114 -4.66294 3.55
      vertex 6.54279 -4.76384 3.55
    endloop
  endfacet
  facet normal 0.514084 -0.85774 0
    outer loop
      vertex 6.71114 -4.66294 3.55
      vertex 6.54279 -4.76384 0
      vertex 6.71114 -4.66294 0
    endloop
  endfacet
  facet normal -0.595695 0.80321 0
    outer loop
      vertex -6.71114 4.66294 0
      vertex -6.86879 4.54602 3.55
      vertex -6.71114 4.66294 3.55
    endloop
  endfacet
  facet normal -0.595695 0.80321 0
    outer loop
      vertex -6.86879 4.54602 3.55
      vertex -6.71114 4.66294 0
      vertex -6.86879 4.54602 0
    endloop
  endfacet
  facet normal -0.595695 -0.80321 0
    outer loop
      vertex -6.86879 -4.54602 0
      vertex -6.71114 -4.66294 3.55
      vertex -6.86879 -4.54602 3.55
    endloop
  endfacet
  facet normal -0.595695 -0.80321 -0
    outer loop
      vertex -6.71114 -4.66294 3.55
      vertex -6.86879 -4.54602 0
      vertex -6.71114 -4.66294 0
    endloop
  endfacet
  facet normal -0.242979 0.970032 0
    outer loop
      vertex -5.99018 4.96157 0
      vertex -6.18057 4.91388 3.55
      vertex -5.99018 4.96157 3.55
    endloop
  endfacet
  facet normal -0.242979 0.970032 0
    outer loop
      vertex -6.18057 4.91388 3.55
      vertex -5.99018 4.96157 0
      vertex -6.18057 4.91388 0
    endloop
  endfacet
  facet normal 0.903976 0.427583 0
    outer loop
      vertex 7.44776 3.76537 3.55
      vertex 7.36384 3.94279 0
      vertex 7.36384 3.94279 3.55
    endloop
  endfacet
  facet normal 0.903976 0.427583 0
    outer loop
      vertex 7.36384 3.94279 0
      vertex 7.44776 3.76537 3.55
      vertex 7.44776 3.76537 0
    endloop
  endfacet
  facet normal 0.989176 0.146733 0
    outer loop
      vertex 7.59037 3.19603 3.55
      vertex 7.56157 3.39018 0
      vertex 7.56157 3.39018 3.55
    endloop
  endfacet
  facet normal 0.989176 0.146733 0
    outer loop
      vertex 7.56157 3.39018 0
      vertex 7.59037 3.19603 3.55
      vertex 7.59037 3.19603 0
    endloop
  endfacet
  facet normal 0.941548 0.336879 0
    outer loop
      vertex 7.51388 3.58057 3.55
      vertex 7.44776 3.76537 0
      vertex 7.44776 3.76537 3.55
    endloop
  endfacet
  facet normal 0.941548 0.336879 0
    outer loop
      vertex 7.44776 3.76537 0
      vertex 7.51388 3.58057 3.55
      vertex 7.51388 3.58057 0
    endloop
  endfacet
  facet normal 0.998796 0.049066 0
    outer loop
      vertex 7.6 3 3.55
      vertex 7.59037 3.19603 0
      vertex 7.59037 3.19603 3.55
    endloop
  endfacet
  facet normal 0.998796 0.049066 0
    outer loop
      vertex 7.59037 3.19603 0
      vertex 7.6 3 3.55
      vertex 7.6 3 0
    endloop
  endfacet
  facet normal -0.242979 -0.970032 0
    outer loop
      vertex -6.18057 -4.91388 0
      vertex -5.99018 -4.96157 3.55
      vertex -6.18057 -4.91388 3.55
    endloop
  endfacet
  facet normal -0.242979 -0.970032 -0
    outer loop
      vertex -5.99018 -4.96157 3.55
      vertex -6.18057 -4.91388 0
      vertex -5.99018 -4.96157 0
    endloop
  endfacet
  facet normal 0.336879 -0.941548 0
    outer loop
      vertex 6.18057 -4.91388 0
      vertex 6.36537 -4.84776 3.55
      vertex 6.18057 -4.91388 3.55
    endloop
  endfacet
  facet normal 0.336879 -0.941548 0
    outer loop
      vertex 6.36537 -4.84776 3.55
      vertex 6.18057 -4.91388 0
      vertex 6.36537 -4.84776 0
    endloop
  endfacet
  facet normal 0.049066 -0.998796 0
    outer loop
      vertex 5.6 -5 0
      vertex 5.79603 -4.99037 3.55
      vertex 5.6 -5 3.55
    endloop
  endfacet
  facet normal 0.049066 -0.998796 0
    outer loop
      vertex 5.79603 -4.99037 3.55
      vertex 5.6 -5 0
      vertex 5.79603 -4.99037 0
    endloop
  endfacet
  facet normal 0.941548 -0.336879 0
    outer loop
      vertex 7.44776 -3.76537 3.55
      vertex 7.51388 -3.58057 0
      vertex 7.51388 -3.58057 3.55
    endloop
  endfacet
  facet normal 0.941548 -0.336879 0
    outer loop
      vertex 7.51388 -3.58057 0
      vertex 7.44776 -3.76537 3.55
      vertex 7.44776 -3.76537 0
    endloop
  endfacet
  facet normal 0.671584 -0.740928 0
    outer loop
      vertex 6.86879 -4.54602 0
      vertex 7.01421 -4.41421 3.55
      vertex 6.86879 -4.54602 3.55
    endloop
  endfacet
  facet normal 0.671584 -0.740928 0
    outer loop
      vertex 7.01421 -4.41421 3.55
      vertex 6.86879 -4.54602 0
      vertex 7.01421 -4.41421 0
    endloop
  endfacet
  facet normal -0.514084 0.85774 0
    outer loop
      vertex -6.54279 4.76384 0
      vertex -6.71114 4.66294 3.55
      vertex -6.54279 4.76384 3.55
    endloop
  endfacet
  facet normal -0.514084 0.85774 0
    outer loop
      vertex -6.71114 4.66294 3.55
      vertex -6.54279 4.76384 0
      vertex -6.71114 4.66294 0
    endloop
  endfacet
  facet normal -0.941548 0.336879 0
    outer loop
      vertex -7.51388 3.58057 0
      vertex -7.44776 3.76537 3.55
      vertex -7.44776 3.76537 0
    endloop
  endfacet
  facet normal -0.941548 0.336879 0
    outer loop
      vertex -7.44776 3.76537 3.55
      vertex -7.51388 3.58057 0
      vertex -7.51388 3.58057 3.55
    endloop
  endfacet
  facet normal -0.740928 0.671584 0
    outer loop
      vertex -7.14602 4.26879 0
      vertex -7.01421 4.41421 3.55
      vertex -7.01421 4.41421 0
    endloop
  endfacet
  facet normal -0.740928 0.671584 0
    outer loop
      vertex -7.01421 4.41421 3.55
      vertex -7.14602 4.26879 0
      vertex -7.14602 4.26879 3.55
    endloop
  endfacet
  facet normal -0.80321 -0.595695 0
    outer loop
      vertex -7.14602 -4.26879 0
      vertex -7.26294 -4.11114 3.55
      vertex -7.26294 -4.11114 0
    endloop
  endfacet
  facet normal -0.80321 -0.595695 0
    outer loop
      vertex -7.26294 -4.11114 3.55
      vertex -7.14602 -4.26879 0
      vertex -7.14602 -4.26879 3.55
    endloop
  endfacet
  facet normal -0.903976 -0.427583 0
    outer loop
      vertex -7.36384 -3.94279 0
      vertex -7.44776 -3.76537 3.55
      vertex -7.44776 -3.76537 0
    endloop
  endfacet
  facet normal -0.903976 -0.427583 0
    outer loop
      vertex -7.44776 -3.76537 3.55
      vertex -7.36384 -3.94279 0
      vertex -7.36384 -3.94279 3.55
    endloop
  endfacet
  facet normal -0.941548 -0.336879 0
    outer loop
      vertex -7.44776 -3.76537 0
      vertex -7.51388 -3.58057 3.55
      vertex -7.51388 -3.58057 0
    endloop
  endfacet
  facet normal -0.941548 -0.336879 0
    outer loop
      vertex -7.51388 -3.58057 3.55
      vertex -7.44776 -3.76537 0
      vertex -7.44776 -3.76537 3.55
    endloop
  endfacet
  facet normal -0.970032 -0.242979 0
    outer loop
      vertex -7.51388 -3.58057 0
      vertex -7.56157 -3.39018 3.55
      vertex -7.56157 -3.39018 0
    endloop
  endfacet
  facet normal -0.970032 -0.242979 0
    outer loop
      vertex -7.56157 -3.39018 3.55
      vertex -7.51388 -3.58057 0
      vertex -7.51388 -3.58057 3.55
    endloop
  endfacet
  facet normal 0.427583 0.903976 -0
    outer loop
      vertex 6.54279 4.76384 0
      vertex 6.36537 4.84776 3.55
      vertex 6.54279 4.76384 3.55
    endloop
  endfacet
  facet normal 0.427583 0.903976 0
    outer loop
      vertex 6.36537 4.84776 3.55
      vertex 6.54279 4.76384 0
      vertex 6.36537 4.84776 0
    endloop
  endfacet
  facet normal 0.242979 0.970032 -0
    outer loop
      vertex 6.18057 4.91388 0
      vertex 5.99018 4.96157 3.55
      vertex 6.18057 4.91388 3.55
    endloop
  endfacet
  facet normal 0.242979 0.970032 0
    outer loop
      vertex 5.99018 4.96157 3.55
      vertex 6.18057 4.91388 0
      vertex 5.99018 4.96157 0
    endloop
  endfacet
  facet normal 0.336879 0.941548 -0
    outer loop
      vertex 6.36537 4.84776 0
      vertex 6.18057 4.91388 3.55
      vertex 6.36537 4.84776 3.55
    endloop
  endfacet
  facet normal 0.336879 0.941548 0
    outer loop
      vertex 6.18057 4.91388 3.55
      vertex 6.36537 4.84776 0
      vertex 6.18057 4.91388 0
    endloop
  endfacet
  facet normal 0.146733 0.989176 -0
    outer loop
      vertex 5.99018 4.96157 0
      vertex 5.79603 4.99037 3.55
      vertex 5.99018 4.96157 3.55
    endloop
  endfacet
  facet normal 0.146733 0.989176 0
    outer loop
      vertex 5.79603 4.99037 3.55
      vertex 5.99018 4.96157 0
      vertex 5.79603 4.99037 0
    endloop
  endfacet
  facet normal 0.740928 0.671584 0
    outer loop
      vertex 7.14602 4.26879 3.55
      vertex 7.01421 4.41421 0
      vertex 7.01421 4.41421 3.55
    endloop
  endfacet
  facet normal 0.740928 0.671584 0
    outer loop
      vertex 7.01421 4.41421 0
      vertex 7.14602 4.26879 3.55
      vertex 7.14602 4.26879 0
    endloop
  endfacet
  facet normal 0.80321 0.595695 0
    outer loop
      vertex 7.26294 4.11114 3.55
      vertex 7.14602 4.26879 0
      vertex 7.14602 4.26879 3.55
    endloop
  endfacet
  facet normal 0.80321 0.595695 0
    outer loop
      vertex 7.14602 4.26879 0
      vertex 7.26294 4.11114 3.55
      vertex 7.26294 4.11114 0
    endloop
  endfacet
  facet normal 0.970032 0.242979 0
    outer loop
      vertex 7.56157 3.39018 3.55
      vertex 7.51388 3.58057 0
      vertex 7.51388 3.58057 3.55
    endloop
  endfacet
  facet normal 0.970032 0.242979 0
    outer loop
      vertex 7.51388 3.58057 0
      vertex 7.56157 3.39018 3.55
      vertex 7.56157 3.39018 0
    endloop
  endfacet
  facet normal 0.146733 -0.989176 0
    outer loop
      vertex 5.79603 -4.99037 0
      vertex 5.99018 -4.96157 3.55
      vertex 5.79603 -4.99037 3.55
    endloop
  endfacet
  facet normal 0.146733 -0.989176 0
    outer loop
      vertex 5.99018 -4.96157 3.55
      vertex 5.79603 -4.99037 0
      vertex 5.99018 -4.96157 0
    endloop
  endfacet
  facet normal 0.970032 -0.242979 0
    outer loop
      vertex 7.51388 -3.58057 3.55
      vertex 7.56157 -3.39018 0
      vertex 7.56157 -3.39018 3.55
    endloop
  endfacet
  facet normal 0.970032 -0.242979 0
    outer loop
      vertex 7.56157 -3.39018 0
      vertex 7.51388 -3.58057 3.55
      vertex 7.51388 -3.58057 0
    endloop
  endfacet
  facet normal -0.989176 0.146733 0
    outer loop
      vertex -7.59037 3.19603 0
      vertex -7.56157 3.39018 3.55
      vertex -7.56157 3.39018 0
    endloop
  endfacet
  facet normal -0.989176 0.146733 0
    outer loop
      vertex -7.56157 3.39018 3.55
      vertex -7.59037 3.19603 0
      vertex -7.59037 3.19603 3.55
    endloop
  endfacet
  facet normal -0.970032 0.242979 0
    outer loop
      vertex -7.56157 3.39018 0
      vertex -7.51388 3.58057 3.55
      vertex -7.51388 3.58057 0
    endloop
  endfacet
  facet normal -0.970032 0.242979 0
    outer loop
      vertex -7.51388 3.58057 3.55
      vertex -7.56157 3.39018 0
      vertex -7.56157 3.39018 3.55
    endloop
  endfacet
  facet normal -0.903976 0.427583 0
    outer loop
      vertex -7.44776 3.76537 0
      vertex -7.36384 3.94279 3.55
      vertex -7.36384 3.94279 0
    endloop
  endfacet
  facet normal -0.903976 0.427583 0
    outer loop
      vertex -7.36384 3.94279 3.55
      vertex -7.44776 3.76537 0
      vertex -7.44776 3.76537 3.55
    endloop
  endfacet
  facet normal -0.85774 0.514084 0
    outer loop
      vertex -7.36384 3.94279 0
      vertex -7.26294 4.11114 3.55
      vertex -7.26294 4.11114 0
    endloop
  endfacet
  facet normal -0.85774 0.514084 0
    outer loop
      vertex -7.26294 4.11114 3.55
      vertex -7.36384 3.94279 0
      vertex -7.36384 3.94279 3.55
    endloop
  endfacet
  facet normal -0.80321 0.595695 0
    outer loop
      vertex -7.26294 4.11114 0
      vertex -7.14602 4.26879 3.55
      vertex -7.14602 4.26879 0
    endloop
  endfacet
  facet normal -0.80321 0.595695 0
    outer loop
      vertex -7.14602 4.26879 3.55
      vertex -7.26294 4.11114 0
      vertex -7.26294 4.11114 3.55
    endloop
  endfacet
  facet normal -0.671584 0.740928 0
    outer loop
      vertex -6.86879 4.54602 0
      vertex -7.01421 4.41421 3.55
      vertex -6.86879 4.54602 3.55
    endloop
  endfacet
  facet normal -0.671584 0.740928 0
    outer loop
      vertex -7.01421 4.41421 3.55
      vertex -6.86879 4.54602 0
      vertex -7.01421 4.41421 0
    endloop
  endfacet
  facet normal -0.85774 -0.514084 0
    outer loop
      vertex -7.26294 -4.11114 0
      vertex -7.36384 -3.94279 3.55
      vertex -7.36384 -3.94279 0
    endloop
  endfacet
  facet normal -0.85774 -0.514084 0
    outer loop
      vertex -7.36384 -3.94279 3.55
      vertex -7.26294 -4.11114 0
      vertex -7.26294 -4.11114 3.55
    endloop
  endfacet
  facet normal 0.85774 0.514084 0
    outer loop
      vertex 7.36384 3.94279 3.55
      vertex 7.26294 4.11114 0
      vertex 7.26294 4.11114 3.55
    endloop
  endfacet
  facet normal 0.85774 0.514084 0
    outer loop
      vertex 7.26294 4.11114 0
      vertex 7.36384 3.94279 3.55
      vertex 7.36384 3.94279 0
    endloop
  endfacet
  facet normal 0.514084 0.85774 -0
    outer loop
      vertex 6.71114 4.66294 0
      vertex 6.54279 4.76384 3.55
      vertex 6.71114 4.66294 3.55
    endloop
  endfacet
  facet normal 0.514084 0.85774 0
    outer loop
      vertex 6.54279 4.76384 3.55
      vertex 6.71114 4.66294 0
      vertex 6.54279 4.76384 0
    endloop
  endfacet
  facet normal 0.595695 0.80321 -0
    outer loop
      vertex 6.86879 4.54602 0
      vertex 6.71114 4.66294 3.55
      vertex 6.86879 4.54602 3.55
    endloop
  endfacet
  facet normal 0.595695 0.80321 0
    outer loop
      vertex 6.71114 4.66294 3.55
      vertex 6.86879 4.54602 0
      vertex 6.71114 4.66294 0
    endloop
  endfacet
  facet normal 0.242979 -0.970032 0
    outer loop
      vertex 5.99018 -4.96157 0
      vertex 6.18057 -4.91388 3.55
      vertex 5.99018 -4.96157 3.55
    endloop
  endfacet
  facet normal 0.242979 -0.970032 0
    outer loop
      vertex 6.18057 -4.91388 3.55
      vertex 5.99018 -4.96157 0
      vertex 6.18057 -4.91388 0
    endloop
  endfacet
  facet normal -0.989182 0.146692 0
    outer loop
      vertex -8.98892 4.32544 3.55
      vertex -8.95581 4.54871 4.55
      vertex -8.95581 4.54871 3.55
    endloop
  endfacet
  facet normal -0.989182 0.146692 0
    outer loop
      vertex -8.95581 4.54871 4.55
      vertex -8.98892 4.32544 3.55
      vertex -8.98892 4.32544 4.55
    endloop
  endfacet
  facet normal 0.998794 -0.0490891 0
    outer loop
      vertex 8.98892 -4.32544 4.55
      vertex 9 -4.1 3.55
      vertex 9 -4.1 4.55
    endloop
  endfacet
  facet normal 0.998794 -0.0490891 0
    outer loop
      vertex 9 -4.1 3.55
      vertex 8.98892 -4.32544 4.55
      vertex 8.98892 -4.32544 3.55
    endloop
  endfacet
  facet normal -0.970022 0.243015 0
    outer loop
      vertex -8.95581 4.54871 3.55
      vertex -8.90096 4.76765 4.55
      vertex -8.90096 4.76765 3.55
    endloop
  endfacet
  facet normal -0.970022 0.243015 0
    outer loop
      vertex -8.90096 4.76765 4.55
      vertex -8.95581 4.54871 3.55
      vertex -8.95581 4.54871 4.55
    endloop
  endfacet
  facet normal -0.427542 -0.903996 0
    outer loop
      vertex -7.78421 -6.12842 3.55
      vertex -7.58017 -6.22492 4.55
      vertex -7.78421 -6.12842 4.55
    endloop
  endfacet
  facet normal -0.427542 -0.903996 -0
    outer loop
      vertex -7.58017 -6.22492 4.55
      vertex -7.78421 -6.12842 3.55
      vertex -7.58017 -6.22492 3.55
    endloop
  endfacet
  facet normal -0.803194 -0.595717 0
    outer loop
      vertex -8.47792 -5.5591 3.55
      vertex -8.61238 -5.37781 4.55
      vertex -8.61238 -5.37781 3.55
    endloop
  endfacet
  facet normal -0.803194 -0.595717 0
    outer loop
      vertex -8.61238 -5.37781 4.55
      vertex -8.47792 -5.5591 3.55
      vertex -8.47792 -5.5591 4.55
    endloop
  endfacet
  facet normal -0.998794 -0.0490891 0
    outer loop
      vertex -8.98892 -4.32544 3.55
      vertex -9 -4.1 4.55
      vertex -9 -4.1 3.55
    endloop
  endfacet
  facet normal -0.998794 -0.0490891 0
    outer loop
      vertex -9 -4.1 4.55
      vertex -8.98892 -4.32544 3.55
      vertex -8.98892 -4.32544 4.55
    endloop
  endfacet
  facet normal 0.514105 0.857727 -0
    outer loop
      vertex 7.97781 6.01238 3.55
      vertex 7.78421 6.12842 4.55
      vertex 7.97781 6.01238 4.55
    endloop
  endfacet
  facet normal 0.514105 0.857727 0
    outer loop
      vertex 7.78421 6.12842 4.55
      vertex 7.97781 6.01238 3.55
      vertex 7.78421 6.12842 3.55
    endloop
  endfacet
  facet normal 0 -1 0
    outer loop
      vertex -6.7 -6.4 3.55
      vertex 6.7 -6.4 4.55
      vertex -6.7 -6.4 4.55
    endloop
  endfacet
  facet normal 0 -1 -0
    outer loop
      vertex 6.7 -6.4 4.55
      vertex -6.7 -6.4 3.55
      vertex 6.7 -6.4 3.55
    endloop
  endfacet
  facet normal 0.0490891 -0.998794 0
    outer loop
      vertex 6.7 -6.4 3.55
      vertex 6.92544 -6.38892 4.55
      vertex 6.7 -6.4 4.55
    endloop
  endfacet
  facet normal 0.0490891 -0.998794 0
    outer loop
      vertex 6.92544 -6.38892 4.55
      vertex 6.7 -6.4 3.55
      vertex 6.92544 -6.38892 3.55
    endloop
  endfacet
  facet normal 0.941545 -0.336886 0
    outer loop
      vertex 8.82492 -4.98017 4.55
      vertex 8.90096 -4.76765 3.55
      vertex 8.90096 -4.76765 4.55
    endloop
  endfacet
  facet normal 0.941545 -0.336886 0
    outer loop
      vertex 8.90096 -4.76765 3.55
      vertex 8.82492 -4.98017 4.55
      vertex 8.82492 -4.98017 3.55
    endloop
  endfacet
  facet normal -0.595717 -0.803194 0
    outer loop
      vertex -8.1591 -5.87792 3.55
      vertex -7.97781 -6.01238 4.55
      vertex -8.1591 -5.87792 4.55
    endloop
  endfacet
  facet normal -0.595717 -0.803194 -0
    outer loop
      vertex -7.97781 -6.01238 4.55
      vertex -8.1591 -5.87792 3.55
      vertex -7.97781 -6.01238 3.55
    endloop
  endfacet
  facet normal -0.998794 0.0490891 0
    outer loop
      vertex -9 4.1 3.55
      vertex -8.98892 4.32544 4.55
      vertex -8.98892 4.32544 3.55
    endloop
  endfacet
  facet normal -0.998794 0.0490891 0
    outer loop
      vertex -8.98892 4.32544 4.55
      vertex -9 4.1 3.55
      vertex -9 4.1 4.55
    endloop
  endfacet
  facet normal -0.0490891 0.998794 0
    outer loop
      vertex -6.7 6.4 3.55
      vertex -6.92544 6.38892 4.55
      vertex -6.7 6.4 4.55
    endloop
  endfacet
  facet normal -0.0490891 0.998794 0
    outer loop
      vertex -6.92544 6.38892 4.55
      vertex -6.7 6.4 3.55
      vertex -6.92544 6.38892 3.55
    endloop
  endfacet
  facet normal 0.998794 0.0490891 0
    outer loop
      vertex 9 4.1 4.55
      vertex 8.98892 4.32544 3.55
      vertex 8.98892 4.32544 4.55
    endloop
  endfacet
  facet normal 0.998794 0.0490891 0
    outer loop
      vertex 8.98892 4.32544 3.55
      vertex 9 4.1 4.55
      vertex 9 4.1 3.55
    endloop
  endfacet
  facet normal 1 -0 0
    outer loop
      vertex 9 -4.1 4.55
      vertex 9 4.1 3.55
      vertex 9 4.1 4.55
    endloop
  endfacet
  facet normal 1 0 0
    outer loop
      vertex 9 4.1 3.55
      vertex 9 -4.1 4.55
      vertex 9 -4.1 3.55
    endloop
  endfacet
  facet normal -0.0490891 -0.998794 0
    outer loop
      vertex -6.92544 -6.38892 3.55
      vertex -6.7 -6.4 4.55
      vertex -6.92544 -6.38892 4.55
    endloop
  endfacet
  facet normal -0.0490891 -0.998794 -0
    outer loop
      vertex -6.7 -6.4 4.55
      vertex -6.92544 -6.38892 3.55
      vertex -6.7 -6.4 3.55
    endloop
  endfacet
  facet normal 0.427542 -0.903996 0
    outer loop
      vertex 7.58017 -6.22492 3.55
      vertex 7.78421 -6.12842 4.55
      vertex 7.58017 -6.22492 4.55
    endloop
  endfacet
  facet normal 0.427542 -0.903996 0
    outer loop
      vertex 7.78421 -6.12842 4.55
      vertex 7.58017 -6.22492 3.55
      vertex 7.78421 -6.12842 3.55
    endloop
  endfacet
  facet normal 0.671519 -0.740988 0
    outer loop
      vertex 8.1591 -5.87792 3.55
      vertex 8.32635 -5.72635 4.55
      vertex 8.1591 -5.87792 4.55
    endloop
  endfacet
  facet normal 0.671519 -0.740988 0
    outer loop
      vertex 8.32635 -5.72635 4.55
      vertex 8.1591 -5.87792 3.55
      vertex 8.32635 -5.72635 3.55
    endloop
  endfacet
  facet normal 0.989182 -0.146692 0
    outer loop
      vertex 8.95581 -4.54871 4.55
      vertex 8.98892 -4.32544 3.55
      vertex 8.98892 -4.32544 4.55
    endloop
  endfacet
  facet normal 0.989182 -0.146692 0
    outer loop
      vertex 8.98892 -4.32544 3.55
      vertex 8.95581 -4.54871 4.55
      vertex 8.95581 -4.54871 3.55
    endloop
  endfacet
  facet normal -0.903996 -0.427542 0
    outer loop
      vertex -8.72842 -5.18421 3.55
      vertex -8.82492 -4.98017 4.55
      vertex -8.82492 -4.98017 3.55
    endloop
  endfacet
  facet normal -0.903996 -0.427542 0
    outer loop
      vertex -8.82492 -4.98017 4.55
      vertex -8.72842 -5.18421 3.55
      vertex -8.72842 -5.18421 4.55
    endloop
  endfacet
  facet normal -0.857727 -0.514105 0
    outer loop
      vertex -8.61238 -5.37781 3.55
      vertex -8.72842 -5.18421 4.55
      vertex -8.72842 -5.18421 3.55
    endloop
  endfacet
  facet normal -0.857727 -0.514105 0
    outer loop
      vertex -8.72842 -5.18421 4.55
      vertex -8.61238 -5.37781 3.55
      vertex -8.61238 -5.37781 4.55
    endloop
  endfacet
  facet normal -0.514105 -0.857727 0
    outer loop
      vertex -7.97781 -6.01238 3.55
      vertex -7.78421 -6.12842 4.55
      vertex -7.97781 -6.01238 4.55
    endloop
  endfacet
  facet normal -0.514105 -0.857727 -0
    outer loop
      vertex -7.78421 -6.12842 4.55
      vertex -7.97781 -6.01238 3.55
      vertex -7.78421 -6.12842 3.55
    endloop
  endfacet
  facet normal -1 0 0
    outer loop
      vertex -9 -4.1 3.55
      vertex -9 4.1 4.55
      vertex -9 4.1 3.55
    endloop
  endfacet
  facet normal -1 -0 0
    outer loop
      vertex -9 4.1 4.55
      vertex -9 -4.1 3.55
      vertex -9 -4.1 4.55
    endloop
  endfacet
  facet normal 0 0 -1
    outer loop
      vertex 7.44776 -3.76537 3.55
      vertex 9 -4.1 3.55
      vertex 8.98892 -4.32544 3.55
    endloop
  endfacet
  facet normal 0 0 -1
    outer loop
      vertex 9 -4.1 3.55
      vertex 7.6 -3 3.55
      vertex 9 4.1 3.55
    endloop
  endfacet
  facet normal 0 0 -1
    outer loop
      vertex 7.36384 -3.94279 3.55
      vertex 8.98892 -4.32544 3.55
      vertex 8.95581 -4.54871 3.55
    endloop
  endfacet
  facet normal 0 0 -1
    outer loop
      vertex 7.6 3 3.55
      vertex 9 4.1 3.55
      vertex 7.6 -3 3.55
    endloop
  endfacet
  facet normal 0 0 -1
    outer loop
      vertex 7.36384 -3.94279 3.55
      vertex 8.95581 -4.54871 3.55
      vertex 8.90096 -4.76765 3.55
    endloop
  endfacet
  facet normal 0 0 -1
    outer loop
      vertex 7.59037 3.19603 3.55
      vertex 9 4.1 3.55
      vertex 7.6 3 3.55
    endloop
  endfacet
  facet normal 0 0 -1
    outer loop
      vertex 7.26294 -4.11114 3.55
      vertex 8.90096 -4.76765 3.55
      vertex 8.82492 -4.98017 3.55
    endloop
  endfacet
  facet normal 0 0 -1
    outer loop
      vertex 7.56157 3.39018 3.55
      vertex 9 4.1 3.55
      vertex 7.59037 3.19603 3.55
    endloop
  endfacet
  facet normal 0 0 -1
    outer loop
      vertex 7.26294 -4.11114 3.55
      vertex 8.82492 -4.98017 3.55
      vertex 8.72842 -5.18421 3.55
    endloop
  endfacet
  facet normal 0 0 -1
    outer loop
      vertex 7.51388 3.58057 3.55
      vertex 9 4.1 3.55
      vertex 7.56157 3.39018 3.55
    endloop
  endfacet
  facet normal 0 0 -1
    outer loop
      vertex 7.14602 -4.26879 3.55
      vertex 8.72842 -5.18421 3.55
      vertex 8.61238 -5.37781 3.55
    endloop
  endfacet
  facet normal 0 0 -1
    outer loop
      vertex 7.44776 3.76537 3.55
      vertex 9 4.1 3.55
      vertex 7.51388 3.58057 3.55
    endloop
  endfacet
  facet normal 0 0 -1
    outer loop
      vertex 7.14602 -4.26879 3.55
      vertex 8.61238 -5.37781 3.55
      vertex 8.47792 -5.5591 3.55
    endloop
  endfacet
  facet normal -0 0 -1
    outer loop
      vertex 9 4.1 3.55
      vertex 7.44776 3.76537 3.55
      vertex 8.98892 4.32544 3.55
    endloop
  endfacet
  facet normal 0 0 -1
    outer loop
      vertex 7.01421 -4.41421 3.55
      vertex 8.47792 -5.5591 3.55
      vertex 8.32635 -5.72635 3.55
    endloop
  endfacet
  facet normal 0 0 -1
    outer loop
      vertex 7.36384 3.94279 3.55
      vertex 8.98892 4.32544 3.55
      vertex 7.44776 3.76537 3.55
    endloop
  endfacet
  facet normal 0 0 -1
    outer loop
      vertex 7.01421 -4.41421 3.55
      vertex 8.32635 -5.72635 3.55
      vertex 8.1591 -5.87792 3.55
    endloop
  endfacet
  facet normal -0 0 -1
    outer loop
      vertex 8.98892 4.32544 3.55
      vertex 7.36384 3.94279 3.55
      vertex 8.95581 4.54871 3.55
    endloop
  endfacet
  facet normal 0 0 -1
    outer loop
      vertex 6.86879 -4.54602 3.55
      vertex 8.1591 -5.87792 3.55
      vertex 7.97781 -6.01238 3.55
    endloop
  endfacet
  facet normal -0 0 -1
    outer loop
      vertex 8.95581 4.54871 3.55
      vertex 7.36384 3.94279 3.55
      vertex 8.90096 4.76765 3.55
    endloop
  endfacet
  facet normal 0 0 -1
    outer loop
      vertex 6.86879 -4.54602 3.55
      vertex 7.97781 -6.01238 3.55
      vertex 7.78421 -6.12842 3.55
    endloop
  endfacet
  facet normal 0 0 -1
    outer loop
      vertex 7.26294 4.11114 3.55
      vertex 8.90096 4.76765 3.55
      vertex 7.36384 3.94279 3.55
    endloop
  endfacet
  facet normal -0 0 -1
    outer loop
      vertex 8.90096 4.76765 3.55
      vertex 7.26294 4.11114 3.55
      vertex 8.82492 4.98017 3.55
    endloop
  endfacet
  facet normal 0 0 -1
    outer loop
      vertex 9 -4.1 3.55
      vertex 7.59037 -3.19603 3.55
      vertex 7.6 -3 3.55
    endloop
  endfacet
  facet normal 0 0 -1
    outer loop
      vertex 6.71114 -4.66294 3.55
      vertex 7.78421 -6.12842 3.55
      vertex 7.58017 -6.22492 3.55
    endloop
  endfacet
  facet normal 0 0 -1
    outer loop
      vertex 9 -4.1 3.55
      vertex 7.56157 -3.39018 3.55
      vertex 7.59037 -3.19603 3.55
    endloop
  endfacet
  facet normal 0 0 -1
    outer loop
      vertex 9 -4.1 3.55
      vertex 7.51388 -3.58057 3.55
      vertex 7.56157 -3.39018 3.55
    endloop
  endfacet
  facet normal 0 0 -1
    outer loop
      vertex 9 -4.1 3.55
      vertex 7.44776 -3.76537 3.55
      vertex 7.51388 -3.58057 3.55
    endloop
  endfacet
  facet normal 0 0 -1
    outer loop
      vertex 6.71114 -4.66294 3.55
      vertex 7.58017 -6.22492 3.55
      vertex 7.36765 -6.30096 3.55
    endloop
  endfacet
  facet normal 0 0 -1
    outer loop
      vertex 8.98892 -4.32544 3.55
      vertex 7.36384 -3.94279 3.55
      vertex 7.44776 -3.76537 3.55
    endloop
  endfacet
  facet normal 0 0 -1
    outer loop
      vertex 8.90096 -4.76765 3.55
      vertex 7.26294 -4.11114 3.55
      vertex 7.36384 -3.94279 3.55
    endloop
  endfacet
  facet normal 0 0 -1
    outer loop
      vertex 6.54279 -4.76384 3.55
      vertex 7.36765 -6.30096 3.55
      vertex 7.14871 -6.35581 3.55
    endloop
  endfacet
  facet normal 0 0 -1
    outer loop
      vertex 8.72842 -5.18421 3.55
      vertex 7.14602 -4.26879 3.55
      vertex 7.26294 -4.11114 3.55
    endloop
  endfacet
  facet normal 0 0 -1
    outer loop
      vertex 8.47792 -5.5591 3.55
      vertex 7.01421 -4.41421 3.55
      vertex 7.14602 -4.26879 3.55
    endloop
  endfacet
  facet normal 0 0 -1
    outer loop
      vertex 6.54279 -4.76384 3.55
      vertex 7.14871 -6.35581 3.55
      vertex 6.92544 -6.38892 3.55
    endloop
  endfacet
  facet normal 0 0 -1
    outer loop
      vertex 8.1591 -5.87792 3.55
      vertex 6.86879 -4.54602 3.55
      vertex 7.01421 -4.41421 3.55
    endloop
  endfacet
  facet normal 0 0 -1
    outer loop
      vertex 7.78421 -6.12842 3.55
      vertex 6.71114 -4.66294 3.55
      vertex 6.86879 -4.54602 3.55
    endloop
  endfacet
  facet normal 0 0 -1
    outer loop
      vertex 6.36537 -4.84776 3.55
      vertex 6.92544 -6.38892 3.55
      vertex 6.7 -6.4 3.55
    endloop
  endfacet
  facet normal 0 0 -1
    outer loop
      vertex 7.36765 -6.30096 3.55
      vertex 6.54279 -4.76384 3.55
      vertex 6.71114 -4.66294 3.55
    endloop
  endfacet
  facet normal 0 0 -1
    outer loop
      vertex 6.92544 -6.38892 3.55
      vertex 6.36537 -4.84776 3.55
      vertex 6.54279 -4.76384 3.55
    endloop
  endfacet
  facet normal 0 0 -1
    outer loop
      vertex 6.7 -6.4 3.55
      vertex 6.18057 -4.91388 3.55
      vertex 6.36537 -4.84776 3.55
    endloop
  endfacet
  facet normal 0 0 -1
    outer loop
      vertex 6.7 -6.4 3.55
      vertex 5.99018 -4.96157 3.55
      vertex 6.18057 -4.91388 3.55
    endloop
  endfacet
  facet normal 0 0 -1
    outer loop
      vertex 6.7 -6.4 3.55
      vertex 5.79603 -4.99037 3.55
      vertex 5.99018 -4.96157 3.55
    endloop
  endfacet
  facet normal 0 0 -1
    outer loop
      vertex 6.7 -6.4 3.55
      vertex 5.6 -5 3.55
      vertex 5.79603 -4.99037 3.55
    endloop
  endfacet
  facet normal 0 0 -1
    outer loop
      vertex 6.7 -6.4 3.55
      vertex -5.6 -5 3.55
      vertex 5.6 -5 3.55
    endloop
  endfacet
  facet normal 0 0 -1
    outer loop
      vertex -6.7 -6.4 3.55
      vertex -5.6 -5 3.55
      vertex 6.7 -6.4 3.55
    endloop
  endfacet
  facet normal -0 0 -1
    outer loop
      vertex -5.6 -5 3.55
      vertex -6.7 -6.4 3.55
      vertex -5.79603 -4.99037 3.55
    endloop
  endfacet
  facet normal 0 0 -1
    outer loop
      vertex -6.7 -6.4 3.55
      vertex -5.99018 -4.96157 3.55
      vertex -5.79603 -4.99037 3.55
    endloop
  endfacet
  facet normal 0 0 -1
    outer loop
      vertex -6.7 -6.4 3.55
      vertex -6.18057 -4.91388 3.55
      vertex -5.99018 -4.96157 3.55
    endloop
  endfacet
  facet normal 0 0 -1
    outer loop
      vertex -6.7 -6.4 3.55
      vertex -6.36537 -4.84776 3.55
      vertex -6.18057 -4.91388 3.55
    endloop
  endfacet
  facet normal 0 0 -1
    outer loop
      vertex -6.92544 -6.38892 3.55
      vertex -6.36537 -4.84776 3.55
      vertex -6.7 -6.4 3.55
    endloop
  endfacet
  facet normal -0 0 -1
    outer loop
      vertex -6.36537 -4.84776 3.55
      vertex -6.92544 -6.38892 3.55
      vertex -6.54279 -4.76384 3.55
    endloop
  endfacet
  facet normal 0 0 -1
    outer loop
      vertex -7.14871 -6.35581 3.55
      vertex -6.54279 -4.76384 3.55
      vertex -6.92544 -6.38892 3.55
    endloop
  endfacet
  facet normal 0 0 -1
    outer loop
      vertex -7.36765 -6.30096 3.55
      vertex -6.54279 -4.76384 3.55
      vertex -7.14871 -6.35581 3.55
    endloop
  endfacet
  facet normal -0 0 -1
    outer loop
      vertex -6.54279 -4.76384 3.55
      vertex -7.36765 -6.30096 3.55
      vertex -6.71114 -4.66294 3.55
    endloop
  endfacet
  facet normal 0 0 -1
    outer loop
      vertex -7.58017 -6.22492 3.55
      vertex -6.71114 -4.66294 3.55
      vertex -7.36765 -6.30096 3.55
    endloop
  endfacet
  facet normal 0 0 -1
    outer loop
      vertex -7.78421 -6.12842 3.55
      vertex -6.71114 -4.66294 3.55
      vertex -7.58017 -6.22492 3.55
    endloop
  endfacet
  facet normal -0 0 -1
    outer loop
      vertex -6.71114 -4.66294 3.55
      vertex -7.78421 -6.12842 3.55
      vertex -6.86879 -4.54602 3.55
    endloop
  endfacet
  facet normal 0 0 -1
    outer loop
      vertex -7.97781 -6.01238 3.55
      vertex -6.86879 -4.54602 3.55
      vertex -7.78421 -6.12842 3.55
    endloop
  endfacet
  facet normal 0 0 -1
    outer loop
      vertex -8.1591 -5.87792 3.55
      vertex -6.86879 -4.54602 3.55
      vertex -7.97781 -6.01238 3.55
    endloop
  endfacet
  facet normal -0 0 -1
    outer loop
      vertex -6.86879 -4.54602 3.55
      vertex -8.1591 -5.87792 3.55
      vertex -7.01421 -4.41421 3.55
    endloop
  endfacet
  facet normal 0 0 -1
    outer loop
      vertex -8.32635 -5.72635 3.55
      vertex -7.01421 -4.41421 3.55
      vertex -8.1591 -5.87792 3.55
    endloop
  endfacet
  facet normal 0 0 -1
    outer loop
      vertex -8.47792 -5.5591 3.55
      vertex -7.01421 -4.41421 3.55
      vertex -8.32635 -5.72635 3.55
    endloop
  endfacet
  facet normal -0 0 -1
    outer loop
      vertex -7.01421 -4.41421 3.55
      vertex -8.47792 -5.5591 3.55
      vertex -7.14602 -4.26879 3.55
    endloop
  endfacet
  facet normal 0 0 -1
    outer loop
      vertex -8.61238 -5.37781 3.55
      vertex -7.14602 -4.26879 3.55
      vertex -8.47792 -5.5591 3.55
    endloop
  endfacet
  facet normal 0 0 -1
    outer loop
      vertex -8.72842 -5.18421 3.55
      vertex -7.14602 -4.26879 3.55
      vertex -8.61238 -5.37781 3.55
    endloop
  endfacet
  facet normal 0 0 -1
    outer loop
      vertex -8.82492 -4.98017 3.55
      vertex -7.26294 -4.11114 3.55
      vertex -8.72842 -5.18421 3.55
    endloop
  endfacet
  facet normal -0 0 -1
    outer loop
      vertex -7.14602 -4.26879 3.55
      vertex -8.72842 -5.18421 3.55
      vertex -7.26294 -4.11114 3.55
    endloop
  endfacet
  facet normal -0 0 -1
    outer loop
      vertex 8.82492 4.98017 3.55
      vertex 7.26294 4.11114 3.55
      vertex 8.72842 5.18421 3.55
    endloop
  endfacet
  facet normal 0 0 -1
    outer loop
      vertex 7.14602 4.26879 3.55
      vertex 8.72842 5.18421 3.55
      vertex 7.26294 4.11114 3.55
    endloop
  endfacet
  facet normal -0 0 -1
    outer loop
      vertex 8.72842 5.18421 3.55
      vertex 7.14602 4.26879 3.55
      vertex 8.61238 5.37781 3.55
    endloop
  endfacet
  facet normal -0 0 -1
    outer loop
      vertex 8.61238 5.37781 3.55
      vertex 7.14602 4.26879 3.55
      vertex 8.47792 5.5591 3.55
    endloop
  endfacet
  facet normal 0 0 -1
    outer loop
      vertex 7.01421 4.41421 3.55
      vertex 8.47792 5.5591 3.55
      vertex 7.14602 4.26879 3.55
    endloop
  endfacet
  facet normal -0 0 -1
    outer loop
      vertex 8.47792 5.5591 3.55
      vertex 7.01421 4.41421 3.55
      vertex 8.32635 5.72635 3.55
    endloop
  endfacet
  facet normal -0 0 -1
    outer loop
      vertex 8.32635 5.72635 3.55
      vertex 7.01421 4.41421 3.55
      vertex 8.1591 5.87792 3.55
    endloop
  endfacet
  facet normal 0 0 -1
    outer loop
      vertex 6.86879 4.54602 3.55
      vertex 8.1591 5.87792 3.55
      vertex 7.01421 4.41421 3.55
    endloop
  endfacet
  facet normal -0 0 -1
    outer loop
      vertex 8.1591 5.87792 3.55
      vertex 6.86879 4.54602 3.55
      vertex 7.97781 6.01238 3.55
    endloop
  endfacet
  facet normal -0 0 -1
    outer loop
      vertex 7.97781 6.01238 3.55
      vertex 6.86879 4.54602 3.55
      vertex 7.78421 6.12842 3.55
    endloop
  endfacet
  facet normal 0 0 -1
    outer loop
      vertex 6.71114 4.66294 3.55
      vertex 7.78421 6.12842 3.55
      vertex 6.86879 4.54602 3.55
    endloop
  endfacet
  facet normal -0 0 -1
    outer loop
      vertex 7.78421 6.12842 3.55
      vertex 6.71114 4.66294 3.55
      vertex 7.58017 6.22492 3.55
    endloop
  endfacet
  facet normal -0 0 -1
    outer loop
      vertex 7.58017 6.22492 3.55
      vertex 6.71114 4.66294 3.55
      vertex 7.36765 6.30096 3.55
    endloop
  endfacet
  facet normal 0 0 -1
    outer loop
      vertex 6.54279 4.76384 3.55
      vertex 7.36765 6.30096 3.55
      vertex 6.71114 4.66294 3.55
    endloop
  endfacet
  facet normal -0 0 -1
    outer loop
      vertex 7.36765 6.30096 3.55
      vertex 6.54279 4.76384 3.55
      vertex 7.14871 6.35581 3.55
    endloop
  endfacet
  facet normal -0 0 -1
    outer loop
      vertex 7.14871 6.35581 3.55
      vertex 6.54279 4.76384 3.55
      vertex 6.92544 6.38892 3.55
    endloop
  endfacet
  facet normal 0 0 -1
    outer loop
      vertex 6.36537 4.84776 3.55
      vertex 6.92544 6.38892 3.55
      vertex 6.54279 4.76384 3.55
    endloop
  endfacet
  facet normal -0 0 -1
    outer loop
      vertex 6.92544 6.38892 3.55
      vertex 6.36537 4.84776 3.55
      vertex 6.7 6.4 3.55
    endloop
  endfacet
  facet normal 0 0 -1
    outer loop
      vertex 6.18057 4.91388 3.55
      vertex 6.7 6.4 3.55
      vertex 6.36537 4.84776 3.55
    endloop
  endfacet
  facet normal 0 0 -1
    outer loop
      vertex 5.99018 4.96157 3.55
      vertex 6.7 6.4 3.55
      vertex 6.18057 4.91388 3.55
    endloop
  endfacet
  facet normal 0 0 -1
    outer loop
      vertex 5.79603 4.99037 3.55
      vertex 6.7 6.4 3.55
      vertex 5.99018 4.96157 3.55
    endloop
  endfacet
  facet normal 0 0 -1
    outer loop
      vertex 5.6 5 3.55
      vertex 6.7 6.4 3.55
      vertex 5.79603 4.99037 3.55
    endloop
  endfacet
  facet normal 0 0 -1
    outer loop
      vertex -5.6 5 3.55
      vertex 6.7 6.4 3.55
      vertex 5.6 5 3.55
    endloop
  endfacet
  facet normal 0 0 -1
    outer loop
      vertex -6.7 6.4 3.55
      vertex -5.6 5 3.55
      vertex -5.79603 4.99037 3.55
    endloop
  endfacet
  facet normal 0 0 -1
    outer loop
      vertex -5.6 5 3.55
      vertex -6.7 6.4 3.55
      vertex 6.7 6.4 3.55
    endloop
  endfacet
  facet normal 0 0 -1
    outer loop
      vertex -5.99018 4.96157 3.55
      vertex -6.7 6.4 3.55
      vertex -5.79603 4.99037 3.55
    endloop
  endfacet
  facet normal 0 0 -1
    outer loop
      vertex -6.18057 4.91388 3.55
      vertex -6.7 6.4 3.55
      vertex -5.99018 4.96157 3.55
    endloop
  endfacet
  facet normal 0 0 -1
    outer loop
      vertex -6.36537 4.84776 3.55
      vertex -6.7 6.4 3.55
      vertex -6.18057 4.91388 3.55
    endloop
  endfacet
  facet normal 0 0 -1
    outer loop
      vertex -6.92544 6.38892 3.55
      vertex -6.36537 4.84776 3.55
      vertex -6.54279 4.76384 3.55
    endloop
  endfacet
  facet normal 0 0 -1
    outer loop
      vertex -7.36765 6.30096 3.55
      vertex -6.54279 4.76384 3.55
      vertex -6.71114 4.66294 3.55
    endloop
  endfacet
  facet normal 0 0 -1
    outer loop
      vertex -7.78421 6.12842 3.55
      vertex -6.71114 4.66294 3.55
      vertex -6.86879 4.54602 3.55
    endloop
  endfacet
  facet normal 0 0 -1
    outer loop
      vertex -6.36537 4.84776 3.55
      vertex -6.92544 6.38892 3.55
      vertex -6.7 6.4 3.55
    endloop
  endfacet
  facet normal 0 0 -1
    outer loop
      vertex -8.1591 5.87792 3.55
      vertex -6.86879 4.54602 3.55
      vertex -7.01421 4.41421 3.55
    endloop
  endfacet
  facet normal 0 0 -1
    outer loop
      vertex -8.47792 5.5591 3.55
      vertex -7.01421 4.41421 3.55
      vertex -7.14602 4.26879 3.55
    endloop
  endfacet
  facet normal 0 0 -1
    outer loop
      vertex -6.54279 4.76384 3.55
      vertex -7.14871 6.35581 3.55
      vertex -6.92544 6.38892 3.55
    endloop
  endfacet
  facet normal 0 0 -1
    outer loop
      vertex -8.72842 5.18421 3.55
      vertex -7.14602 4.26879 3.55
      vertex -7.26294 4.11114 3.55
    endloop
  endfacet
  facet normal 0 0 -1
    outer loop
      vertex -8.90096 4.76765 3.55
      vertex -7.26294 4.11114 3.55
      vertex -7.36384 3.94279 3.55
    endloop
  endfacet
  facet normal 0 0 -1
    outer loop
      vertex -6.54279 4.76384 3.55
      vertex -7.36765 6.30096 3.55
      vertex -7.14871 6.35581 3.55
    endloop
  endfacet
  facet normal 0 0 -1
    outer loop
      vertex -8.98892 4.32544 3.55
      vertex -7.36384 3.94279 3.55
      vertex -7.44776 3.76537 3.55
    endloop
  endfacet
  facet normal 0 0 -1
    outer loop
      vertex -9 4.1 3.55
      vertex -7.44776 3.76537 3.55
      vertex -7.51388 3.58057 3.55
    endloop
  endfacet
  facet normal 0 0 -1
    outer loop
      vertex -9 4.1 3.55
      vertex -7.51388 3.58057 3.55
      vertex -7.56157 3.39018 3.55
    endloop
  endfacet
  facet normal 0 0 -1
    outer loop
      vertex -6.71114 4.66294 3.55
      vertex -7.58017 6.22492 3.55
      vertex -7.36765 6.30096 3.55
    endloop
  endfacet
  facet normal 0 0 -1
    outer loop
      vertex -9 4.1 3.55
      vertex -7.56157 3.39018 3.55
      vertex -7.59037 3.19603 3.55
    endloop
  endfacet
  facet normal 0 0 -1
    outer loop
      vertex -9 4.1 3.55
      vertex -7.59037 3.19603 3.55
      vertex -7.6 3 3.55
    endloop
  endfacet
  facet normal -0 0 -1
    outer loop
      vertex -7.6 -3 3.55
      vertex -9 -4.1 3.55
      vertex -7.6 3 3.55
    endloop
  endfacet
  facet normal 0 0 -1
    outer loop
      vertex -9 4.1 3.55
      vertex -7.6 3 3.55
      vertex -9 -4.1 3.55
    endloop
  endfacet
  facet normal 0 0 -1
    outer loop
      vertex -8.90096 -4.76765 3.55
      vertex -7.26294 -4.11114 3.55
      vertex -8.82492 -4.98017 3.55
    endloop
  endfacet
  facet normal 0 0 -1
    outer loop
      vertex -7.44776 3.76537 3.55
      vertex -9 4.1 3.55
      vertex -8.98892 4.32544 3.55
    endloop
  endfacet
  facet normal -0 0 -1
    outer loop
      vertex -7.26294 -4.11114 3.55
      vertex -8.90096 -4.76765 3.55
      vertex -7.36384 -3.94279 3.55
    endloop
  endfacet
  facet normal 0 0 -1
    outer loop
      vertex -6.71114 4.66294 3.55
      vertex -7.78421 6.12842 3.55
      vertex -7.58017 6.22492 3.55
    endloop
  endfacet
  facet normal 0 0 -1
    outer loop
      vertex -8.95581 -4.54871 3.55
      vertex -7.36384 -3.94279 3.55
      vertex -8.90096 -4.76765 3.55
    endloop
  endfacet
  facet normal 0 0 -1
    outer loop
      vertex -6.86879 4.54602 3.55
      vertex -7.97781 6.01238 3.55
      vertex -7.78421 6.12842 3.55
    endloop
  endfacet
  facet normal 0 0 -1
    outer loop
      vertex -8.98892 -4.32544 3.55
      vertex -7.36384 -3.94279 3.55
      vertex -8.95581 -4.54871 3.55
    endloop
  endfacet
  facet normal 0 0 -1
    outer loop
      vertex -6.86879 4.54602 3.55
      vertex -8.1591 5.87792 3.55
      vertex -7.97781 6.01238 3.55
    endloop
  endfacet
  facet normal -0 0 -1
    outer loop
      vertex -7.36384 -3.94279 3.55
      vertex -8.98892 -4.32544 3.55
      vertex -7.44776 -3.76537 3.55
    endloop
  endfacet
  facet normal 0 0 -1
    outer loop
      vertex -7.01421 4.41421 3.55
      vertex -8.32635 5.72635 3.55
      vertex -8.1591 5.87792 3.55
    endloop
  endfacet
  facet normal 0 0 -1
    outer loop
      vertex -9 -4.1 3.55
      vertex -7.44776 -3.76537 3.55
      vertex -8.98892 -4.32544 3.55
    endloop
  endfacet
  facet normal 0 0 -1
    outer loop
      vertex -7.01421 4.41421 3.55
      vertex -8.47792 5.5591 3.55
      vertex -8.32635 5.72635 3.55
    endloop
  endfacet
  facet normal -0 0 -1
    outer loop
      vertex -7.44776 -3.76537 3.55
      vertex -9 -4.1 3.55
      vertex -7.51388 -3.58057 3.55
    endloop
  endfacet
  facet normal 0 0 -1
    outer loop
      vertex -7.14602 4.26879 3.55
      vertex -8.61238 5.37781 3.55
      vertex -8.47792 5.5591 3.55
    endloop
  endfacet
  facet normal -0 0 -1
    outer loop
      vertex -7.51388 -3.58057 3.55
      vertex -9 -4.1 3.55
      vertex -7.56157 -3.39018 3.55
    endloop
  endfacet
  facet normal 0 0 -1
    outer loop
      vertex -7.14602 4.26879 3.55
      vertex -8.72842 5.18421 3.55
      vertex -8.61238 5.37781 3.55
    endloop
  endfacet
  facet normal -0 0 -1
    outer loop
      vertex -7.56157 -3.39018 3.55
      vertex -9 -4.1 3.55
      vertex -7.59037 -3.19603 3.55
    endloop
  endfacet
  facet normal 0 0 -1
    outer loop
      vertex -7.26294 4.11114 3.55
      vertex -8.82492 4.98017 3.55
      vertex -8.72842 5.18421 3.55
    endloop
  endfacet
  facet normal -0 0 -1
    outer loop
      vertex -7.59037 -3.19603 3.55
      vertex -9 -4.1 3.55
      vertex -7.6 -3 3.55
    endloop
  endfacet
  facet normal 0 0 -1
    outer loop
      vertex -7.26294 4.11114 3.55
      vertex -8.90096 4.76765 3.55
      vertex -8.82492 4.98017 3.55
    endloop
  endfacet
  facet normal 0 0 -1
    outer loop
      vertex -7.36384 3.94279 3.55
      vertex -8.95581 4.54871 3.55
      vertex -8.90096 4.76765 3.55
    endloop
  endfacet
  facet normal 0 0 -1
    outer loop
      vertex -7.36384 3.94279 3.55
      vertex -8.98892 4.32544 3.55
      vertex -8.95581 4.54871 3.55
    endloop
  endfacet
  facet normal 0 0 1
    outer loop
      vertex 6.7 6.4 4.55
      vertex 9 4.1 4.55
      vertex 8.98892 4.32544 4.55
    endloop
  endfacet
  facet normal 0 0 1
    outer loop
      vertex 9 4.1 4.55
      vertex 2.75 0 4.55
      vertex 9 -4.1 4.55
    endloop
  endfacet
  facet normal 0 0 1
    outer loop
      vertex 6.7 6.4 4.55
      vertex 8.98892 4.32544 4.55
      vertex 8.95581 4.54871 4.55
    endloop
  endfacet
  facet normal -0 0 1
    outer loop
      vertex 2.73676 -0.269547 4.55
      vertex 9 -4.1 4.55
      vertex 2.75 0 4.55
    endloop
  endfacet
  facet normal 0 0 1
    outer loop
      vertex 6.7 6.4 4.55
      vertex 8.95581 4.54871 4.55
      vertex 8.90096 4.76765 4.55
    endloop
  endfacet
  facet normal -0 0 1
    outer loop
      vertex 2.69716 -0.536498 4.55
      vertex 9 -4.1 4.55
      vertex 2.73676 -0.269547 4.55
    endloop
  endfacet
  facet normal 0 0 1
    outer loop
      vertex 6.7 6.4 4.55
      vertex 8.90096 4.76765 4.55
      vertex 8.82492 4.98017 4.55
    endloop
  endfacet
  facet normal -0 0 1
    outer loop
      vertex 2.63159 -0.798283 4.55
      vertex 9 -4.1 4.55
      vertex 2.69716 -0.536498 4.55
    endloop
  endfacet
  facet normal 0 0 1
    outer loop
      vertex 6.7 6.4 4.55
      vertex 8.82492 4.98017 4.55
      vertex 8.72842 5.18421 4.55
    endloop
  endfacet
  facet normal -0 0 1
    outer loop
      vertex 2.54067 -1.05238 4.55
      vertex 9 -4.1 4.55
      vertex 2.63159 -0.798283 4.55
    endloop
  endfacet
  facet normal 0 0 1
    outer loop
      vertex 6.7 6.4 4.55
      vertex 8.72842 5.18421 4.55
      vertex 8.61238 5.37781 4.55
    endloop
  endfacet
  facet normal -0 0 1
    outer loop
      vertex 2.42528 -1.29634 4.55
      vertex 9 -4.1 4.55
      vertex 2.54067 -1.05238 4.55
    endloop
  endfacet
  facet normal 0 0 1
    outer loop
      vertex 6.7 6.4 4.55
      vertex 8.61238 5.37781 4.55
      vertex 8.47792 5.5591 4.55
    endloop
  endfacet
  facet normal 0 -0 1
    outer loop
      vertex 6.7 -6.4 4.55
      vertex 9 -4.1 4.55
      vertex 2.42528 -1.29634 4.55
    endloop
  endfacet
  facet normal 0 0 1
    outer loop
      vertex 6.7 6.4 4.55
      vertex 8.47792 5.5591 4.55
      vertex 8.32635 5.72635 4.55
    endloop
  endfacet
  facet normal 0 0 1
    outer loop
      vertex 9 -4.1 4.55
      vertex 6.7 -6.4 4.55
      vertex 8.98892 -4.32544 4.55
    endloop
  endfacet
  facet normal 0 0 1
    outer loop
      vertex 6.7 6.4 4.55
      vertex 8.32635 5.72635 4.55
      vertex 8.1591 5.87792 4.55
    endloop
  endfacet
  facet normal 0 0 1
    outer loop
      vertex 8.98892 -4.32544 4.55
      vertex 6.7 -6.4 4.55
      vertex 8.95581 -4.54871 4.55
    endloop
  endfacet
  facet normal 0 0 1
    outer loop
      vertex 6.7 6.4 4.55
      vertex 8.1591 5.87792 4.55
      vertex 7.97781 6.01238 4.55
    endloop
  endfacet
  facet normal 0 0 1
    outer loop
      vertex 8.90096 -4.76765 4.55
      vertex 6.7 -6.4 4.55
      vertex 8.82492 -4.98017 4.55
    endloop
  endfacet
  facet normal 0 0 1
    outer loop
      vertex 6.7 6.4 4.55
      vertex 7.97781 6.01238 4.55
      vertex 7.78421 6.12842 4.55
    endloop
  endfacet
  facet normal 0 0 1
    outer loop
      vertex 8.82492 -4.98017 4.55
      vertex 6.7 -6.4 4.55
      vertex 8.72842 -5.18421 4.55
    endloop
  endfacet
  facet normal 0 0 1
    outer loop
      vertex 6.7 6.4 4.55
      vertex 7.78421 6.12842 4.55
      vertex 7.58017 6.22492 4.55
    endloop
  endfacet
  facet normal 0 0 1
    outer loop
      vertex 8.72842 -5.18421 4.55
      vertex 6.7 -6.4 4.55
      vertex 8.61238 -5.37781 4.55
    endloop
  endfacet
  facet normal 0 0 1
    outer loop
      vertex 6.7 6.4 4.55
      vertex 7.58017 6.22492 4.55
      vertex 7.36765 6.30096 4.55
    endloop
  endfacet
  facet normal 0 0 1
    outer loop
      vertex 8.61238 -5.37781 4.55
      vertex 6.7 -6.4 4.55
      vertex 8.47792 -5.5591 4.55
    endloop
  endfacet
  facet normal 0 0 1
    outer loop
      vertex 6.7 6.4 4.55
      vertex 7.36765 6.30096 4.55
      vertex 7.14871 6.35581 4.55
    endloop
  endfacet
  facet normal 0 0 1
    outer loop
      vertex 8.47792 -5.5591 4.55
      vertex 6.7 -6.4 4.55
      vertex 8.32635 -5.72635 4.55
    endloop
  endfacet
  facet normal 0 0 1
    outer loop
      vertex 6.7 6.4 4.55
      vertex 7.14871 6.35581 4.55
      vertex 6.92544 6.38892 4.55
    endloop
  endfacet
  facet normal 0 0 1
    outer loop
      vertex 8.32635 -5.72635 4.55
      vertex 6.7 -6.4 4.55
      vertex 8.1591 -5.87792 4.55
    endloop
  endfacet
  facet normal 0 0 1
    outer loop
      vertex 9 4.1 4.55
      vertex 6.7 6.4 4.55
      vertex 2.42528 1.29634 4.55
    endloop
  endfacet
  facet normal 0 0 1
    outer loop
      vertex 8.1591 -5.87792 4.55
      vertex 6.7 -6.4 4.55
      vertex 7.97781 -6.01238 4.55
    endloop
  endfacet
  facet normal 0 0 1
    outer loop
      vertex 7.97781 -6.01238 4.55
      vertex 6.7 -6.4 4.55
      vertex 7.78421 -6.12842 4.55
    endloop
  endfacet
  facet normal 0 0 1
    outer loop
      vertex 9 4.1 4.55
      vertex 2.73676 0.269547 4.55
      vertex 2.75 0 4.55
    endloop
  endfacet
  facet normal 0 0 1
    outer loop
      vertex 9 4.1 4.55
      vertex 2.69716 0.536498 4.55
      vertex 2.73676 0.269547 4.55
    endloop
  endfacet
  facet normal 0 0 1
    outer loop
      vertex 9 4.1 4.55
      vertex 2.63159 0.798283 4.55
      vertex 2.69716 0.536498 4.55
    endloop
  endfacet
  facet normal 0 0 1
    outer loop
      vertex 9 4.1 4.55
      vertex 2.54067 1.05238 4.55
      vertex 2.63159 0.798283 4.55
    endloop
  endfacet
  facet normal 0 0 1
    outer loop
      vertex 9 4.1 4.55
      vertex 2.42528 1.29634 4.55
      vertex 2.54067 1.05238 4.55
    endloop
  endfacet
  facet normal -0 0 1
    outer loop
      vertex 1.98183 3.74348 4.55
      vertex 2.42528 1.29634 4.55
      vertex 6.7 6.4 4.55
    endloop
  endfacet
  facet normal 0 0 1
    outer loop
      vertex 2.42528 1.29634 4.55
      vertex 1.98183 3.74348 4.55
      vertex 2.28654 1.52782 4.55
    endloop
  endfacet
  facet normal 0 0 1
    outer loop
      vertex 1.98183 3.74348 4.55
      vertex 6.7 6.4 4.55
      vertex 1.98183 3.92773 4.55
    endloop
  endfacet
  facet normal 0 0 1
    outer loop
      vertex 6.7 6.4 4.55
      vertex 1.69708 4.98559 4.55
      vertex 1.98183 3.92773 4.55
    endloop
  endfacet
  facet normal 0 0 1
    outer loop
      vertex 6.7 6.4 4.55
      vertex 1.46259 4.98559 4.55
      vertex 1.69708 4.98559 4.55
    endloop
  endfacet
  facet normal -0 0 1
    outer loop
      vertex 0.958237 4.65408 4.55
      vertex 1.1514 4.58888 4.55
      vertex 1.1514 4.7837 4.55
    endloop
  endfacet
  facet normal 0 0 1
    outer loop
      vertex 1.02144 3.74348 4.55
      vertex 1.14169 3.74348 4.55
      vertex 1.14169 3.92773 4.55
    endloop
  endfacet
  facet normal 0 0 1
    outer loop
      vertex 0.936859 4.48138 4.55
      vertex 1.1514 4.58888 4.55
      vertex 0.945099 4.5064 4.55
    endloop
  endfacet
  facet normal 0 0 1
    outer loop
      vertex 0.798283 2.63159 4.55
      vertex 1.14169 3.74348 4.55
      vertex 1.02144 3.74348 4.55
    endloop
  endfacet
  facet normal 0 0 1
    outer loop
      vertex 1.1514 4.58888 4.55
      vertex 0.959717 4.61533 4.55
      vertex 0.958817 4.58677 4.55
    endloop
  endfacet
  facet normal 0 0 1
    outer loop
      vertex 1.1514 4.58888 4.55
      vertex 0.958237 4.65408 4.55
      vertex 0.959717 4.61533 4.55
    endloop
  endfacet
  facet normal 0 0 1
    outer loop
      vertex 1.1514 4.7837 4.55
      vertex 0.953766 4.69076 4.55
      vertex 0.958237 4.65408 4.55
    endloop
  endfacet
  facet normal -0 0 1
    outer loop
      vertex 0.838943 4.88993 4.55
      vertex 1.1514 4.7837 4.55
      vertex 1.46259 4.98559 4.55
    endloop
  endfacet
  facet normal 0 0 1
    outer loop
      vertex 1.1514 4.7837 4.55
      vertex 0.946304 4.72538 4.55
      vertex 0.953766 4.69076 4.55
    endloop
  endfacet
  facet normal 0 0 1
    outer loop
      vertex 1.1514 4.7837 4.55
      vertex 0.935867 4.75794 4.55
      vertex 0.946304 4.72538 4.55
    endloop
  endfacet
  facet normal 0 0 1
    outer loop
      vertex 1.1514 4.7837 4.55
      vertex 0.92244 4.78846 4.55
      vertex 0.935867 4.75794 4.55
    endloop
  endfacet
  facet normal 0 0 1
    outer loop
      vertex 1.1514 4.7837 4.55
      vertex 0.906036 4.81692 4.55
      vertex 0.92244 4.78846 4.55
    endloop
  endfacet
  facet normal 0 0 1
    outer loop
      vertex 1.1514 4.7837 4.55
      vertex 0.886658 4.84332 4.55
      vertex 0.906036 4.81692 4.55
    endloop
  endfacet
  facet normal 0 0 1
    outer loop
      vertex 0.544128 4.9844 4.55
      vertex 1.46259 4.98559 4.55
      vertex 6.7 6.4 4.55
    endloop
  endfacet
  facet normal 0 0 1
    outer loop
      vertex 1.1514 4.7837 4.55
      vertex 0.864288 4.86765 4.55
      vertex 0.886658 4.84332 4.55
    endloop
  endfacet
  facet normal 0 0 1
    outer loop
      vertex 1.1514 4.7837 4.55
      vertex 0.838943 4.88993 4.55
      vertex 0.864288 4.86765 4.55
    endloop
  endfacet
  facet normal 0 0 1
    outer loop
      vertex 1.46259 4.98559 4.55
      vertex 0.810852 4.91001 4.55
      vertex 0.838943 4.88993 4.55
    endloop
  endfacet
  facet normal 0 0 1
    outer loop
      vertex 1.46259 4.98559 4.55
      vertex 0.780258 4.92771 4.55
      vertex 0.810852 4.91001 4.55
    endloop
  endfacet
  facet normal 0 0 1
    outer loop
      vertex 1.46259 4.98559 4.55
      vertex 0.747162 4.94308 4.55
      vertex 0.780258 4.92771 4.55
    endloop
  endfacet
  facet normal 0 0 1
    outer loop
      vertex 1.46259 4.98559 4.55
      vertex 0.711563 4.95606 4.55
      vertex 0.747162 4.94308 4.55
    endloop
  endfacet
  facet normal 0 0 1
    outer loop
      vertex 1.46259 4.98559 4.55
      vertex 0.673462 4.96668 4.55
      vertex 0.711563 4.95606 4.55
    endloop
  endfacet
  facet normal 0 0 1
    outer loop
      vertex 1.46259 4.98559 4.55
      vertex 0.632858 4.97495 4.55
      vertex 0.673462 4.96668 4.55
    endloop
  endfacet
  facet normal 0 0 1
    outer loop
      vertex 1.46259 4.98559 4.55
      vertex 0.589737 4.98086 4.55
      vertex 0.632858 4.97495 4.55
    endloop
  endfacet
  facet normal 0 0 1
    outer loop
      vertex 1.46259 4.98559 4.55
      vertex 0.544128 4.9844 4.55
      vertex 0.589737 4.98086 4.55
    endloop
  endfacet
  facet normal 0 0 1
    outer loop
      vertex 6.7 6.4 4.55
      vertex 0.496017 4.98559 4.55
      vertex 0.544128 4.9844 4.55
    endloop
  endfacet
  facet normal 0 0 1
    outer loop
      vertex 6.7 6.4 4.55
      vertex -0.124588 4.98559 4.55
      vertex 0.496017 4.98559 4.55
    endloop
  endfacet
  facet normal -0 0 1
    outer loop
      vertex -0.303589 4.31915 4.55
      vertex -0.124588 3.74348 4.55
      vertex -0.124588 4.98559 4.55
    endloop
  endfacet
  facet normal 0 0 1
    outer loop
      vertex -0.124588 3.74348 4.55
      vertex -0.303589 4.31915 4.55
      vertex -0.303589 4.10403 4.55
    endloop
  endfacet
  facet normal -0 0 1
    outer loop
      vertex -0.87204 4.67165 4.55
      vertex -0.303589 4.31915 4.55
      vertex -0.124588 4.98559 4.55
    endloop
  endfacet
  facet normal -0 0 1
    outer loop
      vertex -0.978653 4.3028 4.55
      vertex -0.762009 4.10403 4.55
      vertex -0.762009 4.31915 4.55
    endloop
  endfacet
  facet normal 0 0 1
    outer loop
      vertex -0.303589 4.31915 4.55
      vertex -0.866776 4.56608 4.55
      vertex -0.762009 4.31915 4.55
    endloop
  endfacet
  facet normal -0 0 1
    outer loop
      vertex -0.866776 4.56608 4.55
      vertex -0.303589 4.31915 4.55
      vertex -0.866089 4.5924 4.55
    endloop
  endfacet
  facet normal 0 0 1
    outer loop
      vertex -0.303589 4.31915 4.55
      vertex -0.867584 4.63308 4.55
      vertex -0.866089 4.5924 4.55
    endloop
  endfacet
  facet normal 0 0 1
    outer loop
      vertex -0.303589 4.31915 4.55
      vertex -0.87204 4.67165 4.55
      vertex -0.867584 4.63308 4.55
    endloop
  endfacet
  facet normal 0 0 1
    outer loop
      vertex -0.124588 4.98559 4.55
      vertex -0.879471 4.70814 4.55
      vertex -0.87204 4.67165 4.55
    endloop
  endfacet
  facet normal 0 0 1
    outer loop
      vertex -0.124588 4.98559 4.55
      vertex -0.889862 4.74252 4.55
      vertex -0.879471 4.70814 4.55
    endloop
  endfacet
  facet normal 0 0 1
    outer loop
      vertex -0.124588 4.98559 4.55
      vertex -0.903244 4.77479 4.55
      vertex -0.889862 4.74252 4.55
    endloop
  endfacet
  facet normal 0 0 1
    outer loop
      vertex -0.124588 4.98559 4.55
      vertex -0.919586 4.80497 4.55
      vertex -0.903244 4.77479 4.55
    endloop
  endfacet
  facet normal 0 0 1
    outer loop
      vertex -0.124588 4.98559 4.55
      vertex -0.938889 4.83303 4.55
      vertex -0.919586 4.80497 4.55
    endloop
  endfacet
  facet normal -0 0 1
    outer loop
      vertex -6.7 6.4 4.55
      vertex -0.124588 4.98559 4.55
      vertex 6.7 6.4 4.55
    endloop
  endfacet
  facet normal 0 0 1
    outer loop
      vertex -0.124588 4.98559 4.55
      vertex -0.961182 4.85902 4.55
      vertex -0.938889 4.83303 4.55
    endloop
  endfacet
  facet normal 0 0 1
    outer loop
      vertex -0.124588 4.98559 4.55
      vertex -0.986435 4.88288 4.55
      vertex -0.961182 4.85902 4.55
    endloop
  endfacet
  facet normal 0 0 1
    outer loop
      vertex -0.124588 4.98559 4.55
      vertex -1.01445 4.90444 4.55
      vertex -0.986435 4.88288 4.55
    endloop
  endfacet
  facet normal 0 0 1
    outer loop
      vertex -0.124588 4.98559 4.55
      vertex -1.04498 4.92346 4.55
      vertex -1.01445 4.90444 4.55
    endloop
  endfacet
  facet normal 0 0 1
    outer loop
      vertex -0.124588 4.98559 4.55
      vertex -1.07806 4.93993 4.55
      vertex -1.04498 4.92346 4.55
    endloop
  endfacet
  facet normal 0 0 1
    outer loop
      vertex -0.124588 4.98559 4.55
      vertex -1.11368 4.95388 4.55
      vertex -1.07806 4.93993 4.55
    endloop
  endfacet
  facet normal 0 0 1
    outer loop
      vertex -0.124588 4.98559 4.55
      vertex -1.15182 4.96529 4.55
      vertex -1.11368 4.95388 4.55
    endloop
  endfacet
  facet normal 0 0 1
    outer loop
      vertex -0.124588 4.98559 4.55
      vertex -1.19252 4.97418 4.55
      vertex -1.15182 4.96529 4.55
    endloop
  endfacet
  facet normal 0 0 1
    outer loop
      vertex -0.124588 4.98559 4.55
      vertex -1.23573 4.98051 4.55
      vertex -1.19252 4.97418 4.55
    endloop
  endfacet
  facet normal 0 0 1
    outer loop
      vertex -0.124588 4.98559 4.55
      vertex -1.28149 4.98432 4.55
      vertex -1.23573 4.98051 4.55
    endloop
  endfacet
  facet normal 0 0 1
    outer loop
      vertex -0.124588 4.98559 4.55
      vertex -6.7 6.4 4.55
      vertex -1.28149 4.98432 4.55
    endloop
  endfacet
  facet normal 0 0 1
    outer loop
      vertex -1.28149 4.98432 4.55
      vertex -6.7 6.4 4.55
      vertex -1.32979 4.98559 4.55
    endloop
  endfacet
  facet normal 0 0 1
    outer loop
      vertex -6.7 6.4 4.55
      vertex -1.88783 3.74348 4.55
      vertex -1.88783 4.98559 4.55
    endloop
  endfacet
  facet normal 0 0 1
    outer loop
      vertex -1.88783 3.74348 4.55
      vertex -2.12578 1.74458 4.55
      vertex -1.94454 1.94454 4.55
    endloop
  endfacet
  facet normal 0 0 1
    outer loop
      vertex -1.88783 3.74348 4.55
      vertex -2.28654 1.52782 4.55
      vertex -2.12578 1.74458 4.55
    endloop
  endfacet
  facet normal 0 0 1
    outer loop
      vertex -1.88783 3.74348 4.55
      vertex -6.7 6.4 4.55
      vertex -2.28654 1.52782 4.55
    endloop
  endfacet
  facet normal 0 0 1
    outer loop
      vertex -2.28654 1.52782 4.55
      vertex -6.7 6.4 4.55
      vertex -2.42528 1.29634 4.55
    endloop
  endfacet
  facet normal -0 0 1
    outer loop
      vertex -9 4.1 4.55
      vertex -2.42528 1.29634 4.55
      vertex -6.7 6.4 4.55
    endloop
  endfacet
  facet normal 0 0 1
    outer loop
      vertex -2.42528 1.29634 4.55
      vertex -9 4.1 4.55
      vertex -2.54067 1.05238 4.55
    endloop
  endfacet
  facet normal 0 0 1
    outer loop
      vertex -2.69716 0.536498 4.55
      vertex -9 4.1 4.55
      vertex -2.73676 0.269547 4.55
    endloop
  endfacet
  facet normal 0 0 1
    outer loop
      vertex -2.63159 0.798283 4.55
      vertex -9 4.1 4.55
      vertex -2.69716 0.536498 4.55
    endloop
  endfacet
  facet normal 0 0 1
    outer loop
      vertex -2.54067 1.05238 4.55
      vertex -9 4.1 4.55
      vertex -2.63159 0.798283 4.55
    endloop
  endfacet
  facet normal 0 0 1
    outer loop
      vertex -1.32979 4.98559 4.55
      vertex -6.7 6.4 4.55
      vertex -1.88783 4.98559 4.55
    endloop
  endfacet
  facet normal 0 0 1
    outer loop
      vertex 7.58017 -6.22492 4.55
      vertex 6.7 -6.4 4.55
      vertex 7.36765 -6.30096 4.55
    endloop
  endfacet
  facet normal 0 0 1
    outer loop
      vertex 7.36765 -6.30096 4.55
      vertex 6.7 -6.4 4.55
      vertex 7.14871 -6.35581 4.55
    endloop
  endfacet
  facet normal 0 0 1
    outer loop
      vertex 7.14871 -6.35581 4.55
      vertex 6.7 -6.4 4.55
      vertex 6.92544 -6.38892 4.55
    endloop
  endfacet
  facet normal 0 0 1
    outer loop
      vertex 7.78421 -6.12842 4.55
      vertex 6.7 -6.4 4.55
      vertex 7.58017 -6.22492 4.55
    endloop
  endfacet
  facet normal 0 0 1
    outer loop
      vertex 8.95581 -4.54871 4.55
      vertex 6.7 -6.4 4.55
      vertex 8.90096 -4.76765 4.55
    endloop
  endfacet
  facet normal -0 0 1
    outer loop
      vertex 2.28654 -1.52782 4.55
      vertex 6.7 -6.4 4.55
      vertex 2.42528 -1.29634 4.55
    endloop
  endfacet
  facet normal -0 0 1
    outer loop
      vertex 2.12578 -1.74458 4.55
      vertex 6.7 -6.4 4.55
      vertex 2.28654 -1.52782 4.55
    endloop
  endfacet
  facet normal -0 0 1
    outer loop
      vertex 1.94454 -1.94454 4.55
      vertex 6.7 -6.4 4.55
      vertex 2.12578 -1.74458 4.55
    endloop
  endfacet
  facet normal -0 0 1
    outer loop
      vertex 1.74458 -2.12578 4.55
      vertex 6.7 -6.4 4.55
      vertex 1.94454 -1.94454 4.55
    endloop
  endfacet
  facet normal -0 0 1
    outer loop
      vertex 1.52782 -2.28654 4.55
      vertex 6.7 -6.4 4.55
      vertex 1.74458 -2.12578 4.55
    endloop
  endfacet
  facet normal -0 0 1
    outer loop
      vertex 1.29634 -2.42528 4.55
      vertex 6.7 -6.4 4.55
      vertex 1.52782 -2.28654 4.55
    endloop
  endfacet
  facet normal -0 0 1
    outer loop
      vertex 1.05238 -2.54067 4.55
      vertex 6.7 -6.4 4.55
      vertex 1.29634 -2.42528 4.55
    endloop
  endfacet
  facet normal -0 0 1
    outer loop
      vertex 0.798283 -2.63159 4.55
      vertex 6.7 -6.4 4.55
      vertex 1.05238 -2.54067 4.55
    endloop
  endfacet
  facet normal -0 0 1
    outer loop
      vertex 0.536498 -2.69716 4.55
      vertex 6.7 -6.4 4.55
      vertex 0.798283 -2.63159 4.55
    endloop
  endfacet
  facet normal -0 0 1
    outer loop
      vertex 0.269547 -2.73676 4.55
      vertex 6.7 -6.4 4.55
      vertex 0.536498 -2.69716 4.55
    endloop
  endfacet
  facet normal -0 0 1
    outer loop
      vertex 0 -2.75 4.55
      vertex 6.7 -6.4 4.55
      vertex 0.269547 -2.73676 4.55
    endloop
  endfacet
  facet normal 0 0 1
    outer loop
      vertex -6.7 -6.4 4.55
      vertex 0 -2.75 4.55
      vertex -0.269547 -2.73676 4.55
    endloop
  endfacet
  facet normal 0 0 1
    outer loop
      vertex -6.7 -6.4 4.55
      vertex -0.269547 -2.73676 4.55
      vertex -0.536498 -2.69716 4.55
    endloop
  endfacet
  facet normal 0 0 1
    outer loop
      vertex -6.7 -6.4 4.55
      vertex -0.536498 -2.69716 4.55
      vertex -0.798283 -2.63159 4.55
    endloop
  endfacet
  facet normal 0 0 1
    outer loop
      vertex -6.7 -6.4 4.55
      vertex -0.798283 -2.63159 4.55
      vertex -1.05238 -2.54067 4.55
    endloop
  endfacet
  facet normal 0 0 1
    outer loop
      vertex -6.7 -6.4 4.55
      vertex -1.05238 -2.54067 4.55
      vertex -1.29634 -2.42528 4.55
    endloop
  endfacet
  facet normal 0 0 1
    outer loop
      vertex -2.73676 0.269547 4.55
      vertex -9 4.1 4.55
      vertex -2.75 0 4.55
    endloop
  endfacet
  facet normal 0 0 1
    outer loop
      vertex -9 -4.1 4.55
      vertex -2.75 0 4.55
      vertex -9 4.1 4.55
    endloop
  endfacet
  facet normal 0 0 1
    outer loop
      vertex -2.75 0 4.55
      vertex -9 -4.1 4.55
      vertex -2.73676 -0.269547 4.55
    endloop
  endfacet
  facet normal 0 0 1
    outer loop
      vertex -2.73676 -0.269547 4.55
      vertex -9 -4.1 4.55
      vertex -2.69716 -0.536498 4.55
    endloop
  endfacet
  facet normal 0 0 1
    outer loop
      vertex -2.69716 -0.536498 4.55
      vertex -9 -4.1 4.55
      vertex -2.63159 -0.798283 4.55
    endloop
  endfacet
  facet normal 0 0 1
    outer loop
      vertex 0 -2.75 4.55
      vertex -6.7 -6.4 4.55
      vertex 6.7 -6.4 4.55
    endloop
  endfacet
  facet normal 0 0 1
    outer loop
      vertex -1.52782 -2.28654 4.55
      vertex -6.7 -6.4 4.55
      vertex -1.29634 -2.42528 4.55
    endloop
  endfacet
  facet normal 0 0 1
    outer loop
      vertex -1.74458 -2.12578 4.55
      vertex -6.7 -6.4 4.55
      vertex -1.52782 -2.28654 4.55
    endloop
  endfacet
  facet normal 0 0 1
    outer loop
      vertex -1.94454 -1.94454 4.55
      vertex -6.7 -6.4 4.55
      vertex -1.74458 -2.12578 4.55
    endloop
  endfacet
  facet normal 0 0 1
    outer loop
      vertex -2.12578 -1.74458 4.55
      vertex -6.7 -6.4 4.55
      vertex -1.94454 -1.94454 4.55
    endloop
  endfacet
  facet normal 0 0 1
    outer loop
      vertex -2.28654 -1.52782 4.55
      vertex -6.7 -6.4 4.55
      vertex -2.12578 -1.74458 4.55
    endloop
  endfacet
  facet normal 0 0 1
    outer loop
      vertex -2.42528 -1.29634 4.55
      vertex -6.7 -6.4 4.55
      vertex -2.28654 -1.52782 4.55
    endloop
  endfacet
  facet normal 0 0 1
    outer loop
      vertex -2.63159 -0.798283 4.55
      vertex -9 -4.1 4.55
      vertex -2.54067 -1.05238 4.55
    endloop
  endfacet
  facet normal 0 0 1
    outer loop
      vertex -9 4.1 4.55
      vertex -6.7 6.4 4.55
      vertex -6.92544 6.38892 4.55
    endloop
  endfacet
  facet normal 0 0 1
    outer loop
      vertex -2.54067 -1.05238 4.55
      vertex -9 -4.1 4.55
      vertex -2.42528 -1.29634 4.55
    endloop
  endfacet
  facet normal 0 0 1
    outer loop
      vertex -9 4.1 4.55
      vertex -6.92544 6.38892 4.55
      vertex -7.14871 6.35581 4.55
    endloop
  endfacet
  facet normal 0 0 1
    outer loop
      vertex -2.42528 -1.29634 4.55
      vertex -9 -4.1 4.55
      vertex -6.7 -6.4 4.55
    endloop
  endfacet
  facet normal 0 0 1
    outer loop
      vertex -9 4.1 4.55
      vertex -7.14871 6.35581 4.55
      vertex -7.36765 6.30096 4.55
    endloop
  endfacet
  facet normal 0 0 1
    outer loop
      vertex -6.7 -6.4 4.55
      vertex -9 -4.1 4.55
      vertex -6.92544 -6.38892 4.55
    endloop
  endfacet
  facet normal 0 0 1
    outer loop
      vertex -9 4.1 4.55
      vertex -7.36765 6.30096 4.55
      vertex -7.58017 6.22492 4.55
    endloop
  endfacet
  facet normal 0 0 1
    outer loop
      vertex -6.92544 -6.38892 4.55
      vertex -9 -4.1 4.55
      vertex -7.14871 -6.35581 4.55
    endloop
  endfacet
  facet normal 0 0 1
    outer loop
      vertex -9 4.1 4.55
      vertex -7.58017 6.22492 4.55
      vertex -7.78421 6.12842 4.55
    endloop
  endfacet
  facet normal 0 0 1
    outer loop
      vertex -7.14871 -6.35581 4.55
      vertex -9 -4.1 4.55
      vertex -7.36765 -6.30096 4.55
    endloop
  endfacet
  facet normal 0 0 1
    outer loop
      vertex -9 4.1 4.55
      vertex -7.78421 6.12842 4.55
      vertex -7.97781 6.01238 4.55
    endloop
  endfacet
  facet normal 0 0 1
    outer loop
      vertex -7.36765 -6.30096 4.55
      vertex -9 -4.1 4.55
      vertex -7.58017 -6.22492 4.55
    endloop
  endfacet
  facet normal 0 0 1
    outer loop
      vertex -9 4.1 4.55
      vertex -7.97781 6.01238 4.55
      vertex -8.1591 5.87792 4.55
    endloop
  endfacet
  facet normal 0 0 1
    outer loop
      vertex -7.58017 -6.22492 4.55
      vertex -9 -4.1 4.55
      vertex -7.78421 -6.12842 4.55
    endloop
  endfacet
  facet normal 0 0 1
    outer loop
      vertex -9 4.1 4.55
      vertex -8.1591 5.87792 4.55
      vertex -8.32635 5.72635 4.55
    endloop
  endfacet
  facet normal 0 0 1
    outer loop
      vertex -7.78421 -6.12842 4.55
      vertex -9 -4.1 4.55
      vertex -7.97781 -6.01238 4.55
    endloop
  endfacet
  facet normal 0 0 1
    outer loop
      vertex -9 4.1 4.55
      vertex -8.32635 5.72635 4.55
      vertex -8.47792 5.5591 4.55
    endloop
  endfacet
  facet normal 0 0 1
    outer loop
      vertex -7.97781 -6.01238 4.55
      vertex -9 -4.1 4.55
      vertex -8.1591 -5.87792 4.55
    endloop
  endfacet
  facet normal 0 0 1
    outer loop
      vertex -9 4.1 4.55
      vertex -8.47792 5.5591 4.55
      vertex -8.61238 5.37781 4.55
    endloop
  endfacet
  facet normal 0 0 1
    outer loop
      vertex -8.1591 -5.87792 4.55
      vertex -9 -4.1 4.55
      vertex -8.32635 -5.72635 4.55
    endloop
  endfacet
  facet normal 0 0 1
    outer loop
      vertex -9 4.1 4.55
      vertex -8.61238 5.37781 4.55
      vertex -8.72842 5.18421 4.55
    endloop
  endfacet
  facet normal 0 0 1
    outer loop
      vertex -8.32635 -5.72635 4.55
      vertex -9 -4.1 4.55
      vertex -8.47792 -5.5591 4.55
    endloop
  endfacet
  facet normal 0 0 1
    outer loop
      vertex -9 4.1 4.55
      vertex -8.72842 5.18421 4.55
      vertex -8.82492 4.98017 4.55
    endloop
  endfacet
  facet normal 0 0 1
    outer loop
      vertex -8.47792 -5.5591 4.55
      vertex -9 -4.1 4.55
      vertex -8.61238 -5.37781 4.55
    endloop
  endfacet
  facet normal 0 0 1
    outer loop
      vertex -9 4.1 4.55
      vertex -8.82492 4.98017 4.55
      vertex -8.90096 4.76765 4.55
    endloop
  endfacet
  facet normal 0 0 1
    outer loop
      vertex -8.61238 -5.37781 4.55
      vertex -9 -4.1 4.55
      vertex -8.72842 -5.18421 4.55
    endloop
  endfacet
  facet normal 0 0 1
    outer loop
      vertex -9 4.1 4.55
      vertex -8.90096 4.76765 4.55
      vertex -8.95581 4.54871 4.55
    endloop
  endfacet
  facet normal 0 0 1
    outer loop
      vertex -8.72842 -5.18421 4.55
      vertex -9 -4.1 4.55
      vertex -8.82492 -4.98017 4.55
    endloop
  endfacet
  facet normal 0 0 1
    outer loop
      vertex -9 4.1 4.55
      vertex -8.95581 4.54871 4.55
      vertex -8.98892 4.32544 4.55
    endloop
  endfacet
  facet normal 0 0 1
    outer loop
      vertex -8.82492 -4.98017 4.55
      vertex -9 -4.1 4.55
      vertex -8.90096 -4.76765 4.55
    endloop
  endfacet
  facet normal 0 0 1
    outer loop
      vertex -8.90096 -4.76765 4.55
      vertex -9 -4.1 4.55
      vertex -8.95581 -4.54871 4.55
    endloop
  endfacet
  facet normal 0 0 1
    outer loop
      vertex -8.95581 -4.54871 4.55
      vertex -9 -4.1 4.55
      vertex -8.98892 -4.32544 4.55
    endloop
  endfacet
  facet normal 0 0 1
    outer loop
      vertex 2.28654 1.52782 4.55
      vertex 1.98183 3.74348 4.55
      vertex 2.12578 1.74458 4.55
    endloop
  endfacet
  facet normal 0 0 1
    outer loop
      vertex 1.98183 3.74348 4.55
      vertex 1.94454 1.94454 4.55
      vertex 2.12578 1.74458 4.55
    endloop
  endfacet
  facet normal 0 0 1
    outer loop
      vertex 1.98183 3.74348 4.55
      vertex 1.74458 2.12578 4.55
      vertex 1.94454 1.94454 4.55
    endloop
  endfacet
  facet normal 0 0 1
    outer loop
      vertex 1.98183 3.74348 4.55
      vertex 1.52782 2.28654 4.55
      vertex 1.74458 2.12578 4.55
    endloop
  endfacet
  facet normal 0 0 1
    outer loop
      vertex 1.98183 3.74348 4.55
      vertex 1.29634 2.42528 4.55
      vertex 1.52782 2.28654 4.55
    endloop
  endfacet
  facet normal -0 0 1
    outer loop
      vertex 1.14169 3.74348 4.55
      vertex 1.29634 2.42528 4.55
      vertex 1.98183 3.74348 4.55
    endloop
  endfacet
  facet normal 0 0 1
    outer loop
      vertex 1.29634 2.42528 4.55
      vertex 1.14169 3.74348 4.55
      vertex 1.05238 2.54067 4.55
    endloop
  endfacet
  facet normal 0 0 1
    outer loop
      vertex 1.98183 3.92773 4.55
      vertex 1.69708 4.98559 4.55
      vertex 1.69708 3.92773 4.55
    endloop
  endfacet
  facet normal -0 0 1
    outer loop
      vertex 1.1514 4.58888 4.55
      vertex 1.44936 3.92773 4.55
      vertex 1.44936 4.7749 4.55
    endloop
  endfacet
  facet normal 0 0 1
    outer loop
      vertex 1.44936 3.92773 4.55
      vertex 1.1514 4.58888 4.55
      vertex 1.14169 3.92773 4.55
    endloop
  endfacet
  facet normal 0 0 1
    outer loop
      vertex 1.14169 3.74348 4.55
      vertex 0.798283 2.63159 4.55
      vertex 1.05238 2.54067 4.55
    endloop
  endfacet
  facet normal -0 0 1
    outer loop
      vertex 0.72876 3.74348 4.55
      vertex 0.798283 2.63159 4.55
      vertex 1.02144 3.74348 4.55
    endloop
  endfacet
  facet normal 0 0 1
    outer loop
      vertex 0.72876 3.74348 4.55
      vertex 0.536498 2.69716 4.55
      vertex 0.798283 2.63159 4.55
    endloop
  endfacet
  facet normal 0 0 1
    outer loop
      vertex 0.135452 3.74348 4.55
      vertex 0.72876 3.74348 4.55
      vertex 0.440475 4.21511 4.55
    endloop
  endfacet
  facet normal 0 -0 1
    outer loop
      vertex 0.269547 2.73676 4.55
      vertex 0.72876 3.74348 4.55
      vertex 0.135452 3.74348 4.55
    endloop
  endfacet
  facet normal 0 0 1
    outer loop
      vertex 0.135452 3.74348 4.55
      vertex 0.440475 4.21511 4.55
      vertex 0.135452 4.21511 4.55
    endloop
  endfacet
  facet normal 0 0 1
    outer loop
      vertex 0.72876 3.74348 4.55
      vertex 0.269547 2.73676 4.55
      vertex 0.536498 2.69716 4.55
    endloop
  endfacet
  facet normal 0 0 1
    outer loop
      vertex 0.135452 3.74348 4.55
      vertex 0 2.75 4.55
      vertex 0.269547 2.73676 4.55
    endloop
  endfacet
  facet normal -0 0 1
    outer loop
      vertex -0.124588 3.74348 4.55
      vertex 0 2.75 4.55
      vertex 0.135452 3.74348 4.55
    endloop
  endfacet
  facet normal 0 0 1
    outer loop
      vertex 0 2.75 4.55
      vertex -0.124588 3.74348 4.55
      vertex -0.269547 2.73676 4.55
    endloop
  endfacet
  facet normal 0 0 1
    outer loop
      vertex 1.1514 4.58888 4.55
      vertex 0.958817 4.58677 4.55
      vertex 0.95607 4.55911 4.55
    endloop
  endfacet
  facet normal 0 0 1
    outer loop
      vertex 1.1514 4.58888 4.55
      vertex 0.95607 4.55911 4.55
      vertex 0.951492 4.53231 4.55
    endloop
  endfacet
  facet normal 0 0 1
    outer loop
      vertex 1.1514 4.58888 4.55
      vertex 0.951492 4.53231 4.55
      vertex 0.945099 4.5064 4.55
    endloop
  endfacet
  facet normal 0 0 1
    outer loop
      vertex 0.926804 4.45722 4.55
      vertex 1.1514 4.58888 4.55
      vertex 0.936859 4.48138 4.55
    endloop
  endfacet
  facet normal 0 0 1
    outer loop
      vertex 0.914917 4.43397 4.55
      vertex 1.1514 4.58888 4.55
      vertex 0.926804 4.45722 4.55
    endloop
  endfacet
  facet normal 0 0 1
    outer loop
      vertex 1.1514 4.58888 4.55
      vertex 0.914917 4.43397 4.55
      vertex 1.14169 3.92773 4.55
    endloop
  endfacet
  facet normal -0 0 1
    outer loop
      vertex 0.901199 4.41158 4.55
      vertex 1.14169 3.92773 4.55
      vertex 0.914917 4.43397 4.55
    endloop
  endfacet
  facet normal -0 0 1
    outer loop
      vertex 0.885666 4.39008 4.55
      vertex 1.14169 3.92773 4.55
      vertex 0.901199 4.41158 4.55
    endloop
  endfacet
  facet normal -0 0 1
    outer loop
      vertex 0.868561 4.36982 4.55
      vertex 1.14169 3.92773 4.55
      vertex 0.885666 4.39008 4.55
    endloop
  endfacet
  facet normal -0 0 1
    outer loop
      vertex 0.850189 4.35116 4.55
      vertex 1.14169 3.92773 4.55
      vertex 0.868561 4.36982 4.55
    endloop
  endfacet
  facet normal -0 0 1
    outer loop
      vertex 0.830521 4.33412 4.55
      vertex 1.14169 3.92773 4.55
      vertex 0.850189 4.35116 4.55
    endloop
  endfacet
  facet normal -0 0 1
    outer loop
      vertex 0.80957 4.31866 4.55
      vertex 1.14169 3.92773 4.55
      vertex 0.830521 4.33412 4.55
    endloop
  endfacet
  facet normal -0 0 1
    outer loop
      vertex 0.787338 4.3048 4.55
      vertex 1.14169 3.92773 4.55
      vertex 0.80957 4.31866 4.55
    endloop
  endfacet
  facet normal -0 0 1
    outer loop
      vertex 0.763809 4.29255 4.55
      vertex 1.14169 3.92773 4.55
      vertex 0.787338 4.3048 4.55
    endloop
  endfacet
  facet normal -0 0 1
    outer loop
      vertex 0.739014 4.28188 4.55
      vertex 1.14169 3.92773 4.55
      vertex 0.763809 4.29255 4.55
    endloop
  endfacet
  facet normal 0 0 1
    outer loop
      vertex 1.14169 3.92773 4.55
      vertex 0.739014 4.28188 4.55
      vertex 1.02144 3.74348 4.55
    endloop
  endfacet
  facet normal -0 0 1
    outer loop
      vertex 0.712921 4.27282 4.55
      vertex 1.02144 3.74348 4.55
      vertex 0.739014 4.28188 4.55
    endloop
  endfacet
  facet normal 0 0 1
    outer loop
      vertex 1.02144 3.74348 4.55
      vertex 0.712921 4.27282 4.55
      vertex 0.685547 4.26536 4.55
    endloop
  endfacet
  facet normal -0 0 1
    outer loop
      vertex -0.762009 4.10403 4.55
      vertex -0.124588 3.74348 4.55
      vertex -0.303589 4.10403 4.55
    endloop
  endfacet
  facet normal 0 0 1
    outer loop
      vertex -0.124588 3.74348 4.55
      vertex -0.536498 2.69716 4.55
      vertex -0.269547 2.73676 4.55
    endloop
  endfacet
  facet normal 0 0 1
    outer loop
      vertex -0.124588 3.74348 4.55
      vertex -0.762009 4.10403 4.55
      vertex -0.536498 2.69716 4.55
    endloop
  endfacet
  facet normal 0 0 1
    outer loop
      vertex -0.536498 2.69716 4.55
      vertex -0.762009 4.10403 4.55
      vertex -0.798283 2.63159 4.55
    endloop
  endfacet
  facet normal -0 0 1
    outer loop
      vertex -0.86879 4.54038 4.55
      vertex -0.762009 4.31915 4.55
      vertex -0.866776 4.56608 4.55
    endloop
  endfacet
  facet normal -0 0 1
    outer loop
      vertex -0.872162 4.51531 4.55
      vertex -0.762009 4.31915 4.55
      vertex -0.86879 4.54038 4.55
    endloop
  endfacet
  facet normal -0 0 1
    outer loop
      vertex -0.876892 4.49088 4.55
      vertex -0.762009 4.31915 4.55
      vertex -0.872162 4.51531 4.55
    endloop
  endfacet
  facet normal -0 0 1
    outer loop
      vertex -0.882965 4.46708 4.55
      vertex -0.762009 4.31915 4.55
      vertex -0.876892 4.49088 4.55
    endloop
  endfacet
  facet normal -0 0 1
    outer loop
      vertex -0.890396 4.44392 4.55
      vertex -0.762009 4.31915 4.55
      vertex -0.882965 4.46708 4.55
    endloop
  endfacet
  facet normal -0 0 1
    outer loop
      vertex -0.89917 4.42136 4.55
      vertex -0.762009 4.31915 4.55
      vertex -0.890396 4.44392 4.55
    endloop
  endfacet
  facet normal -0 0 1
    outer loop
      vertex -0.909286 4.39947 4.55
      vertex -0.762009 4.31915 4.55
      vertex -0.89917 4.42136 4.55
    endloop
  endfacet
  facet normal -0 0 1
    outer loop
      vertex -0.920761 4.37818 4.55
      vertex -0.762009 4.31915 4.55
      vertex -0.909286 4.39947 4.55
    endloop
  endfacet
  facet normal -0 0 1
    outer loop
      vertex -0.933487 4.35775 4.55
      vertex -0.762009 4.31915 4.55
      vertex -0.920761 4.37818 4.55
    endloop
  endfacet
  facet normal -0 0 1
    outer loop
      vertex -0.947372 4.33839 4.55
      vertex -0.762009 4.31915 4.55
      vertex -0.933487 4.35775 4.55
    endloop
  endfacet
  facet normal -0 0 1
    outer loop
      vertex -0.962433 4.32006 4.55
      vertex -0.762009 4.31915 4.55
      vertex -0.947372 4.33839 4.55
    endloop
  endfacet
  facet normal 0 0 1
    outer loop
      vertex -0.978653 4.3028 4.55
      vertex -0.762009 4.31915 4.55
      vertex -0.962433 4.32006 4.55
    endloop
  endfacet
  facet normal 0 0 1
    outer loop
      vertex -0.762009 4.10403 4.55
      vertex -0.978653 4.3028 4.55
      vertex -0.996048 4.28658 4.55
    endloop
  endfacet
  facet normal 0 0 1
    outer loop
      vertex -0.762009 4.10403 4.55
      vertex -0.996048 4.28658 4.55
      vertex -1.01459 4.27143 4.55
    endloop
  endfacet
  facet normal 0 0 1
    outer loop
      vertex -0.762009 4.10403 4.55
      vertex -1.01459 4.27143 4.55
      vertex -1.0343 4.25733 4.55
    endloop
  endfacet
  facet normal 0 0 1
    outer loop
      vertex -0.762009 4.10403 4.55
      vertex -1.0343 4.25733 4.55
      vertex -1.05519 4.24429 4.55
    endloop
  endfacet
  facet normal 0 0 1
    outer loop
      vertex -0.762009 4.10403 4.55
      vertex -1.05519 4.24429 4.55
      vertex -1.07722 4.23231 4.55
    endloop
  endfacet
  facet normal -0 0 1
    outer loop
      vertex -1.10033 4.22147 4.55
      vertex -0.762009 4.10403 4.55
      vertex -1.07722 4.23231 4.55
    endloop
  endfacet
  facet normal -0 0 1
    outer loop
      vertex -1.12437 4.21192 4.55
      vertex -0.762009 4.10403 4.55
      vertex -1.10033 4.22147 4.55
    endloop
  endfacet
  facet normal -0 0 1
    outer loop
      vertex -1.14937 4.20365 4.55
      vertex -0.762009 4.10403 4.55
      vertex -1.12437 4.21192 4.55
    endloop
  endfacet
  facet normal 0 0 1
    outer loop
      vertex -0.762009 4.10403 4.55
      vertex -1.62776 3.74348 4.55
      vertex -0.798283 2.63159 4.55
    endloop
  endfacet
  facet normal -0 0 1
    outer loop
      vertex -1.17531 4.19665 4.55
      vertex -0.762009 4.10403 4.55
      vertex -1.14937 4.20365 4.55
    endloop
  endfacet
  facet normal -0 0 1
    outer loop
      vertex -1.20219 4.19091 4.55
      vertex -0.762009 4.10403 4.55
      vertex -1.17531 4.19665 4.55
    endloop
  endfacet
  facet normal 0 0 1
    outer loop
      vertex -0.762009 4.10403 4.55
      vertex -1.20219 4.19091 4.55
      vertex -1.62776 3.74348 4.55
    endloop
  endfacet
  facet normal 0 0 1
    outer loop
      vertex -1.62776 3.74348 4.55
      vertex -1.20219 4.19091 4.55
      vertex -1.23003 4.18646 4.55
    endloop
  endfacet
  facet normal 0 0 1
    outer loop
      vertex -1.62776 3.74348 4.55
      vertex -1.23003 4.18646 4.55
      vertex -1.25882 4.18328 4.55
    endloop
  endfacet
  facet normal 0 0 1
    outer loop
      vertex -1.62776 3.74348 4.55
      vertex -1.25882 4.18328 4.55
      vertex -1.28854 4.18137 4.55
    endloop
  endfacet
  facet normal 0 0 1
    outer loop
      vertex -0.798283 2.63159 4.55
      vertex -1.62776 3.74348 4.55
      vertex -1.05238 2.54067 4.55
    endloop
  endfacet
  facet normal 0 0 1
    outer loop
      vertex -1.62776 3.74348 4.55
      vertex -1.28854 4.18137 4.55
      vertex -1.31923 4.18073 4.55
    endloop
  endfacet
  facet normal 0 0 1
    outer loop
      vertex -1.05238 2.54067 4.55
      vertex -1.62776 3.74348 4.55
      vertex -1.29634 2.42528 4.55
    endloop
  endfacet
  facet normal 0 0 1
    outer loop
      vertex -1.62776 3.74348 4.55
      vertex -1.31923 4.18073 4.55
      vertex -1.62776 4.18073 4.55
    endloop
  endfacet
  facet normal -0 0 1
    outer loop
      vertex -1.88783 3.74348 4.55
      vertex -1.29634 2.42528 4.55
      vertex -1.62776 3.74348 4.55
    endloop
  endfacet
  facet normal 0 0 1
    outer loop
      vertex -1.29634 2.42528 4.55
      vertex -1.88783 3.74348 4.55
      vertex -1.52782 2.28654 4.55
    endloop
  endfacet
  facet normal 0 0 1
    outer loop
      vertex -1.52782 2.28654 4.55
      vertex -1.88783 3.74348 4.55
      vertex -1.74458 2.12578 4.55
    endloop
  endfacet
  facet normal 0 0 1
    outer loop
      vertex -1.74458 2.12578 4.55
      vertex -1.88783 3.74348 4.55
      vertex -1.94454 1.94454 4.55
    endloop
  endfacet
  facet normal 0 0 1
    outer loop
      vertex -1.26764 4.77404 4.55
      vertex -1.12791 4.58799 4.55
      vertex -1.13077 4.62907 4.55
    endloop
  endfacet
  facet normal 0 0 1
    outer loop
      vertex -1.31041 4.78129 4.55
      vertex -1.12791 4.58799 4.55
      vertex -1.26764 4.77404 4.55
    endloop
  endfacet
  facet normal 0 0 1
    outer loop
      vertex -1.12791 4.58799 4.55
      vertex -1.31041 4.78129 4.55
      vertex -1.12863 4.56625 4.55
    endloop
  endfacet
  facet normal 0 0 1
    outer loop
      vertex -1.23058 4.76196 4.55
      vertex -1.13077 4.62907 4.55
      vertex -1.13933 4.66531 4.55
    endloop
  endfacet
  facet normal 0 -0 1
    outer loop
      vertex -1.28563 4.38676 4.55
      vertex -1.12863 4.56625 4.55
      vertex -1.31041 4.78129 4.55
    endloop
  endfacet
  facet normal 0 0 1
    outer loop
      vertex -1.12863 4.56625 4.55
      vertex -1.28563 4.38676 4.55
      vertex -1.13078 4.54566 4.55
    endloop
  endfacet
  facet normal 0 0 1
    outer loop
      vertex -1.1992 4.74505 4.55
      vertex -1.13933 4.66531 4.55
      vertex -1.15358 4.69672 4.55
    endloop
  endfacet
  facet normal 0 -0 1
    outer loop
      vertex -1.26599 4.39137 4.55
      vertex -1.13078 4.54566 4.55
      vertex -1.28563 4.38676 4.55
    endloop
  endfacet
  facet normal 0 0 1
    outer loop
      vertex -1.13438 4.52624 4.55
      vertex -1.24757 4.39729 4.55
      vertex -1.1394 4.50799 4.55
    endloop
  endfacet
  facet normal 0 0 1
    outer loop
      vertex -1.1992 4.74505 4.55
      vertex -1.15358 4.69672 4.55
      vertex -1.17354 4.72331 4.55
    endloop
  endfacet
  facet normal 0 0 1
    outer loop
      vertex -1.13077 4.62907 4.55
      vertex -1.23058 4.76196 4.55
      vertex -1.26764 4.77404 4.55
    endloop
  endfacet
  facet normal 0 -0 1
    outer loop
      vertex -1.23038 4.40453 4.55
      vertex -1.1394 4.50799 4.55
      vertex -1.24757 4.39729 4.55
    endloop
  endfacet
  facet normal 0 0 1
    outer loop
      vertex -1.13933 4.66531 4.55
      vertex -1.1992 4.74505 4.55
      vertex -1.23058 4.76196 4.55
    endloop
  endfacet
  facet normal 0 0 1
    outer loop
      vertex -1.1394 4.50799 4.55
      vertex -1.23038 4.40453 4.55
      vertex -1.14587 4.49088 4.55
    endloop
  endfacet
  facet normal 0 0 1
    outer loop
      vertex -1.15378 4.47497 4.55
      vertex -1.23038 4.40453 4.55
      vertex -1.16312 4.4602 4.55
    endloop
  endfacet
  facet normal 0 0 1
    outer loop
      vertex -1.17389 4.4466 4.55
      vertex -1.23038 4.40453 4.55
      vertex -1.1861 4.43417 4.55
    endloop
  endfacet
  facet normal 0 0 1
    outer loop
      vertex -1.1861 4.43417 4.55
      vertex -1.2144 4.41309 4.55
      vertex -1.19965 4.42297 4.55
    endloop
  endfacet
  facet normal 0 0 1
    outer loop
      vertex -1.1861 4.43417 4.55
      vertex -1.23038 4.40453 4.55
      vertex -1.2144 4.41309 4.55
    endloop
  endfacet
  facet normal 0 0 1
    outer loop
      vertex -1.16312 4.4602 4.55
      vertex -1.23038 4.40453 4.55
      vertex -1.17389 4.4466 4.55
    endloop
  endfacet
  facet normal 0 0 1
    outer loop
      vertex -1.14587 4.49088 4.55
      vertex -1.23038 4.40453 4.55
      vertex -1.15378 4.47497 4.55
    endloop
  endfacet
  facet normal 0 -0 1
    outer loop
      vertex -1.24757 4.39729 4.55
      vertex -1.13438 4.52624 4.55
      vertex -1.26599 4.39137 4.55
    endloop
  endfacet
  facet normal 0 0 1
    outer loop
      vertex -1.13078 4.54566 4.55
      vertex -1.26599 4.39137 4.55
      vertex -1.13438 4.52624 4.55
    endloop
  endfacet
  facet normal 0 0 1
    outer loop
      vertex -1.28563 4.38676 4.55
      vertex -1.31041 4.78129 4.55
      vertex -1.30647 4.38346 4.55
    endloop
  endfacet
  facet normal 0 0 1
    outer loop
      vertex -1.31041 4.78129 4.55
      vertex -1.32855 4.38148 4.55
      vertex -1.30647 4.38346 4.55
    endloop
  endfacet
  facet normal 0 0 1
    outer loop
      vertex -1.31041 4.78129 4.55
      vertex -1.35184 4.38082 4.55
      vertex -1.32855 4.38148 4.55
    endloop
  endfacet
  facet normal 0 0 1
    outer loop
      vertex -1.35889 4.7837 4.55
      vertex -1.35184 4.38082 4.55
      vertex -1.31041 4.78129 4.55
    endloop
  endfacet
  facet normal 0 0 1
    outer loop
      vertex -1.62776 4.38082 4.55
      vertex -1.35889 4.7837 4.55
      vertex -1.62776 4.7837 4.55
    endloop
  endfacet
  facet normal 0 0 1
    outer loop
      vertex -1.35889 4.7837 4.55
      vertex -1.62776 4.38082 4.55
      vertex -1.35184 4.38082 4.55
    endloop
  endfacet
  facet normal 0 0 1
    outer loop
      vertex 0.559235 4.77487 4.55
      vertex 0.697189 4.58546 4.55
      vertex 0.697891 4.60474 4.55
    endloop
  endfacet
  facet normal 0 0 1
    outer loop
      vertex 0.596024 4.76382 4.55
      vertex 0.697891 4.60474 4.55
      vertex 0.695068 4.64231 4.55
    endloop
  endfacet
  facet normal 0 -0 1
    outer loop
      vertex 0.562454 4.42672 4.55
      vertex 0.697189 4.58546 4.55
      vertex 0.559235 4.77487 4.55
    endloop
  endfacet
  facet normal 0 0 1
    outer loop
      vertex 0.697189 4.58546 4.55
      vertex 0.580872 4.43221 4.55
      vertex 0.695099 4.56713 4.55
    endloop
  endfacet
  facet normal 0 0 1
    outer loop
      vertex 0.596024 4.76382 4.55
      vertex 0.695068 4.64231 4.55
      vertex 0.686569 4.67545 4.55
    endloop
  endfacet
  facet normal 0 0 1
    outer loop
      vertex 0.697891 4.60474 4.55
      vertex 0.596024 4.76382 4.55
      vertex 0.559235 4.77487 4.55
    endloop
  endfacet
  facet normal 0 0 1
    outer loop
      vertex 0.695099 4.56713 4.55
      vertex 0.580872 4.43221 4.55
      vertex 0.69162 4.5498 4.55
    endloop
  endfacet
  facet normal 0 0 1
    outer loop
      vertex 0.627151 4.74836 4.55
      vertex 0.686569 4.67545 4.55
      vertex 0.672424 4.70417 4.55
    endloop
  endfacet
  facet normal 0 -0 1
    outer loop
      vertex 0.597977 4.43891 4.55
      vertex 0.69162 4.5498 4.55
      vertex 0.580872 4.43221 4.55
    endloop
  endfacet
  facet normal 0 0 1
    outer loop
      vertex 0.69162 4.5498 4.55
      vertex 0.597977 4.43891 4.55
      vertex 0.686752 4.53344 4.55
    endloop
  endfacet
  facet normal 0 0 1
    outer loop
      vertex 0.627151 4.74836 4.55
      vertex 0.672424 4.70417 4.55
      vertex 0.652618 4.72848 4.55
    endloop
  endfacet
  facet normal 0 0 1
    outer loop
      vertex 0.686569 4.67545 4.55
      vertex 0.627151 4.74836 4.55
      vertex 0.596024 4.76382 4.55
    endloop
  endfacet
  facet normal 0 0 1
    outer loop
      vertex 0.686752 4.53344 4.55
      vertex 0.613785 4.44683 4.55
      vertex 0.680481 4.51806 4.55
    endloop
  endfacet
  facet normal 0 0 1
    outer loop
      vertex 0.663757 4.49024 4.55
      vertex 0.613785 4.44683 4.55
      vertex 0.653305 4.47781 4.55
    endloop
  endfacet
  facet normal 0 0 1
    outer loop
      vertex 0.653305 4.47781 4.55
      vertex 0.628281 4.45597 4.55
      vertex 0.641464 4.46633 4.55
    endloop
  endfacet
  facet normal 0 0 1
    outer loop
      vertex 0.653305 4.47781 4.55
      vertex 0.613785 4.44683 4.55
      vertex 0.628281 4.45597 4.55
    endloop
  endfacet
  facet normal 0 0 1
    outer loop
      vertex 0.672821 4.50366 4.55
      vertex 0.613785 4.44683 4.55
      vertex 0.663757 4.49024 4.55
    endloop
  endfacet
  facet normal 0 0 1
    outer loop
      vertex 0.680481 4.51806 4.55
      vertex 0.613785 4.44683 4.55
      vertex 0.672821 4.50366 4.55
    endloop
  endfacet
  facet normal 0 -0 1
    outer loop
      vertex 0.613785 4.44683 4.55
      vertex 0.686752 4.53344 4.55
      vertex 0.597977 4.43891 4.55
    endloop
  endfacet
  facet normal 0 0 1
    outer loop
      vertex 0.697189 4.58546 4.55
      vertex 0.562454 4.42672 4.55
      vertex 0.580872 4.43221 4.55
    endloop
  endfacet
  facet normal 0 0 1
    outer loop
      vertex 0.559235 4.77487 4.55
      vertex 0.54274 4.42246 4.55
      vertex 0.562454 4.42672 4.55
    endloop
  endfacet
  facet normal 0 0 1
    outer loop
      vertex 0.516785 4.7815 4.55
      vertex 0.54274 4.42246 4.55
      vertex 0.559235 4.77487 4.55
    endloop
  endfacet
  facet normal 0 0 1
    outer loop
      vertex 0.54274 4.42246 4.55
      vertex 0.516785 4.7815 4.55
      vertex 0.521713 4.41941 4.55
    endloop
  endfacet
  facet normal 0 0 1
    outer loop
      vertex 0.516785 4.7815 4.55
      vertex 0.49939 4.41758 4.55
      vertex 0.521713 4.41941 4.55
    endloop
  endfacet
  facet normal 0 0 1
    outer loop
      vertex 0.516785 4.7815 4.55
      vertex 0.475754 4.41697 4.55
      vertex 0.49939 4.41758 4.55
    endloop
  endfacet
  facet normal 0 0 1
    outer loop
      vertex 0.468689 4.7837 4.55
      vertex 0.475754 4.41697 4.55
      vertex 0.516785 4.7815 4.55
    endloop
  endfacet
  facet normal 0 0 1
    outer loop
      vertex 0.135452 4.41697 4.55
      vertex 0.468689 4.7837 4.55
      vertex 0.135452 4.7837 4.55
    endloop
  endfacet
  facet normal 0 0 1
    outer loop
      vertex 0.468689 4.7837 4.55
      vertex 0.135452 4.41697 4.55
      vertex 0.475754 4.41697 4.55
    endloop
  endfacet
  facet normal -0.671519 0.740988 0
    outer loop
      vertex -8.1591 5.87792 3.55
      vertex -8.32635 5.72635 4.55
      vertex -8.1591 5.87792 4.55
    endloop
  endfacet
  facet normal -0.671519 0.740988 0
    outer loop
      vertex -8.32635 5.72635 4.55
      vertex -8.1591 5.87792 3.55
      vertex -8.32635 5.72635 3.55
    endloop
  endfacet
  facet normal 0.0490891 0.998794 -0
    outer loop
      vertex 6.92544 6.38892 3.55
      vertex 6.7 6.4 4.55
      vertex 6.92544 6.38892 4.55
    endloop
  endfacet
  facet normal 0.0490891 0.998794 0
    outer loop
      vertex 6.7 6.4 4.55
      vertex 6.92544 6.38892 3.55
      vertex 6.7 6.4 3.55
    endloop
  endfacet
  facet normal 0 1 -0
    outer loop
      vertex 6.7 6.4 3.55
      vertex -6.7 6.4 4.55
      vertex 6.7 6.4 4.55
    endloop
  endfacet
  facet normal 0 1 0
    outer loop
      vertex -6.7 6.4 4.55
      vertex 6.7 6.4 3.55
      vertex -6.7 6.4 3.55
    endloop
  endfacet
  facet normal 0.857727 0.514105 0
    outer loop
      vertex 8.72842 5.18421 4.55
      vertex 8.61238 5.37781 3.55
      vertex 8.61238 5.37781 4.55
    endloop
  endfacet
  facet normal 0.857727 0.514105 0
    outer loop
      vertex 8.61238 5.37781 3.55
      vertex 8.72842 5.18421 4.55
      vertex 8.72842 5.18421 3.55
    endloop
  endfacet
  facet normal -0.336886 -0.941545 0
    outer loop
      vertex -7.58017 -6.22492 3.55
      vertex -7.36765 -6.30096 4.55
      vertex -7.58017 -6.22492 4.55
    endloop
  endfacet
  facet normal -0.336886 -0.941545 -0
    outer loop
      vertex -7.36765 -6.30096 4.55
      vertex -7.58017 -6.22492 3.55
      vertex -7.36765 -6.30096 3.55
    endloop
  endfacet
  facet normal 0.336886 -0.941545 0
    outer loop
      vertex 7.36765 -6.30096 3.55
      vertex 7.58017 -6.22492 4.55
      vertex 7.36765 -6.30096 4.55
    endloop
  endfacet
  facet normal 0.336886 -0.941545 0
    outer loop
      vertex 7.58017 -6.22492 4.55
      vertex 7.36765 -6.30096 3.55
      vertex 7.58017 -6.22492 3.55
    endloop
  endfacet
  facet normal 0.595717 -0.803194 0
    outer loop
      vertex 7.97781 -6.01238 3.55
      vertex 8.1591 -5.87792 4.55
      vertex 7.97781 -6.01238 4.55
    endloop
  endfacet
  facet normal 0.595717 -0.803194 0
    outer loop
      vertex 8.1591 -5.87792 4.55
      vertex 7.97781 -6.01238 3.55
      vertex 8.1591 -5.87792 3.55
    endloop
  endfacet
  facet normal 0.857727 -0.514105 0
    outer loop
      vertex 8.61238 -5.37781 4.55
      vertex 8.72842 -5.18421 3.55
      vertex 8.72842 -5.18421 4.55
    endloop
  endfacet
  facet normal 0.857727 -0.514105 0
    outer loop
      vertex 8.72842 -5.18421 3.55
      vertex 8.61238 -5.37781 4.55
      vertex 8.61238 -5.37781 3.55
    endloop
  endfacet
  facet normal 0.903996 -0.427542 0
    outer loop
      vertex 8.72842 -5.18421 4.55
      vertex 8.82492 -4.98017 3.55
      vertex 8.82492 -4.98017 4.55
    endloop
  endfacet
  facet normal 0.903996 -0.427542 0
    outer loop
      vertex 8.82492 -4.98017 3.55
      vertex 8.72842 -5.18421 4.55
      vertex 8.72842 -5.18421 3.55
    endloop
  endfacet
  facet normal -0.970022 -0.243015 0
    outer loop
      vertex -8.90096 -4.76765 3.55
      vertex -8.95581 -4.54871 4.55
      vertex -8.95581 -4.54871 3.55
    endloop
  endfacet
  facet normal -0.970022 -0.243015 0
    outer loop
      vertex -8.95581 -4.54871 4.55
      vertex -8.90096 -4.76765 3.55
      vertex -8.90096 -4.76765 4.55
    endloop
  endfacet
  facet normal -0.989182 -0.146692 0
    outer loop
      vertex -8.95581 -4.54871 3.55
      vertex -8.98892 -4.32544 4.55
      vertex -8.98892 -4.32544 3.55
    endloop
  endfacet
  facet normal -0.989182 -0.146692 0
    outer loop
      vertex -8.98892 -4.32544 4.55
      vertex -8.95581 -4.54871 3.55
      vertex -8.95581 -4.54871 4.55
    endloop
  endfacet
  facet normal -0.671519 -0.740988 0
    outer loop
      vertex -8.32635 -5.72635 3.55
      vertex -8.1591 -5.87792 4.55
      vertex -8.32635 -5.72635 4.55
    endloop
  endfacet
  facet normal -0.671519 -0.740988 -0
    outer loop
      vertex -8.1591 -5.87792 4.55
      vertex -8.32635 -5.72635 3.55
      vertex -8.1591 -5.87792 3.55
    endloop
  endfacet
  facet normal -0.857727 0.514105 0
    outer loop
      vertex -8.72842 5.18421 3.55
      vertex -8.61238 5.37781 4.55
      vertex -8.61238 5.37781 3.55
    endloop
  endfacet
  facet normal -0.857727 0.514105 0
    outer loop
      vertex -8.61238 5.37781 4.55
      vertex -8.72842 5.18421 3.55
      vertex -8.72842 5.18421 4.55
    endloop
  endfacet
  facet normal -0.595717 0.803194 0
    outer loop
      vertex -7.97781 6.01238 3.55
      vertex -8.1591 5.87792 4.55
      vertex -7.97781 6.01238 4.55
    endloop
  endfacet
  facet normal -0.595717 0.803194 0
    outer loop
      vertex -8.1591 5.87792 4.55
      vertex -7.97781 6.01238 3.55
      vertex -8.1591 5.87792 3.55
    endloop
  endfacet
  facet normal 0.146692 0.989182 -0
    outer loop
      vertex 7.14871 6.35581 3.55
      vertex 6.92544 6.38892 4.55
      vertex 7.14871 6.35581 4.55
    endloop
  endfacet
  facet normal 0.146692 0.989182 0
    outer loop
      vertex 6.92544 6.38892 4.55
      vertex 7.14871 6.35581 3.55
      vertex 6.92544 6.38892 3.55
    endloop
  endfacet
  facet normal 0.336886 0.941545 -0
    outer loop
      vertex 7.58017 6.22492 3.55
      vertex 7.36765 6.30096 4.55
      vertex 7.58017 6.22492 4.55
    endloop
  endfacet
  facet normal 0.336886 0.941545 0
    outer loop
      vertex 7.36765 6.30096 4.55
      vertex 7.58017 6.22492 3.55
      vertex 7.36765 6.30096 3.55
    endloop
  endfacet
  facet normal 0.427542 0.903996 -0
    outer loop
      vertex 7.78421 6.12842 3.55
      vertex 7.58017 6.22492 4.55
      vertex 7.78421 6.12842 4.55
    endloop
  endfacet
  facet normal 0.427542 0.903996 0
    outer loop
      vertex 7.58017 6.22492 4.55
      vertex 7.78421 6.12842 3.55
      vertex 7.58017 6.22492 3.55
    endloop
  endfacet
  facet normal 0.595717 0.803194 -0
    outer loop
      vertex 8.1591 5.87792 3.55
      vertex 7.97781 6.01238 4.55
      vertex 8.1591 5.87792 4.55
    endloop
  endfacet
  facet normal 0.595717 0.803194 0
    outer loop
      vertex 7.97781 6.01238 4.55
      vertex 8.1591 5.87792 3.55
      vertex 7.97781 6.01238 3.55
    endloop
  endfacet
  facet normal 0.671519 0.740988 -0
    outer loop
      vertex 8.32635 5.72635 3.55
      vertex 8.1591 5.87792 4.55
      vertex 8.32635 5.72635 4.55
    endloop
  endfacet
  facet normal 0.671519 0.740988 0
    outer loop
      vertex 8.1591 5.87792 4.55
      vertex 8.32635 5.72635 3.55
      vertex 8.1591 5.87792 3.55
    endloop
  endfacet
  facet normal 0.970022 0.243015 0
    outer loop
      vertex 8.95581 4.54871 4.55
      vertex 8.90096 4.76765 3.55
      vertex 8.90096 4.76765 4.55
    endloop
  endfacet
  facet normal 0.970022 0.243015 0
    outer loop
      vertex 8.90096 4.76765 3.55
      vertex 8.95581 4.54871 4.55
      vertex 8.95581 4.54871 3.55
    endloop
  endfacet
  facet normal 0.989182 0.146692 0
    outer loop
      vertex 8.98892 4.32544 4.55
      vertex 8.95581 4.54871 3.55
      vertex 8.95581 4.54871 4.55
    endloop
  endfacet
  facet normal 0.989182 0.146692 0
    outer loop
      vertex 8.95581 4.54871 3.55
      vertex 8.98892 4.32544 4.55
      vertex 8.98892 4.32544 3.55
    endloop
  endfacet
  facet normal 0.903996 0.427542 0
    outer loop
      vertex 8.82492 4.98017 4.55
      vertex 8.72842 5.18421 3.55
      vertex 8.72842 5.18421 4.55
    endloop
  endfacet
  facet normal 0.903996 0.427542 0
    outer loop
      vertex 8.72842 5.18421 3.55
      vertex 8.82492 4.98017 4.55
      vertex 8.82492 4.98017 3.55
    endloop
  endfacet
  facet normal -0.146692 -0.989182 0
    outer loop
      vertex -7.14871 -6.35581 3.55
      vertex -6.92544 -6.38892 4.55
      vertex -7.14871 -6.35581 4.55
    endloop
  endfacet
  facet normal -0.146692 -0.989182 -0
    outer loop
      vertex -6.92544 -6.38892 4.55
      vertex -7.14871 -6.35581 3.55
      vertex -6.92544 -6.38892 3.55
    endloop
  endfacet
  facet normal -0.243015 -0.970022 0
    outer loop
      vertex -7.36765 -6.30096 3.55
      vertex -7.14871 -6.35581 4.55
      vertex -7.36765 -6.30096 4.55
    endloop
  endfacet
  facet normal -0.243015 -0.970022 -0
    outer loop
      vertex -7.14871 -6.35581 4.55
      vertex -7.36765 -6.30096 3.55
      vertex -7.14871 -6.35581 3.55
    endloop
  endfacet
  facet normal 0.514105 -0.857727 0
    outer loop
      vertex 7.78421 -6.12842 3.55
      vertex 7.97781 -6.01238 4.55
      vertex 7.78421 -6.12842 4.55
    endloop
  endfacet
  facet normal 0.514105 -0.857727 0
    outer loop
      vertex 7.97781 -6.01238 4.55
      vertex 7.78421 -6.12842 3.55
      vertex 7.97781 -6.01238 3.55
    endloop
  endfacet
  facet normal 0.243015 -0.970022 0
    outer loop
      vertex 7.14871 -6.35581 3.55
      vertex 7.36765 -6.30096 4.55
      vertex 7.14871 -6.35581 4.55
    endloop
  endfacet
  facet normal 0.243015 -0.970022 0
    outer loop
      vertex 7.36765 -6.30096 4.55
      vertex 7.14871 -6.35581 3.55
      vertex 7.36765 -6.30096 3.55
    endloop
  endfacet
  facet normal 0.146692 -0.989182 0
    outer loop
      vertex 6.92544 -6.38892 3.55
      vertex 7.14871 -6.35581 4.55
      vertex 6.92544 -6.38892 4.55
    endloop
  endfacet
  facet normal 0.146692 -0.989182 0
    outer loop
      vertex 7.14871 -6.35581 4.55
      vertex 6.92544 -6.38892 3.55
      vertex 7.14871 -6.35581 3.55
    endloop
  endfacet
  facet normal 0.803194 -0.595717 0
    outer loop
      vertex 8.47792 -5.5591 4.55
      vertex 8.61238 -5.37781 3.55
      vertex 8.61238 -5.37781 4.55
    endloop
  endfacet
  facet normal 0.803194 -0.595717 0
    outer loop
      vertex 8.61238 -5.37781 3.55
      vertex 8.47792 -5.5591 4.55
      vertex 8.47792 -5.5591 3.55
    endloop
  endfacet
  facet normal 0.740988 -0.671519 0
    outer loop
      vertex 8.32635 -5.72635 4.55
      vertex 8.47792 -5.5591 3.55
      vertex 8.47792 -5.5591 4.55
    endloop
  endfacet
  facet normal 0.740988 -0.671519 0
    outer loop
      vertex 8.47792 -5.5591 3.55
      vertex 8.32635 -5.72635 4.55
      vertex 8.32635 -5.72635 3.55
    endloop
  endfacet
  facet normal 0.970022 -0.243015 0
    outer loop
      vertex 8.90096 -4.76765 4.55
      vertex 8.95581 -4.54871 3.55
      vertex 8.95581 -4.54871 4.55
    endloop
  endfacet
  facet normal 0.970022 -0.243015 0
    outer loop
      vertex 8.95581 -4.54871 3.55
      vertex 8.90096 -4.76765 4.55
      vertex 8.90096 -4.76765 3.55
    endloop
  endfacet
  facet normal -0.941545 -0.336886 0
    outer loop
      vertex -8.82492 -4.98017 3.55
      vertex -8.90096 -4.76765 4.55
      vertex -8.90096 -4.76765 3.55
    endloop
  endfacet
  facet normal -0.941545 -0.336886 0
    outer loop
      vertex -8.90096 -4.76765 4.55
      vertex -8.82492 -4.98017 3.55
      vertex -8.82492 -4.98017 4.55
    endloop
  endfacet
  facet normal -0.740988 -0.671519 0
    outer loop
      vertex -8.32635 -5.72635 3.55
      vertex -8.47792 -5.5591 4.55
      vertex -8.47792 -5.5591 3.55
    endloop
  endfacet
  facet normal -0.740988 -0.671519 0
    outer loop
      vertex -8.47792 -5.5591 4.55
      vertex -8.32635 -5.72635 3.55
      vertex -8.32635 -5.72635 4.55
    endloop
  endfacet
  facet normal -0.941545 0.336886 0
    outer loop
      vertex -8.90096 4.76765 3.55
      vertex -8.82492 4.98017 4.55
      vertex -8.82492 4.98017 3.55
    endloop
  endfacet
  facet normal -0.941545 0.336886 0
    outer loop
      vertex -8.82492 4.98017 4.55
      vertex -8.90096 4.76765 3.55
      vertex -8.90096 4.76765 4.55
    endloop
  endfacet
  facet normal -0.903996 0.427542 0
    outer loop
      vertex -8.82492 4.98017 3.55
      vertex -8.72842 5.18421 4.55
      vertex -8.72842 5.18421 3.55
    endloop
  endfacet
  facet normal -0.903996 0.427542 0
    outer loop
      vertex -8.72842 5.18421 4.55
      vertex -8.82492 4.98017 3.55
      vertex -8.82492 4.98017 4.55
    endloop
  endfacet
  facet normal 0.243015 0.970022 -0
    outer loop
      vertex 7.36765 6.30096 3.55
      vertex 7.14871 6.35581 4.55
      vertex 7.36765 6.30096 4.55
    endloop
  endfacet
  facet normal 0.243015 0.970022 0
    outer loop
      vertex 7.14871 6.35581 4.55
      vertex 7.36765 6.30096 3.55
      vertex 7.14871 6.35581 3.55
    endloop
  endfacet
  facet normal 0.740988 0.671519 0
    outer loop
      vertex 8.47792 5.5591 4.55
      vertex 8.32635 5.72635 3.55
      vertex 8.32635 5.72635 4.55
    endloop
  endfacet
  facet normal 0.740988 0.671519 0
    outer loop
      vertex 8.32635 5.72635 3.55
      vertex 8.47792 5.5591 4.55
      vertex 8.47792 5.5591 3.55
    endloop
  endfacet
  facet normal 0.803194 0.595717 0
    outer loop
      vertex 8.61238 5.37781 4.55
      vertex 8.47792 5.5591 3.55
      vertex 8.47792 5.5591 4.55
    endloop
  endfacet
  facet normal 0.803194 0.595717 0
    outer loop
      vertex 8.47792 5.5591 3.55
      vertex 8.61238 5.37781 4.55
      vertex 8.61238 5.37781 3.55
    endloop
  endfacet
  facet normal 0.941545 0.336886 0
    outer loop
      vertex 8.90096 4.76765 4.55
      vertex 8.82492 4.98017 3.55
      vertex 8.82492 4.98017 4.55
    endloop
  endfacet
  facet normal 0.941545 0.336886 0
    outer loop
      vertex 8.82492 4.98017 3.55
      vertex 8.90096 4.76765 4.55
      vertex 8.90096 4.76765 3.55
    endloop
  endfacet
  facet normal -0.803194 0.595717 0
    outer loop
      vertex -8.61238 5.37781 3.55
      vertex -8.47792 5.5591 4.55
      vertex -8.47792 5.5591 3.55
    endloop
  endfacet
  facet normal -0.803194 0.595717 0
    outer loop
      vertex -8.47792 5.5591 4.55
      vertex -8.61238 5.37781 3.55
      vertex -8.61238 5.37781 4.55
    endloop
  endfacet
  facet normal -0.740988 0.671519 0
    outer loop
      vertex -8.47792 5.5591 3.55
      vertex -8.32635 5.72635 4.55
      vertex -8.32635 5.72635 3.55
    endloop
  endfacet
  facet normal -0.740988 0.671519 0
    outer loop
      vertex -8.32635 5.72635 4.55
      vertex -8.47792 5.5591 3.55
      vertex -8.47792 5.5591 4.55
    endloop
  endfacet
  facet normal -0.243015 0.970022 0
    outer loop
      vertex -7.14871 6.35581 3.55
      vertex -7.36765 6.30096 4.55
      vertex -7.14871 6.35581 4.55
    endloop
  endfacet
  facet normal -0.243015 0.970022 0
    outer loop
      vertex -7.36765 6.30096 4.55
      vertex -7.14871 6.35581 3.55
      vertex -7.36765 6.30096 3.55
    endloop
  endfacet
  facet normal -0.146692 0.989182 0
    outer loop
      vertex -6.92544 6.38892 3.55
      vertex -7.14871 6.35581 4.55
      vertex -6.92544 6.38892 4.55
    endloop
  endfacet
  facet normal -0.146692 0.989182 0
    outer loop
      vertex -7.14871 6.35581 4.55
      vertex -6.92544 6.38892 3.55
      vertex -7.14871 6.35581 3.55
    endloop
  endfacet
  facet normal -0.514105 0.857727 0
    outer loop
      vertex -7.78421 6.12842 3.55
      vertex -7.97781 6.01238 4.55
      vertex -7.78421 6.12842 4.55
    endloop
  endfacet
  facet normal -0.514105 0.857727 0
    outer loop
      vertex -7.97781 6.01238 4.55
      vertex -7.78421 6.12842 3.55
      vertex -7.97781 6.01238 3.55
    endloop
  endfacet
  facet normal -0.427542 0.903996 0
    outer loop
      vertex -7.58017 6.22492 3.55
      vertex -7.78421 6.12842 4.55
      vertex -7.58017 6.22492 4.55
    endloop
  endfacet
  facet normal -0.427542 0.903996 0
    outer loop
      vertex -7.78421 6.12842 4.55
      vertex -7.58017 6.22492 3.55
      vertex -7.78421 6.12842 3.55
    endloop
  endfacet
  facet normal -0.336886 0.941545 0
    outer loop
      vertex -7.36765 6.30096 3.55
      vertex -7.58017 6.22492 4.55
      vertex -7.36765 6.30096 4.55
    endloop
  endfacet
  facet normal -0.336886 0.941545 0
    outer loop
      vertex -7.58017 6.22492 4.55
      vertex -7.36765 6.30096 3.55
      vertex -7.58017 6.22492 3.55
    endloop
  endfacet
  facet normal 0.998796 0.0490603 0
    outer loop
      vertex 2.75 0 14.12
      vertex 2.73676 0.269547 4.55
      vertex 2.73676 0.269547 14.12
    endloop
  endfacet
  facet normal 0.998796 0.0490603 0
    outer loop
      vertex 2.73676 0.269547 4.55
      vertex 2.75 0 14.12
      vertex 2.75 0 4.55
    endloop
  endfacet
  facet normal -0.998796 0.0490603 0
    outer loop
      vertex -2.75 0 4.55
      vertex -2.73676 0.269547 14.12
      vertex -2.73676 0.269547 4.55
    endloop
  endfacet
  facet normal -0.998796 0.0490603 0
    outer loop
      vertex -2.73676 0.269547 14.12
      vertex -2.75 0 4.55
      vertex -2.75 0 14.12
    endloop
  endfacet
  facet normal 0.0490603 0.998796 -0
    outer loop
      vertex 0.269547 2.73676 4.55
      vertex 0 2.75 14.12
      vertex 0.269547 2.73676 14.12
    endloop
  endfacet
  facet normal 0.0490603 0.998796 0
    outer loop
      vertex 0 2.75 14.12
      vertex 0.269547 2.73676 4.55
      vertex 0 2.75 4.55
    endloop
  endfacet
  facet normal -0.0490603 -0.998796 0
    outer loop
      vertex -0.269547 -2.73676 4.55
      vertex 0 -2.75 14.12
      vertex -0.269547 -2.73676 14.12
    endloop
  endfacet
  facet normal -0.0490603 -0.998796 -0
    outer loop
      vertex 0 -2.75 14.12
      vertex -0.269547 -2.73676 4.55
      vertex 0 -2.75 4.55
    endloop
  endfacet
  facet normal 0.671573 0.740939 -0
    outer loop
      vertex 1.94454 1.94454 4.55
      vertex 1.74458 2.12578 14.12
      vertex 1.94454 1.94454 14.12
    endloop
  endfacet
  facet normal 0.671573 0.740939 0
    outer loop
      vertex 1.74458 2.12578 14.12
      vertex 1.94454 1.94454 4.55
      vertex 1.74458 2.12578 4.55
    endloop
  endfacet
  facet normal -0.671573 0.740939 0
    outer loop
      vertex -1.74458 2.12578 4.55
      vertex -1.94454 1.94454 14.12
      vertex -1.74458 2.12578 14.12
    endloop
  endfacet
  facet normal -0.671573 0.740939 0
    outer loop
      vertex -1.94454 1.94454 14.12
      vertex -1.74458 2.12578 4.55
      vertex -1.94454 1.94454 4.55
    endloop
  endfacet
  facet normal -0.336899 0.941541 0
    outer loop
      vertex -0.798283 2.63159 4.55
      vertex -1.05238 2.54067 14.12
      vertex -0.798283 2.63159 14.12
    endloop
  endfacet
  facet normal -0.336899 0.941541 0
    outer loop
      vertex -1.05238 2.54067 14.12
      vertex -0.798283 2.63159 4.55
      vertex -1.05238 2.54067 4.55
    endloop
  endfacet
  facet normal 0.903981 0.427572 0
    outer loop
      vertex 2.54067 1.05238 14.12
      vertex 2.42528 1.29634 4.55
      vertex 2.42528 1.29634 14.12
    endloop
  endfacet
  facet normal 0.903981 0.427572 0
    outer loop
      vertex 2.42528 1.29634 4.55
      vertex 2.54067 1.05238 14.12
      vertex 2.54067 1.05238 4.55
    endloop
  endfacet
  facet normal 0.427572 0.903981 -0
    outer loop
      vertex 1.29634 2.42528 4.55
      vertex 1.05238 2.54067 14.12
      vertex 1.29634 2.42528 14.12
    endloop
  endfacet
  facet normal 0.427572 0.903981 0
    outer loop
      vertex 1.05238 2.54067 14.12
      vertex 1.29634 2.42528 4.55
      vertex 1.05238 2.54067 4.55
    endloop
  endfacet
  facet normal 0.514092 0.857735 -0
    outer loop
      vertex 1.52782 2.28654 4.55
      vertex 1.29634 2.42528 14.12
      vertex 1.52782 2.28654 14.12
    endloop
  endfacet
  facet normal 0.514092 0.857735 0
    outer loop
      vertex 1.29634 2.42528 14.12
      vertex 1.52782 2.28654 4.55
      vertex 1.29634 2.42528 4.55
    endloop
  endfacet
  facet normal -0.903981 0.427572 0
    outer loop
      vertex -2.54067 1.05238 4.55
      vertex -2.42528 1.29634 14.12
      vertex -2.42528 1.29634 4.55
    endloop
  endfacet
  facet normal -0.903981 0.427572 0
    outer loop
      vertex -2.42528 1.29634 14.12
      vertex -2.54067 1.05238 4.55
      vertex -2.54067 1.05238 14.12
    endloop
  endfacet
  facet normal -0.146736 0.989176 0
    outer loop
      vertex -0.269547 2.73676 4.55
      vertex -0.536498 2.69716 14.12
      vertex -0.269547 2.73676 14.12
    endloop
  endfacet
  facet normal -0.146736 0.989176 0
    outer loop
      vertex -0.536498 2.69716 14.12
      vertex -0.269547 2.73676 4.55
      vertex -0.536498 2.69716 4.55
    endloop
  endfacet
  facet normal 0.941541 -0.336899 0
    outer loop
      vertex 2.54067 -1.05238 14.12
      vertex 2.63159 -0.798283 4.55
      vertex 2.63159 -0.798283 14.12
    endloop
  endfacet
  facet normal 0.941541 -0.336899 0
    outer loop
      vertex 2.63159 -0.798283 4.55
      vertex 2.54067 -1.05238 14.12
      vertex 2.54067 -1.05238 4.55
    endloop
  endfacet
  facet normal 0.970035 0.242967 0
    outer loop
      vertex 2.69716 0.536498 14.12
      vertex 2.63159 0.798283 4.55
      vertex 2.63159 0.798283 14.12
    endloop
  endfacet
  facet normal 0.970035 0.242967 0
    outer loop
      vertex 2.63159 0.798283 4.55
      vertex 2.69716 0.536498 14.12
      vertex 2.69716 0.536498 4.55
    endloop
  endfacet
  facet normal 0.989176 0.146736 0
    outer loop
      vertex 2.73676 0.269547 14.12
      vertex 2.69716 0.536498 4.55
      vertex 2.69716 0.536498 14.12
    endloop
  endfacet
  facet normal 0.989176 0.146736 0
    outer loop
      vertex 2.69716 0.536498 4.55
      vertex 2.73676 0.269547 14.12
      vertex 2.73676 0.269547 4.55
    endloop
  endfacet
  facet normal 0.941541 0.336899 0
    outer loop
      vertex 2.63159 0.798283 14.12
      vertex 2.54067 1.05238 4.55
      vertex 2.54067 1.05238 14.12
    endloop
  endfacet
  facet normal 0.941541 0.336899 0
    outer loop
      vertex 2.54067 1.05238 4.55
      vertex 2.63159 0.798283 14.12
      vertex 2.63159 0.798283 4.55
    endloop
  endfacet
  facet normal 0.803208 0.595699 0
    outer loop
      vertex 2.28654 1.52782 14.12
      vertex 2.12578 1.74458 4.55
      vertex 2.12578 1.74458 14.12
    endloop
  endfacet
  facet normal 0.803208 0.595699 0
    outer loop
      vertex 2.12578 1.74458 4.55
      vertex 2.28654 1.52782 14.12
      vertex 2.28654 1.52782 4.55
    endloop
  endfacet
  facet normal 0.740939 0.671573 0
    outer loop
      vertex 2.12578 1.74458 14.12
      vertex 1.94454 1.94454 4.55
      vertex 1.94454 1.94454 14.12
    endloop
  endfacet
  facet normal 0.740939 0.671573 0
    outer loop
      vertex 1.94454 1.94454 4.55
      vertex 2.12578 1.74458 14.12
      vertex 2.12578 1.74458 4.55
    endloop
  endfacet
  facet normal 0.857735 0.514092 0
    outer loop
      vertex 2.42528 1.29634 14.12
      vertex 2.28654 1.52782 4.55
      vertex 2.28654 1.52782 14.12
    endloop
  endfacet
  facet normal 0.857735 0.514092 0
    outer loop
      vertex 2.28654 1.52782 4.55
      vertex 2.42528 1.29634 14.12
      vertex 2.42528 1.29634 4.55
    endloop
  endfacet
  facet normal 0.242967 0.970035 -0
    outer loop
      vertex 0.798283 2.63159 4.55
      vertex 0.536498 2.69716 14.12
      vertex 0.798283 2.63159 14.12
    endloop
  endfacet
  facet normal 0.242967 0.970035 0
    outer loop
      vertex 0.536498 2.69716 14.12
      vertex 0.798283 2.63159 4.55
      vertex 0.536498 2.69716 4.55
    endloop
  endfacet
  facet normal 0.336899 0.941541 -0
    outer loop
      vertex 1.05238 2.54067 4.55
      vertex 0.798283 2.63159 14.12
      vertex 1.05238 2.54067 14.12
    endloop
  endfacet
  facet normal 0.336899 0.941541 0
    outer loop
      vertex 0.798283 2.63159 14.12
      vertex 1.05238 2.54067 4.55
      vertex 0.798283 2.63159 4.55
    endloop
  endfacet
  facet normal 0.146736 0.989176 -0
    outer loop
      vertex 0.536498 2.69716 4.55
      vertex 0.269547 2.73676 14.12
      vertex 0.536498 2.69716 14.12
    endloop
  endfacet
  facet normal 0.146736 0.989176 0
    outer loop
      vertex 0.269547 2.73676 14.12
      vertex 0.536498 2.69716 4.55
      vertex 0.269547 2.73676 4.55
    endloop
  endfacet
  facet normal 0.595699 0.803208 -0
    outer loop
      vertex 1.74458 2.12578 4.55
      vertex 1.52782 2.28654 14.12
      vertex 1.74458 2.12578 14.12
    endloop
  endfacet
  facet normal 0.595699 0.803208 0
    outer loop
      vertex 1.52782 2.28654 14.12
      vertex 1.74458 2.12578 4.55
      vertex 1.52782 2.28654 4.55
    endloop
  endfacet
  facet normal -0.970035 0.242967 0
    outer loop
      vertex -2.69716 0.536498 4.55
      vertex -2.63159 0.798283 14.12
      vertex -2.63159 0.798283 4.55
    endloop
  endfacet
  facet normal -0.970035 0.242967 0
    outer loop
      vertex -2.63159 0.798283 14.12
      vertex -2.69716 0.536498 4.55
      vertex -2.69716 0.536498 14.12
    endloop
  endfacet
  facet normal -0.803208 0.595699 0
    outer loop
      vertex -2.28654 1.52782 4.55
      vertex -2.12578 1.74458 14.12
      vertex -2.12578 1.74458 4.55
    endloop
  endfacet
  facet normal -0.803208 0.595699 0
    outer loop
      vertex -2.12578 1.74458 14.12
      vertex -2.28654 1.52782 4.55
      vertex -2.28654 1.52782 14.12
    endloop
  endfacet
  facet normal -0.740939 0.671573 0
    outer loop
      vertex -2.12578 1.74458 4.55
      vertex -1.94454 1.94454 14.12
      vertex -1.94454 1.94454 4.55
    endloop
  endfacet
  facet normal -0.740939 0.671573 0
    outer loop
      vertex -1.94454 1.94454 14.12
      vertex -2.12578 1.74458 4.55
      vertex -2.12578 1.74458 14.12
    endloop
  endfacet
  facet normal -0.857735 0.514092 0
    outer loop
      vertex -2.42528 1.29634 4.55
      vertex -2.28654 1.52782 14.12
      vertex -2.28654 1.52782 4.55
    endloop
  endfacet
  facet normal -0.857735 0.514092 0
    outer loop
      vertex -2.28654 1.52782 14.12
      vertex -2.42528 1.29634 4.55
      vertex -2.42528 1.29634 14.12
    endloop
  endfacet
  facet normal -0.941541 0.336899 0
    outer loop
      vertex -2.63159 0.798283 4.55
      vertex -2.54067 1.05238 14.12
      vertex -2.54067 1.05238 4.55
    endloop
  endfacet
  facet normal -0.941541 0.336899 0
    outer loop
      vertex -2.54067 1.05238 14.12
      vertex -2.63159 0.798283 4.55
      vertex -2.63159 0.798283 14.12
    endloop
  endfacet
  facet normal -0.989176 0.146736 0
    outer loop
      vertex -2.73676 0.269547 4.55
      vertex -2.69716 0.536498 14.12
      vertex -2.69716 0.536498 4.55
    endloop
  endfacet
  facet normal -0.989176 0.146736 0
    outer loop
      vertex -2.69716 0.536498 14.12
      vertex -2.73676 0.269547 4.55
      vertex -2.73676 0.269547 14.12
    endloop
  endfacet
  facet normal 0 0 1
    outer loop
      vertex 2.73676 0.269547 14.12
      vertex 2.73676 -0.269547 14.12
      vertex 2.75 0 14.12
    endloop
  endfacet
  facet normal 0 0 1
    outer loop
      vertex 2.69716 0.536498 14.12
      vertex 2.73676 -0.269547 14.12
      vertex 2.73676 0.269547 14.12
    endloop
  endfacet
  facet normal 0 0 1
    outer loop
      vertex 2.69716 0.536498 14.12
      vertex 2.69716 -0.536498 14.12
      vertex 2.73676 -0.269547 14.12
    endloop
  endfacet
  facet normal 0 0 1
    outer loop
      vertex 2.63159 0.798283 14.12
      vertex 2.69716 -0.536498 14.12
      vertex 2.69716 0.536498 14.12
    endloop
  endfacet
  facet normal 0 0 1
    outer loop
      vertex 2.63159 0.798283 14.12
      vertex 2.63159 -0.798283 14.12
      vertex 2.69716 -0.536498 14.12
    endloop
  endfacet
  facet normal 0 0 1
    outer loop
      vertex 2.54067 1.05238 14.12
      vertex 2.63159 -0.798283 14.12
      vertex 2.63159 0.798283 14.12
    endloop
  endfacet
  facet normal 0 0 1
    outer loop
      vertex 2.54067 1.05238 14.12
      vertex 2.54067 -1.05238 14.12
      vertex 2.63159 -0.798283 14.12
    endloop
  endfacet
  facet normal 0 0 1
    outer loop
      vertex 2.42528 1.29634 14.12
      vertex 2.54067 -1.05238 14.12
      vertex 2.54067 1.05238 14.12
    endloop
  endfacet
  facet normal 0 0 1
    outer loop
      vertex 2.42528 1.29634 14.12
      vertex 2.42528 -1.29634 14.12
      vertex 2.54067 -1.05238 14.12
    endloop
  endfacet
  facet normal 0 0 1
    outer loop
      vertex 2.28654 1.52782 14.12
      vertex 2.42528 -1.29634 14.12
      vertex 2.42528 1.29634 14.12
    endloop
  endfacet
  facet normal 0 0 1
    outer loop
      vertex 2.28654 1.52782 14.12
      vertex 2.28654 -1.52782 14.12
      vertex 2.42528 -1.29634 14.12
    endloop
  endfacet
  facet normal 0 0 1
    outer loop
      vertex 2.12578 1.74458 14.12
      vertex 2.28654 -1.52782 14.12
      vertex 2.28654 1.52782 14.12
    endloop
  endfacet
  facet normal 0 0 1
    outer loop
      vertex 2.12578 1.74458 14.12
      vertex 2.12578 -1.74458 14.12
      vertex 2.28654 -1.52782 14.12
    endloop
  endfacet
  facet normal 0 0 1
    outer loop
      vertex 1.94454 1.94454 14.12
      vertex 2.12578 -1.74458 14.12
      vertex 2.12578 1.74458 14.12
    endloop
  endfacet
  facet normal 0 0 1
    outer loop
      vertex 1.94454 1.94454 14.12
      vertex 1.94454 -1.94454 14.12
      vertex 2.12578 -1.74458 14.12
    endloop
  endfacet
  facet normal 0 0 1
    outer loop
      vertex 1.74458 2.12578 14.12
      vertex 1.94454 -1.94454 14.12
      vertex 1.94454 1.94454 14.12
    endloop
  endfacet
  facet normal 0 0 1
    outer loop
      vertex 1.74458 2.12578 14.12
      vertex 1.74458 -2.12578 14.12
      vertex 1.94454 -1.94454 14.12
    endloop
  endfacet
  facet normal 0 0 1
    outer loop
      vertex 1.52782 2.28654 14.12
      vertex 1.74458 -2.12578 14.12
      vertex 1.74458 2.12578 14.12
    endloop
  endfacet
  facet normal 0 0 1
    outer loop
      vertex 1.52782 2.28654 14.12
      vertex 1.52782 -2.28654 14.12
      vertex 1.74458 -2.12578 14.12
    endloop
  endfacet
  facet normal 0 0 1
    outer loop
      vertex 1.29634 2.42528 14.12
      vertex 1.52782 -2.28654 14.12
      vertex 1.52782 2.28654 14.12
    endloop
  endfacet
  facet normal 0 0 1
    outer loop
      vertex 1.29634 2.42528 14.12
      vertex 1.29634 -2.42528 14.12
      vertex 1.52782 -2.28654 14.12
    endloop
  endfacet
  facet normal 0 0 1
    outer loop
      vertex 1.05238 2.54067 14.12
      vertex 1.29634 -2.42528 14.12
      vertex 1.29634 2.42528 14.12
    endloop
  endfacet
  facet normal 0 0 1
    outer loop
      vertex 1.05238 2.54067 14.12
      vertex 1.05238 -2.54067 14.12
      vertex 1.29634 -2.42528 14.12
    endloop
  endfacet
  facet normal 0 0 1
    outer loop
      vertex 0.798283 2.63159 14.12
      vertex 1.05238 -2.54067 14.12
      vertex 1.05238 2.54067 14.12
    endloop
  endfacet
  facet normal 0 0 1
    outer loop
      vertex 0.798283 2.63159 14.12
      vertex 0.798283 -2.63159 14.12
      vertex 1.05238 -2.54067 14.12
    endloop
  endfacet
  facet normal 0 0 1
    outer loop
      vertex 0.536498 2.69716 14.12
      vertex 0.798283 -2.63159 14.12
      vertex 0.798283 2.63159 14.12
    endloop
  endfacet
  facet normal 0 0 1
    outer loop
      vertex 0.536498 2.69716 14.12
      vertex 0.536498 -2.69716 14.12
      vertex 0.798283 -2.63159 14.12
    endloop
  endfacet
  facet normal 0 0 1
    outer loop
      vertex 0.269547 2.73676 14.12
      vertex 0.536498 -2.69716 14.12
      vertex 0.536498 2.69716 14.12
    endloop
  endfacet
  facet normal 0 0 1
    outer loop
      vertex 0.269547 2.73676 14.12
      vertex 0.269547 -2.73676 14.12
      vertex 0.536498 -2.69716 14.12
    endloop
  endfacet
  facet normal 0 0 1
    outer loop
      vertex 0 2.75 14.12
      vertex 0.269547 -2.73676 14.12
      vertex 0.269547 2.73676 14.12
    endloop
  endfacet
  facet normal 0 0 1
    outer loop
      vertex 0 2.75 14.12
      vertex 0 -2.75 14.12
      vertex 0.269547 -2.73676 14.12
    endloop
  endfacet
  facet normal -0 0 1
    outer loop
      vertex -0.269547 2.73676 14.12
      vertex 0 -2.75 14.12
      vertex 0 2.75 14.12
    endloop
  endfacet
  facet normal 0 0 1
    outer loop
      vertex -0.269547 2.73676 14.12
      vertex -0.269547 -2.73676 14.12
      vertex 0 -2.75 14.12
    endloop
  endfacet
  facet normal -0 0 1
    outer loop
      vertex -0.536498 2.69716 14.12
      vertex -0.269547 -2.73676 14.12
      vertex -0.269547 2.73676 14.12
    endloop
  endfacet
  facet normal 0 0 1
    outer loop
      vertex -0.536498 2.69716 14.12
      vertex -0.536498 -2.69716 14.12
      vertex -0.269547 -2.73676 14.12
    endloop
  endfacet
  facet normal -0 0 1
    outer loop
      vertex -0.798283 2.63159 14.12
      vertex -0.536498 -2.69716 14.12
      vertex -0.536498 2.69716 14.12
    endloop
  endfacet
  facet normal 0 0 1
    outer loop
      vertex -0.798283 2.63159 14.12
      vertex -0.798283 -2.63159 14.12
      vertex -0.536498 -2.69716 14.12
    endloop
  endfacet
  facet normal -0 0 1
    outer loop
      vertex -1.05238 2.54067 14.12
      vertex -0.798283 -2.63159 14.12
      vertex -0.798283 2.63159 14.12
    endloop
  endfacet
  facet normal 0 0 1
    outer loop
      vertex -1.05238 2.54067 14.12
      vertex -1.05238 -2.54067 14.12
      vertex -0.798283 -2.63159 14.12
    endloop
  endfacet
  facet normal -0 0 1
    outer loop
      vertex -1.29634 2.42528 14.12
      vertex -1.05238 -2.54067 14.12
      vertex -1.05238 2.54067 14.12
    endloop
  endfacet
  facet normal 0 0 1
    outer loop
      vertex -1.29634 2.42528 14.12
      vertex -1.29634 -2.42528 14.12
      vertex -1.05238 -2.54067 14.12
    endloop
  endfacet
  facet normal -0 0 1
    outer loop
      vertex -1.52782 2.28654 14.12
      vertex -1.29634 -2.42528 14.12
      vertex -1.29634 2.42528 14.12
    endloop
  endfacet
  facet normal 0 0 1
    outer loop
      vertex -1.52782 2.28654 14.12
      vertex -1.52782 -2.28654 14.12
      vertex -1.29634 -2.42528 14.12
    endloop
  endfacet
  facet normal -0 0 1
    outer loop
      vertex -1.74458 2.12578 14.12
      vertex -1.52782 -2.28654 14.12
      vertex -1.52782 2.28654 14.12
    endloop
  endfacet
  facet normal 0 0 1
    outer loop
      vertex -1.74458 2.12578 14.12
      vertex -1.74458 -2.12578 14.12
      vertex -1.52782 -2.28654 14.12
    endloop
  endfacet
  facet normal -0 0 1
    outer loop
      vertex -1.94454 1.94454 14.12
      vertex -1.74458 -2.12578 14.12
      vertex -1.74458 2.12578 14.12
    endloop
  endfacet
  facet normal 0 0 1
    outer loop
      vertex -1.94454 1.94454 14.12
      vertex -1.94454 -1.94454 14.12
      vertex -1.74458 -2.12578 14.12
    endloop
  endfacet
  facet normal -0 0 1
    outer loop
      vertex -2.12578 1.74458 14.12
      vertex -1.94454 -1.94454 14.12
      vertex -1.94454 1.94454 14.12
    endloop
  endfacet
  facet normal 0 0 1
    outer loop
      vertex -2.12578 1.74458 14.12
      vertex -2.12578 -1.74458 14.12
      vertex -1.94454 -1.94454 14.12
    endloop
  endfacet
  facet normal -0 0 1
    outer loop
      vertex -2.28654 1.52782 14.12
      vertex -2.12578 -1.74458 14.12
      vertex -2.12578 1.74458 14.12
    endloop
  endfacet
  facet normal 0 0 1
    outer loop
      vertex -2.28654 1.52782 14.12
      vertex -2.28654 -1.52782 14.12
      vertex -2.12578 -1.74458 14.12
    endloop
  endfacet
  facet normal -0 0 1
    outer loop
      vertex -2.42528 1.29634 14.12
      vertex -2.28654 -1.52782 14.12
      vertex -2.28654 1.52782 14.12
    endloop
  endfacet
  facet normal 0 0 1
    outer loop
      vertex -2.42528 1.29634 14.12
      vertex -2.42528 -1.29634 14.12
      vertex -2.28654 -1.52782 14.12
    endloop
  endfacet
  facet normal -0 0 1
    outer loop
      vertex -2.54067 1.05238 14.12
      vertex -2.42528 -1.29634 14.12
      vertex -2.42528 1.29634 14.12
    endloop
  endfacet
  facet normal 0 0 1
    outer loop
      vertex -2.54067 1.05238 14.12
      vertex -2.54067 -1.05238 14.12
      vertex -2.42528 -1.29634 14.12
    endloop
  endfacet
  facet normal -0 0 1
    outer loop
      vertex -2.63159 0.798283 14.12
      vertex -2.54067 -1.05238 14.12
      vertex -2.54067 1.05238 14.12
    endloop
  endfacet
  facet normal 0 0 1
    outer loop
      vertex -2.63159 0.798283 14.12
      vertex -2.63159 -0.798283 14.12
      vertex -2.54067 -1.05238 14.12
    endloop
  endfacet
  facet normal -0 0 1
    outer loop
      vertex -2.69716 0.536498 14.12
      vertex -2.63159 -0.798283 14.12
      vertex -2.63159 0.798283 14.12
    endloop
  endfacet
  facet normal 0 0 1
    outer loop
      vertex -2.69716 0.536498 14.12
      vertex -2.69716 -0.536498 14.12
      vertex -2.63159 -0.798283 14.12
    endloop
  endfacet
  facet normal -0 0 1
    outer loop
      vertex -2.73676 0.269547 14.12
      vertex -2.69716 -0.536498 14.12
      vertex -2.69716 0.536498 14.12
    endloop
  endfacet
  facet normal 0 0 1
    outer loop
      vertex -2.73676 0.269547 14.12
      vertex -2.73676 -0.269547 14.12
      vertex -2.69716 -0.536498 14.12
    endloop
  endfacet
  facet normal 0 -0 1
    outer loop
      vertex -2.73676 -0.269547 14.12
      vertex -2.73676 0.269547 14.12
      vertex -2.75 0 14.12
    endloop
  endfacet
  facet normal -0.514092 0.857735 0
    outer loop
      vertex -1.29634 2.42528 4.55
      vertex -1.52782 2.28654 14.12
      vertex -1.29634 2.42528 14.12
    endloop
  endfacet
  facet normal -0.514092 0.857735 0
    outer loop
      vertex -1.52782 2.28654 14.12
      vertex -1.29634 2.42528 4.55
      vertex -1.52782 2.28654 4.55
    endloop
  endfacet
  facet normal -0.427572 0.903981 0
    outer loop
      vertex -1.05238 2.54067 4.55
      vertex -1.29634 2.42528 14.12
      vertex -1.05238 2.54067 14.12
    endloop
  endfacet
  facet normal -0.427572 0.903981 0
    outer loop
      vertex -1.29634 2.42528 14.12
      vertex -1.05238 2.54067 4.55
      vertex -1.29634 2.42528 4.55
    endloop
  endfacet
  facet normal -0.595699 0.803208 0
    outer loop
      vertex -1.52782 2.28654 4.55
      vertex -1.74458 2.12578 14.12
      vertex -1.52782 2.28654 14.12
    endloop
  endfacet
  facet normal -0.595699 0.803208 0
    outer loop
      vertex -1.74458 2.12578 14.12
      vertex -1.52782 2.28654 4.55
      vertex -1.74458 2.12578 4.55
    endloop
  endfacet
  facet normal -0.242967 0.970035 0
    outer loop
      vertex -0.536498 2.69716 4.55
      vertex -0.798283 2.63159 14.12
      vertex -0.536498 2.69716 14.12
    endloop
  endfacet
  facet normal -0.242967 0.970035 0
    outer loop
      vertex -0.798283 2.63159 14.12
      vertex -0.536498 2.69716 4.55
      vertex -0.798283 2.63159 4.55
    endloop
  endfacet
  facet normal -0.0490603 0.998796 0
    outer loop
      vertex 0 2.75 4.55
      vertex -0.269547 2.73676 14.12
      vertex 0 2.75 14.12
    endloop
  endfacet
  facet normal -0.0490603 0.998796 0
    outer loop
      vertex -0.269547 2.73676 14.12
      vertex 0 2.75 4.55
      vertex -0.269547 2.73676 4.55
    endloop
  endfacet
  facet normal 0.998796 -0.0490603 0
    outer loop
      vertex 2.73676 -0.269547 14.12
      vertex 2.75 0 4.55
      vertex 2.75 0 14.12
    endloop
  endfacet
  facet normal 0.998796 -0.0490603 0
    outer loop
      vertex 2.75 0 4.55
      vertex 2.73676 -0.269547 14.12
      vertex 2.73676 -0.269547 4.55
    endloop
  endfacet
  facet normal 0.0490603 -0.998796 0
    outer loop
      vertex 0 -2.75 4.55
      vertex 0.269547 -2.73676 14.12
      vertex 0 -2.75 14.12
    endloop
  endfacet
  facet normal 0.0490603 -0.998796 0
    outer loop
      vertex 0.269547 -2.73676 14.12
      vertex 0 -2.75 4.55
      vertex 0.269547 -2.73676 4.55
    endloop
  endfacet
  facet normal 0.671573 -0.740939 0
    outer loop
      vertex 1.74458 -2.12578 4.55
      vertex 1.94454 -1.94454 14.12
      vertex 1.74458 -2.12578 14.12
    endloop
  endfacet
  facet normal 0.671573 -0.740939 0
    outer loop
      vertex 1.94454 -1.94454 14.12
      vertex 1.74458 -2.12578 4.55
      vertex 1.94454 -1.94454 4.55
    endloop
  endfacet
  facet normal 0.514092 -0.857735 0
    outer loop
      vertex 1.29634 -2.42528 4.55
      vertex 1.52782 -2.28654 14.12
      vertex 1.29634 -2.42528 14.12
    endloop
  endfacet
  facet normal 0.514092 -0.857735 0
    outer loop
      vertex 1.52782 -2.28654 14.12
      vertex 1.29634 -2.42528 4.55
      vertex 1.52782 -2.28654 4.55
    endloop
  endfacet
  facet normal 0.803208 -0.595699 0
    outer loop
      vertex 2.12578 -1.74458 14.12
      vertex 2.28654 -1.52782 4.55
      vertex 2.28654 -1.52782 14.12
    endloop
  endfacet
  facet normal 0.803208 -0.595699 0
    outer loop
      vertex 2.28654 -1.52782 4.55
      vertex 2.12578 -1.74458 14.12
      vertex 2.12578 -1.74458 4.55
    endloop
  endfacet
  facet normal 0.903981 -0.427572 0
    outer loop
      vertex 2.42528 -1.29634 14.12
      vertex 2.54067 -1.05238 4.55
      vertex 2.54067 -1.05238 14.12
    endloop
  endfacet
  facet normal 0.903981 -0.427572 0
    outer loop
      vertex 2.54067 -1.05238 4.55
      vertex 2.42528 -1.29634 14.12
      vertex 2.42528 -1.29634 4.55
    endloop
  endfacet
  facet normal -0.671573 -0.740939 0
    outer loop
      vertex -1.94454 -1.94454 4.55
      vertex -1.74458 -2.12578 14.12
      vertex -1.94454 -1.94454 14.12
    endloop
  endfacet
  facet normal -0.671573 -0.740939 -0
    outer loop
      vertex -1.74458 -2.12578 14.12
      vertex -1.94454 -1.94454 4.55
      vertex -1.74458 -2.12578 4.55
    endloop
  endfacet
  facet normal -0.514092 -0.857735 0
    outer loop
      vertex -1.52782 -2.28654 4.55
      vertex -1.29634 -2.42528 14.12
      vertex -1.52782 -2.28654 14.12
    endloop
  endfacet
  facet normal -0.514092 -0.857735 -0
    outer loop
      vertex -1.29634 -2.42528 14.12
      vertex -1.52782 -2.28654 4.55
      vertex -1.29634 -2.42528 4.55
    endloop
  endfacet
  facet normal -0.336899 -0.941541 0
    outer loop
      vertex -1.05238 -2.54067 4.55
      vertex -0.798283 -2.63159 14.12
      vertex -1.05238 -2.54067 14.12
    endloop
  endfacet
  facet normal -0.336899 -0.941541 -0
    outer loop
      vertex -0.798283 -2.63159 14.12
      vertex -1.05238 -2.54067 4.55
      vertex -0.798283 -2.63159 4.55
    endloop
  endfacet
  facet normal -0.146736 -0.989176 0
    outer loop
      vertex -0.536498 -2.69716 4.55
      vertex -0.269547 -2.73676 14.12
      vertex -0.536498 -2.69716 14.12
    endloop
  endfacet
  facet normal -0.146736 -0.989176 -0
    outer loop
      vertex -0.269547 -2.73676 14.12
      vertex -0.536498 -2.69716 4.55
      vertex -0.269547 -2.73676 4.55
    endloop
  endfacet
  facet normal -0.803208 -0.595699 0
    outer loop
      vertex -2.12578 -1.74458 4.55
      vertex -2.28654 -1.52782 14.12
      vertex -2.28654 -1.52782 4.55
    endloop
  endfacet
  facet normal -0.803208 -0.595699 0
    outer loop
      vertex -2.28654 -1.52782 14.12
      vertex -2.12578 -1.74458 4.55
      vertex -2.12578 -1.74458 14.12
    endloop
  endfacet
  facet normal -0.903981 -0.427572 0
    outer loop
      vertex -2.42528 -1.29634 4.55
      vertex -2.54067 -1.05238 14.12
      vertex -2.54067 -1.05238 4.55
    endloop
  endfacet
  facet normal -0.903981 -0.427572 0
    outer loop
      vertex -2.54067 -1.05238 14.12
      vertex -2.42528 -1.29634 4.55
      vertex -2.42528 -1.29634 14.12
    endloop
  endfacet
  facet normal -0.857735 -0.514092 0
    outer loop
      vertex -2.28654 -1.52782 4.55
      vertex -2.42528 -1.29634 14.12
      vertex -2.42528 -1.29634 4.55
    endloop
  endfacet
  facet normal -0.857735 -0.514092 0
    outer loop
      vertex -2.42528 -1.29634 14.12
      vertex -2.28654 -1.52782 4.55
      vertex -2.28654 -1.52782 14.12
    endloop
  endfacet
  facet normal -0.970035 -0.242967 0
    outer loop
      vertex -2.63159 -0.798283 4.55
      vertex -2.69716 -0.536498 14.12
      vertex -2.69716 -0.536498 4.55
    endloop
  endfacet
  facet normal -0.970035 -0.242967 0
    outer loop
      vertex -2.69716 -0.536498 14.12
      vertex -2.63159 -0.798283 4.55
      vertex -2.63159 -0.798283 14.12
    endloop
  endfacet
  facet normal -0.941541 -0.336899 0
    outer loop
      vertex -2.54067 -1.05238 4.55
      vertex -2.63159 -0.798283 14.12
      vertex -2.63159 -0.798283 4.55
    endloop
  endfacet
  facet normal -0.941541 -0.336899 0
    outer loop
      vertex -2.63159 -0.798283 14.12
      vertex -2.54067 -1.05238 4.55
      vertex -2.54067 -1.05238 14.12
    endloop
  endfacet
  facet normal -0.998796 -0.0490603 0
    outer loop
      vertex -2.73676 -0.269547 4.55
      vertex -2.75 0 14.12
      vertex -2.75 0 4.55
    endloop
  endfacet
  facet normal -0.998796 -0.0490603 0
    outer loop
      vertex -2.75 0 14.12
      vertex -2.73676 -0.269547 4.55
      vertex -2.73676 -0.269547 14.12
    endloop
  endfacet
  facet normal 0.146736 -0.989176 0
    outer loop
      vertex 0.269547 -2.73676 4.55
      vertex 0.536498 -2.69716 14.12
      vertex 0.269547 -2.73676 14.12
    endloop
  endfacet
  facet normal 0.146736 -0.989176 0
    outer loop
      vertex 0.536498 -2.69716 14.12
      vertex 0.269547 -2.73676 4.55
      vertex 0.536498 -2.69716 4.55
    endloop
  endfacet
  facet normal 0.242967 -0.970035 0
    outer loop
      vertex 0.536498 -2.69716 4.55
      vertex 0.798283 -2.63159 14.12
      vertex 0.536498 -2.69716 14.12
    endloop
  endfacet
  facet normal 0.242967 -0.970035 0
    outer loop
      vertex 0.798283 -2.63159 14.12
      vertex 0.536498 -2.69716 4.55
      vertex 0.798283 -2.63159 4.55
    endloop
  endfacet
  facet normal 0.427572 -0.903981 0
    outer loop
      vertex 1.05238 -2.54067 4.55
      vertex 1.29634 -2.42528 14.12
      vertex 1.05238 -2.54067 14.12
    endloop
  endfacet
  facet normal 0.427572 -0.903981 0
    outer loop
      vertex 1.29634 -2.42528 14.12
      vertex 1.05238 -2.54067 4.55
      vertex 1.29634 -2.42528 4.55
    endloop
  endfacet
  facet normal 0.740939 -0.671573 0
    outer loop
      vertex 1.94454 -1.94454 14.12
      vertex 2.12578 -1.74458 4.55
      vertex 2.12578 -1.74458 14.12
    endloop
  endfacet
  facet normal 0.740939 -0.671573 0
    outer loop
      vertex 2.12578 -1.74458 4.55
      vertex 1.94454 -1.94454 14.12
      vertex 1.94454 -1.94454 4.55
    endloop
  endfacet
  facet normal 0.595699 -0.803208 0
    outer loop
      vertex 1.52782 -2.28654 4.55
      vertex 1.74458 -2.12578 14.12
      vertex 1.52782 -2.28654 14.12
    endloop
  endfacet
  facet normal 0.595699 -0.803208 0
    outer loop
      vertex 1.74458 -2.12578 14.12
      vertex 1.52782 -2.28654 4.55
      vertex 1.74458 -2.12578 4.55
    endloop
  endfacet
  facet normal 0.857735 -0.514092 0
    outer loop
      vertex 2.28654 -1.52782 14.12
      vertex 2.42528 -1.29634 4.55
      vertex 2.42528 -1.29634 14.12
    endloop
  endfacet
  facet normal 0.857735 -0.514092 0
    outer loop
      vertex 2.42528 -1.29634 4.55
      vertex 2.28654 -1.52782 14.12
      vertex 2.28654 -1.52782 4.55
    endloop
  endfacet
  facet normal 0.989176 -0.146736 0
    outer loop
      vertex 2.69716 -0.536498 14.12
      vertex 2.73676 -0.269547 4.55
      vertex 2.73676 -0.269547 14.12
    endloop
  endfacet
  facet normal 0.989176 -0.146736 0
    outer loop
      vertex 2.73676 -0.269547 4.55
      vertex 2.69716 -0.536498 14.12
      vertex 2.69716 -0.536498 4.55
    endloop
  endfacet
  facet normal 0.970035 -0.242967 0
    outer loop
      vertex 2.63159 -0.798283 14.12
      vertex 2.69716 -0.536498 4.55
      vertex 2.69716 -0.536498 14.12
    endloop
  endfacet
  facet normal 0.970035 -0.242967 0
    outer loop
      vertex 2.69716 -0.536498 4.55
      vertex 2.63159 -0.798283 14.12
      vertex 2.63159 -0.798283 4.55
    endloop
  endfacet
  facet normal -0.595699 -0.803208 0
    outer loop
      vertex -1.74458 -2.12578 4.55
      vertex -1.52782 -2.28654 14.12
      vertex -1.74458 -2.12578 14.12
    endloop
  endfacet
  facet normal -0.595699 -0.803208 -0
    outer loop
      vertex -1.52782 -2.28654 14.12
      vertex -1.74458 -2.12578 4.55
      vertex -1.52782 -2.28654 4.55
    endloop
  endfacet
  facet normal -0.427572 -0.903981 0
    outer loop
      vertex -1.29634 -2.42528 4.55
      vertex -1.05238 -2.54067 14.12
      vertex -1.29634 -2.42528 14.12
    endloop
  endfacet
  facet normal -0.427572 -0.903981 -0
    outer loop
      vertex -1.05238 -2.54067 14.12
      vertex -1.29634 -2.42528 4.55
      vertex -1.05238 -2.54067 4.55
    endloop
  endfacet
  facet normal -0.242967 -0.970035 0
    outer loop
      vertex -0.798283 -2.63159 4.55
      vertex -0.536498 -2.69716 14.12
      vertex -0.798283 -2.63159 14.12
    endloop
  endfacet
  facet normal -0.242967 -0.970035 -0
    outer loop
      vertex -0.536498 -2.69716 14.12
      vertex -0.798283 -2.63159 4.55
      vertex -0.536498 -2.69716 4.55
    endloop
  endfacet
  facet normal -0.740939 -0.671573 0
    outer loop
      vertex -1.94454 -1.94454 4.55
      vertex -2.12578 -1.74458 14.12
      vertex -2.12578 -1.74458 4.55
    endloop
  endfacet
  facet normal -0.740939 -0.671573 0
    outer loop
      vertex -2.12578 -1.74458 14.12
      vertex -1.94454 -1.94454 4.55
      vertex -1.94454 -1.94454 14.12
    endloop
  endfacet
  facet normal -0.989176 -0.146736 0
    outer loop
      vertex -2.69716 -0.536498 4.55
      vertex -2.73676 -0.269547 14.12
      vertex -2.73676 -0.269547 4.55
    endloop
  endfacet
  facet normal -0.989176 -0.146736 0
    outer loop
      vertex -2.73676 -0.269547 14.12
      vertex -2.69716 -0.536498 4.55
      vertex -2.69716 -0.536498 14.12
    endloop
  endfacet
  facet normal 0.336899 -0.941541 0
    outer loop
      vertex 0.798283 -2.63159 4.55
      vertex 1.05238 -2.54067 14.12
      vertex 0.798283 -2.63159 14.12
    endloop
  endfacet
  facet normal 0.336899 -0.941541 0
    outer loop
      vertex 1.05238 -2.54067 14.12
      vertex 0.798283 -2.63159 4.55
      vertex 1.05238 -2.54067 4.55
    endloop
  endfacet
  facet normal 0 0 -1
    outer loop
      vertex 4.72844 -0.394669 0.599999
      vertex 4.04924 0.0978851 0.599999
      vertex 4.72844 0.0978851 0.599999
    endloop
  endfacet
  facet normal 0 0 -1
    outer loop
      vertex 3.96895 -0.394669 0.599999
      vertex 4.04924 0.0978851 0.599999
      vertex 4.72844 -0.394669 0.599999
    endloop
  endfacet
  facet normal -0 0 -1
    outer loop
      vertex 4.04924 0.0978851 0.599999
      vertex 3.96895 -0.394669 0.599999
      vertex 3.99191 0.0995026 0.599999
    endloop
  endfacet
  facet normal 0 0 -1
    outer loop
      vertex 3.96895 -0.394669 0.599999
      vertex 3.93758 0.10437 0.599999
      vertex 3.99191 0.0995026 0.599999
    endloop
  endfacet
  facet normal 0 0 -1
    outer loop
      vertex 3.89345 -0.393112 0.599999
      vertex 3.93758 0.10437 0.599999
      vertex 3.96895 -0.394669 0.599999
    endloop
  endfacet
  facet normal 0 0 -1
    outer loop
      vertex 3.89345 -0.393112 0.599999
      vertex 3.88625 0.112473 0.599999
      vertex 3.93758 0.10437 0.599999
    endloop
  endfacet
  facet normal 0 0 -1
    outer loop
      vertex 3.82027 -0.388397 0.599999
      vertex 3.88625 0.112473 0.599999
      vertex 3.89345 -0.393112 0.599999
    endloop
  endfacet
  facet normal 0 0 -1
    outer loop
      vertex 3.7494 -0.380569 0.599999
      vertex 3.88625 0.112473 0.599999
      vertex 3.82027 -0.388397 0.599999
    endloop
  endfacet
  facet normal -0 0 -1
    outer loop
      vertex 3.88625 0.112473 0.599999
      vertex 3.7494 -0.380569 0.599999
      vertex 3.83792 0.123825 0.599999
    endloop
  endfacet
  facet normal 0 0 -1
    outer loop
      vertex 3.68089 -0.369598 0.599999
      vertex 3.83792 0.123825 0.599999
      vertex 3.7494 -0.380569 0.599999
    endloop
  endfacet
  facet normal -0 0 -1
    outer loop
      vertex 3.83792 0.123825 0.599999
      vertex 3.68089 -0.369598 0.599999
      vertex 3.79259 0.138412 0.599999
    endloop
  endfacet
  facet normal 0 0 -1
    outer loop
      vertex 3.6147 -0.355499 0.599999
      vertex 3.79259 0.138412 0.599999
      vertex 3.68089 -0.369598 0.599999
    endloop
  endfacet
  facet normal -0 0 -1
    outer loop
      vertex 3.79259 0.138412 0.599999
      vertex 3.6147 -0.355499 0.599999
      vertex 3.75026 0.156235 0.599999
    endloop
  endfacet
  facet normal 0 0 -1
    outer loop
      vertex 3.55086 -0.338257 0.599999
      vertex 3.75026 0.156235 0.599999
      vertex 3.6147 -0.355499 0.599999
    endloop
  endfacet
  facet normal -0 0 -1
    outer loop
      vertex 3.75026 0.156235 0.599999
      vertex 3.55086 -0.338257 0.599999
      vertex 3.71094 0.177307 0.599999
    endloop
  endfacet
  facet normal 0 0 -1
    outer loop
      vertex 3.48933 -0.317886 0.599999
      vertex 3.71094 0.177307 0.599999
      vertex 3.55086 -0.338257 0.599999
    endloop
  endfacet
  facet normal 0 0 -1
    outer loop
      vertex 3.43013 -0.294373 0.599999
      vertex 3.71094 0.177307 0.599999
      vertex 3.48933 -0.317886 0.599999
    endloop
  endfacet
  facet normal -0 0 -1
    outer loop
      vertex 3.71094 0.177307 0.599999
      vertex 3.43013 -0.294373 0.599999
      vertex 3.67461 0.20163 0.599999
    endloop
  endfacet
  facet normal 0 0 -1
    outer loop
      vertex 3.37328 -0.267731 0.599999
      vertex 3.67461 0.20163 0.599999
      vertex 3.43013 -0.294373 0.599999
    endloop
  endfacet
  facet normal 0 0 -1
    outer loop
      vertex 3.31902 -0.23822 0.599999
      vertex 3.67461 0.20163 0.599999
      vertex 3.37328 -0.267731 0.599999
    endloop
  endfacet
  facet normal -0 0 -1
    outer loop
      vertex 3.67461 0.20163 0.599999
      vertex 3.31902 -0.23822 0.599999
      vertex 3.64128 0.229187 0.599999
    endloop
  endfacet
  facet normal 0 0 -1
    outer loop
      vertex 3.26762 -0.206116 0.599999
      vertex 3.64128 0.229187 0.599999
      vertex 3.31902 -0.23822 0.599999
    endloop
  endfacet
  facet normal -0 0 -1
    outer loop
      vertex 3.64128 0.229187 0.599999
      vertex 3.26762 -0.206116 0.599999
      vertex 3.61122 0.259796 0.599999
    endloop
  endfacet
  facet normal 0 0 -1
    outer loop
      vertex 3.21909 -0.171402 0.599999
      vertex 3.61122 0.259796 0.599999
      vertex 3.26762 -0.206116 0.599999
    endloop
  endfacet
  facet normal 0 0 -1
    outer loop
      vertex 3.17343 -0.134094 0.599999
      vertex 3.61122 0.259796 0.599999
      vertex 3.21909 -0.171402 0.599999
    endloop
  endfacet
  facet normal 0 0 -1
    outer loop
      vertex 3.13063 -0.0941925 0.599999
      vertex 3.58469 0.293274 0.599999
      vertex 3.17343 -0.134094 0.599999
    endloop
  endfacet
  facet normal -0 0 -1
    outer loop
      vertex 3.61122 0.259796 0.599999
      vertex 3.17343 -0.134094 0.599999
      vertex 3.58469 0.293274 0.599999
    endloop
  endfacet
  facet normal 0 0 -1
    outer loop
      vertex 4.72844 -0.394669 0.599999
      vertex 5.36861 -1.47099 0.599999
      vertex 4.72844 -1.47099 0.599999
    endloop
  endfacet
  facet normal 0 0 -1
    outer loop
      vertex 4.72844 0.0978851 0.599999
      vertex 5.36861 -1.47099 0.599999
      vertex 4.72844 -0.394669 0.599999
    endloop
  endfacet
  facet normal 0 0 -1
    outer loop
      vertex 5.36861 -1.47099 0.599999
      vertex 4.72844 0.0978851 0.599999
      vertex 5.36861 1.58653 0.599999
    endloop
  endfacet
  facet normal 0 0 -1
    outer loop
      vertex 4.72844 1.0896 0.599999
      vertex 5.36861 1.58653 0.599999
      vertex 4.72844 0.0978851 0.599999
    endloop
  endfacet
  facet normal 0 0 -1
    outer loop
      vertex 3.99496 1.58653 0.599999
      vertex 4.72844 1.0896 0.599999
      vertex 4.06659 1.0896 0.599999
    endloop
  endfacet
  facet normal 0 0 -1
    outer loop
      vertex 4.72844 1.0896 0.599999
      vertex 3.99496 1.58653 0.599999
      vertex 5.36861 1.58653 0.599999
    endloop
  endfacet
  facet normal 0 0 -1
    outer loop
      vertex 3.94727 1.08365 0.599999
      vertex 3.99496 1.58653 0.599999
      vertex 4.06659 1.0896 0.599999
    endloop
  endfacet
  facet normal 0 0 -1
    outer loop
      vertex 3.94727 1.08365 0.599999
      vertex 3.8761 1.5834 0.599999
      vertex 3.99496 1.58653 0.599999
    endloop
  endfacet
  facet normal 0 0 -1
    outer loop
      vertex 3.84198 1.06581 0.599999
      vertex 3.8761 1.5834 0.599999
      vertex 3.94727 1.08365 0.599999
    endloop
  endfacet
  facet normal 0 0 -1
    outer loop
      vertex 3.84198 1.06581 0.599999
      vertex 3.76346 1.57405 0.599999
      vertex 3.8761 1.5834 0.599999
    endloop
  endfacet
  facet normal 0 0 -1
    outer loop
      vertex 3.65706 1.55844 0.599999
      vertex 3.84198 1.06581 0.599999
      vertex 3.75073 1.03607 0.599999
    endloop
  endfacet
  facet normal 0 0 -1
    outer loop
      vertex 3.463 1.5085 0.599999
      vertex 3.75073 1.03607 0.599999
      vertex 3.67352 0.994431 0.599999
    endloop
  endfacet
  facet normal 0 0 -1
    outer loop
      vertex 3.84198 1.06581 0.599999
      vertex 3.65706 1.55844 0.599999
      vertex 3.76346 1.57405 0.599999
    endloop
  endfacet
  facet normal 0 0 -1
    outer loop
      vertex 3.29391 1.43359 0.599999
      vertex 3.67352 0.994431 0.599999
      vertex 3.61035 0.940903 0.599999
    endloop
  endfacet
  facet normal 0 0 -1
    outer loop
      vertex 3.14978 1.33372 0.599999
      vertex 3.61035 0.940903 0.599999
      vertex 3.56122 0.875488 0.599999
    endloop
  endfacet
  facet normal 0 0 -1
    outer loop
      vertex 3.75073 1.03607 0.599999
      vertex 3.55692 1.53659 0.599999
      vertex 3.65706 1.55844 0.599999
    endloop
  endfacet
  facet normal 0 0 -1
    outer loop
      vertex 2.98521 1.14192 0.599999
      vertex 3.56122 0.875488 0.599999
      vertex 3.52612 0.798172 0.599999
    endloop
  endfacet
  facet normal 0 0 -1
    outer loop
      vertex 2.88647 0.90358 0.599999
      vertex 3.52612 0.798172 0.599999
      vertex 3.50507 0.708954 0.599999
    endloop
  endfacet
  facet normal 0 0 -1
    outer loop
      vertex 2.85722 0.718826 0.599999
      vertex 3.50507 0.708954 0.599999
      vertex 3.49805 0.607834 0.599999
    endloop
  endfacet
  facet normal 0 0 -1
    outer loop
      vertex 3.75073 1.03607 0.599999
      vertex 3.463 1.5085 0.599999
      vertex 3.55692 1.53659 0.599999
    endloop
  endfacet
  facet normal 0 0 -1
    outer loop
      vertex 3.09071 -0.0516968 0.599999
      vertex 3.58469 0.293274 0.599999
      vertex 3.13063 -0.0941925 0.599999
    endloop
  endfacet
  facet normal -0 0 -1
    outer loop
      vertex 3.58469 0.293274 0.599999
      vertex 3.09071 -0.0516968 0.599999
      vertex 3.56171 0.329605 0.599999
    endloop
  endfacet
  facet normal 0 0 -1
    outer loop
      vertex 3.05365 -0.0065918 0.599999
      vertex 3.56171 0.329605 0.599999
      vertex 3.09071 -0.0516968 0.599999
    endloop
  endfacet
  facet normal 0 0 -1
    outer loop
      vertex 3.01945 0.0410919 0.599999
      vertex 3.56171 0.329605 0.599999
      vertex 3.05365 -0.0065918 0.599999
    endloop
  endfacet
  facet normal -0 0 -1
    outer loop
      vertex 3.56171 0.329605 0.599999
      vertex 3.01945 0.0410919 0.599999
      vertex 3.54225 0.36882 0.599999
    endloop
  endfacet
  facet normal 0 0 -1
    outer loop
      vertex 2.98813 0.0913849 0.599999
      vertex 3.54225 0.36882 0.599999
      vertex 3.01945 0.0410919 0.599999
    endloop
  endfacet
  facet normal 0 0 -1
    outer loop
      vertex 2.95988 0.143768 0.599999
      vertex 3.54225 0.36882 0.599999
      vertex 2.98813 0.0913849 0.599999
    endloop
  endfacet
  facet normal -0 0 -1
    outer loop
      vertex 3.54225 0.36882 0.599999
      vertex 2.95988 0.143768 0.599999
      vertex 3.52634 0.410889 0.599999
    endloop
  endfacet
  facet normal 0 0 -1
    outer loop
      vertex 2.93497 0.197693 0.599999
      vertex 3.52634 0.410889 0.599999
      vertex 2.95988 0.143768 0.599999
    endloop
  endfacet
  facet normal 0 0 -1
    outer loop
      vertex 2.91336 0.253174 0.599999
      vertex 3.52634 0.410889 0.599999
      vertex 2.93497 0.197693 0.599999
    endloop
  endfacet
  facet normal -0 0 -1
    outer loop
      vertex 3.52634 0.410889 0.599999
      vertex 2.91336 0.253174 0.599999
      vertex 3.51396 0.455826 0.599999
    endloop
  endfacet
  facet normal 0 0 -1
    outer loop
      vertex 2.8951 0.310211 0.599999
      vertex 3.51396 0.455826 0.599999
      vertex 2.91336 0.253174 0.599999
    endloop
  endfacet
  facet normal 0 0 -1
    outer loop
      vertex 2.88014 0.368805 0.599999
      vertex 3.51396 0.455826 0.599999
      vertex 2.8951 0.310211 0.599999
    endloop
  endfacet
  facet normal -0 0 -1
    outer loop
      vertex 3.51396 0.455826 0.599999
      vertex 2.88014 0.368805 0.599999
      vertex 3.50511 0.503632 0.599999
    endloop
  endfacet
  facet normal 0 0 -1
    outer loop
      vertex 2.86852 0.42894 0.599999
      vertex 3.50511 0.503632 0.599999
      vertex 2.88014 0.368805 0.599999
    endloop
  endfacet
  facet normal -0 0 -1
    outer loop
      vertex 3.50511 0.503632 0.599999
      vertex 2.86852 0.42894 0.599999
      vertex 3.49982 0.554306 0.599999
    endloop
  endfacet
  facet normal 0 0 -1
    outer loop
      vertex 2.86021 0.490631 0.599999
      vertex 3.49982 0.554306 0.599999
      vertex 2.86852 0.42894 0.599999
    endloop
  endfacet
  facet normal 0 0 -1
    outer loop
      vertex 2.85522 0.553879 0.599999
      vertex 3.49982 0.554306 0.599999
      vertex 2.86021 0.490631 0.599999
    endloop
  endfacet
  facet normal -0 0 -1
    outer loop
      vertex 3.49982 0.554306 0.599999
      vertex 2.85522 0.553879 0.599999
      vertex 3.49805 0.607834 0.599999
    endloop
  endfacet
  facet normal 0 0 -1
    outer loop
      vertex 2.85356 0.618683 0.599999
      vertex 3.49805 0.607834 0.599999
      vertex 2.85522 0.553879 0.599999
    endloop
  endfacet
  facet normal 0 -0 -1
    outer loop
      vertex 2.85722 0.718826 0.599999
      vertex 3.49805 0.607834 0.599999
      vertex 2.85356 0.618683 0.599999
    endloop
  endfacet
  facet normal 0 0 -1
    outer loop
      vertex 3.50507 0.708954 0.599999
      vertex 2.85722 0.718826 0.599999
      vertex 2.86819 0.813782 0.599999
    endloop
  endfacet
  facet normal 0 0 -1
    outer loop
      vertex 3.67352 0.994431 0.599999
      vertex 3.37534 1.47417 0.599999
      vertex 3.463 1.5085 0.599999
    endloop
  endfacet
  facet normal 0 0 -1
    outer loop
      vertex 3.50507 0.708954 0.599999
      vertex 2.86819 0.813782 0.599999
      vertex 2.88647 0.90358 0.599999
    endloop
  endfacet
  facet normal 0 0 -1
    outer loop
      vertex 3.67352 0.994431 0.599999
      vertex 3.29391 1.43359 0.599999
      vertex 3.37534 1.47417 0.599999
    endloop
  endfacet
  facet normal 0 0 -1
    outer loop
      vertex 3.52612 0.798172 0.599999
      vertex 2.91208 0.988205 0.599999
      vertex 2.94499 1.06764 0.599999
    endloop
  endfacet
  facet normal 0 0 -1
    outer loop
      vertex 3.52612 0.798172 0.599999
      vertex 2.88647 0.90358 0.599999
      vertex 2.91208 0.988205 0.599999
    endloop
  endfacet
  facet normal 0 0 -1
    outer loop
      vertex 3.61035 0.940903 0.599999
      vertex 3.21873 1.38678 0.599999
      vertex 3.29391 1.43359 0.599999
    endloop
  endfacet
  facet normal 0 0 -1
    outer loop
      vertex 3.52612 0.798172 0.599999
      vertex 2.94499 1.06764 0.599999
      vertex 2.98521 1.14192 0.599999
    endloop
  endfacet
  facet normal 0 0 -1
    outer loop
      vertex 3.56122 0.875488 0.599999
      vertex 3.03276 1.21103 0.599999
      vertex 3.08762 1.27496 0.599999
    endloop
  endfacet
  facet normal 0 0 -1
    outer loop
      vertex 3.56122 0.875488 0.599999
      vertex 2.98521 1.14192 0.599999
      vertex 3.03276 1.21103 0.599999
    endloop
  endfacet
  facet normal 0 0 -1
    outer loop
      vertex 3.61035 0.940903 0.599999
      vertex 3.14978 1.33372 0.599999
      vertex 3.21873 1.38678 0.599999
    endloop
  endfacet
  facet normal 0 0 -1
    outer loop
      vertex 3.56122 0.875488 0.599999
      vertex 3.08762 1.27496 0.599999
      vertex 3.14978 1.33372 0.599999
    endloop
  endfacet
  facet normal -0 0 -1
    outer loop
      vertex 2.50403 -0.325226 0.599999
      vertex 1.86174 -0.353683 0.599999
      vertex 1.86388 -0.275314 0.599999
    endloop
  endfacet
  facet normal 0 0 -1
    outer loop
      vertex 2.00514 -1.32799 0.599999
      vertex 1.85536 -0.42775 0.599999
      vertex 1.86174 -0.353683 0.599999
    endloop
  endfacet
  facet normal 0 0 -1
    outer loop
      vertex 2.00514 -1.32799 0.599999
      vertex 1.84471 -0.497498 0.599999
      vertex 1.85536 -0.42775 0.599999
    endloop
  endfacet
  facet normal 0 0 -1
    outer loop
      vertex 2.00514 -1.32799 0.599999
      vertex 1.8298 -0.562943 0.599999
      vertex 1.84471 -0.497498 0.599999
    endloop
  endfacet
  facet normal 0 0 -1
    outer loop
      vertex 1.6067 -0.899582 0.599999
      vertex 1.91235 -1.37744 0.599999
      vertex 1.81226 -1.41928 0.599999
    endloop
  endfacet
  facet normal 0 0 -1
    outer loop
      vertex 2.00514 -1.32799 0.599999
      vertex 1.81062 -0.624069 0.599999
      vertex 1.8298 -0.562943 0.599999
    endloop
  endfacet
  facet normal 0 0 -1
    outer loop
      vertex 2.00514 -1.32799 0.599999
      vertex 1.7872 -0.680878 0.599999
      vertex 1.81062 -0.624069 0.599999
    endloop
  endfacet
  facet normal 0 0 -1
    outer loop
      vertex 2.00514 -1.32799 0.599999
      vertex 1.75952 -0.733368 0.599999
      vertex 1.7872 -0.680878 0.599999
    endloop
  endfacet
  facet normal 0 0 -1
    outer loop
      vertex 2.00514 -1.32799 0.599999
      vertex 1.72757 -0.781555 0.599999
      vertex 1.75952 -0.733368 0.599999
    endloop
  endfacet
  facet normal 0 0 -1
    outer loop
      vertex 1.5584 -0.929703 0.599999
      vertex 1.81226 -1.41928 0.599999
      vertex 1.70483 -1.45352 0.599999
    endloop
  endfacet
  facet normal 0 0 -1
    outer loop
      vertex 2.00514 -1.32799 0.599999
      vertex 1.69136 -0.825424 0.599999
      vertex 1.72757 -0.781555 0.599999
    endloop
  endfacet
  facet normal 0 0 -1
    outer loop
      vertex 2.00514 -1.32799 0.599999
      vertex 1.65103 -0.864822 0.599999
      vertex 1.69136 -0.825424 0.599999
    endloop
  endfacet
  facet normal 0 0 -1
    outer loop
      vertex 1.91235 -1.37744 0.599999
      vertex 1.6067 -0.899582 0.599999
      vertex 1.65103 -0.864822 0.599999
    endloop
  endfacet
  facet normal 0 0 -1
    outer loop
      vertex 1.50609 -0.9552 0.599999
      vertex 1.70483 -1.45352 0.599999
      vertex 1.5901 -1.48015 0.599999
    endloop
  endfacet
  facet normal 0 0 -1
    outer loop
      vertex 1.81226 -1.41928 0.599999
      vertex 1.5584 -0.929703 0.599999
      vertex 1.6067 -0.899582 0.599999
    endloop
  endfacet
  facet normal 0 0 -1
    outer loop
      vertex 1.70483 -1.45352 0.599999
      vertex 1.50609 -0.9552 0.599999
      vertex 1.5584 -0.929703 0.599999
    endloop
  endfacet
  facet normal 0 0 -1
    outer loop
      vertex 1.44978 -0.976059 0.599999
      vertex 1.5901 -1.48015 0.599999
      vertex 1.46806 -1.49916 0.599999
    endloop
  endfacet
  facet normal 0 0 -1
    outer loop
      vertex 1.5901 -1.48015 0.599999
      vertex 1.44978 -0.976059 0.599999
      vertex 1.50609 -0.9552 0.599999
    endloop
  endfacet
  facet normal 0 0 -1
    outer loop
      vertex 1.46806 -1.49916 0.599999
      vertex 1.3895 -0.992279 0.599999
      vertex 1.44978 -0.976059 0.599999
    endloop
  endfacet
  facet normal 0 0 -1
    outer loop
      vertex 1.32521 -1.00386 0.599999
      vertex 1.46806 -1.49916 0.599999
      vertex 1.33871 -1.51057 0.599999
    endloop
  endfacet
  facet normal 0 0 -1
    outer loop
      vertex 1.46806 -1.49916 0.599999
      vertex 1.32521 -1.00386 0.599999
      vertex 1.3895 -0.992279 0.599999
    endloop
  endfacet
  facet normal 0 0 -1
    outer loop
      vertex 1.33871 -1.51057 0.599999
      vertex 1.25694 -1.01082 0.599999
      vertex 1.32521 -1.00386 0.599999
    endloop
  endfacet
  facet normal 0 0 -1
    outer loop
      vertex 1.20206 -1.51439 0.599999
      vertex 1.25694 -1.01082 0.599999
      vertex 1.33871 -1.51057 0.599999
    endloop
  endfacet
  facet normal 0 0 -1
    outer loop
      vertex 1.20206 -1.51439 0.599999
      vertex 1.18468 -1.01314 0.599999
      vertex 1.25694 -1.01082 0.599999
    endloop
  endfacet
  facet normal 0 0 -1
    outer loop
      vertex 1.20206 -1.51439 0.599999
      vertex 1.11044 -1.01071 0.599999
      vertex 1.18468 -1.01314 0.599999
    endloop
  endfacet
  facet normal 0 0 -1
    outer loop
      vertex 1.06099 -1.51044 0.599999
      vertex 1.11044 -1.01071 0.599999
      vertex 1.20206 -1.51439 0.599999
    endloop
  endfacet
  facet normal 0 0 -1
    outer loop
      vertex 1.06099 -1.51044 0.599999
      vertex 1.04012 -1.00343 0.599999
      vertex 1.11044 -1.01071 0.599999
    endloop
  endfacet
  facet normal 0 0 -1
    outer loop
      vertex 0.927124 -1.49858 0.599999
      vertex 1.04012 -1.00343 0.599999
      vertex 1.06099 -1.51044 0.599999
    endloop
  endfacet
  facet normal -0 0 -1
    outer loop
      vertex 1.04012 -1.00343 0.599999
      vertex 0.927124 -1.49858 0.599999
      vertex 0.973709 -0.991318 0.599999
    endloop
  endfacet
  facet normal 0 0 -1
    outer loop
      vertex 0.800476 -1.47882 0.599999
      vertex 0.973709 -0.991318 0.599999
      vertex 0.927124 -1.49858 0.599999
    endloop
  endfacet
  facet normal -0 0 -1
    outer loop
      vertex 0.973709 -0.991318 0.599999
      vertex 0.800476 -1.47882 0.599999
      vertex 0.911209 -0.97435 0.599999
    endloop
  endfacet
  facet normal 0 0 -1
    outer loop
      vertex 0.68103 -1.45116 0.599999
      vertex 0.911209 -0.97435 0.599999
      vertex 0.800476 -1.47882 0.599999
    endloop
  endfacet
  facet normal -0 0 -1
    outer loop
      vertex 0.911209 -0.97435 0.599999
      vertex 0.68103 -1.45116 0.599999
      vertex 0.852615 -0.95253 0.599999
    endloop
  endfacet
  facet normal -0 0 -1
    outer loop
      vertex 0.852615 -0.95253 0.599999
      vertex 0.68103 -1.45116 0.599999
      vertex 0.797943 -0.925858 0.599999
    endloop
  endfacet
  facet normal 0 0 -1
    outer loop
      vertex 0.568787 -1.4156 0.599999
      vertex 0.797943 -0.925858 0.599999
      vertex 0.68103 -1.45116 0.599999
    endloop
  endfacet
  facet normal -0 0 -1
    outer loop
      vertex 0.797943 -0.925858 0.599999
      vertex 0.568787 -1.4156 0.599999
      vertex 0.747177 -0.894333 0.599999
    endloop
  endfacet
  facet normal 0 0 -1
    outer loop
      vertex 0.46376 -1.37213 0.599999
      vertex 0.747177 -0.894333 0.599999
      vertex 0.568787 -1.4156 0.599999
    endloop
  endfacet
  facet normal -0 0 -1
    outer loop
      vertex 0.747177 -0.894333 0.599999
      vertex 0.46376 -1.37213 0.599999
      vertex 0.700317 -0.857971 0.599999
    endloop
  endfacet
  facet normal 0 0 -1
    outer loop
      vertex 0.365936 -1.32077 0.599999
      vertex 0.700317 -0.857971 0.599999
      vertex 0.46376 -1.37213 0.599999
    endloop
  endfacet
  facet normal -0 0 -1
    outer loop
      vertex 0.700317 -0.857971 0.599999
      vertex 0.365936 -1.32077 0.599999
      vertex 0.657379 -0.816757 0.599999
    endloop
  endfacet
  facet normal 0 0 -1
    outer loop
      vertex 0.275314 -1.26149 0.599999
      vertex 0.657379 -0.816757 0.599999
      vertex 0.365936 -1.32077 0.599999
    endloop
  endfacet
  facet normal 0 0 -1
    outer loop
      vertex 0.19191 -1.19432 0.599999
      vertex 0.657379 -0.816757 0.599999
      vertex 0.275314 -1.26149 0.599999
    endloop
  endfacet
  facet normal -0 0 -1
    outer loop
      vertex 0.657379 -0.816757 0.599999
      vertex 0.19191 -1.19432 0.599999
      vertex 0.618668 -0.770996 0.599999
    endloop
  endfacet
  facet normal 0 0 -1
    outer loop
      vertex 0.116531 -1.11996 0.599999
      vertex 0.618668 -0.770996 0.599999
      vertex 0.19191 -1.19432 0.599999
    endloop
  endfacet
  facet normal -0 0 -1
    outer loop
      vertex 0.618668 -0.770996 0.599999
      vertex 0.116531 -1.11996 0.599999
      vertex 0.584503 -0.721039 0.599999
    endloop
  endfacet
  facet normal 0 0 -1
    outer loop
      vertex 0.0500183 -1.03915 0.599999
      vertex 0.584503 -0.721039 0.599999
      vertex 0.116531 -1.11996 0.599999
    endloop
  endfacet
  facet normal -0 0 -1
    outer loop
      vertex 0.584503 -0.721039 0.599999
      vertex 0.0500183 -1.03915 0.599999
      vertex 0.554901 -0.666885 0.599999
    endloop
  endfacet
  facet normal 0 0 -1
    outer loop
      vertex -0.00759888 -0.951889 0.599999
      vertex 0.554901 -0.666885 0.599999
      vertex 0.0500183 -1.03915 0.599999
    endloop
  endfacet
  facet normal -0 0 -1
    outer loop
      vertex 0.554901 -0.666885 0.599999
      vertex -0.00759888 -0.951889 0.599999
      vertex 0.529861 -0.608521 0.599999
    endloop
  endfacet
  facet normal 0 0 -1
    outer loop
      vertex -0.056366 -0.85817 0.599999
      vertex 0.529861 -0.608521 0.599999
      vertex -0.00759888 -0.951889 0.599999
    endloop
  endfacet
  facet normal 0 0 -1
    outer loop
      vertex -0.0962677 -0.75798 0.599999
      vertex 0.529861 -0.608521 0.599999
      vertex -0.056366 -0.85817 0.599999
    endloop
  endfacet
  facet normal -0 0 -1
    outer loop
      vertex 0.529861 -0.608521 0.599999
      vertex -0.0962677 -0.75798 0.599999
      vertex 0.509369 -0.545944 0.599999
    endloop
  endfacet
  facet normal 0 0 -1
    outer loop
      vertex -0.127304 -0.651352 0.599999
      vertex 0.509369 -0.545944 0.599999
      vertex -0.0962677 -0.75798 0.599999
    endloop
  endfacet
  facet normal -0 0 -1
    outer loop
      vertex 0.509369 -0.545944 0.599999
      vertex -0.127304 -0.651352 0.599999
      vertex 0.493423 -0.479172 0.599999
    endloop
  endfacet
  facet normal 0 0 -1
    outer loop
      vertex -0.149475 -0.538254 0.599999
      vertex 0.493423 -0.479172 0.599999
      vertex -0.127304 -0.651352 0.599999
    endloop
  endfacet
  facet normal -0 0 -1
    outer loop
      vertex 0.493423 -0.479172 0.599999
      vertex -0.149475 -0.538254 0.599999
      vertex 0.48204 -0.408188 0.599999
    endloop
  endfacet
  facet normal 0 0 -1
    outer loop
      vertex -0.162781 -0.418701 0.599999
      vertex 0.48204 -0.408188 0.599999
      vertex -0.149475 -0.538254 0.599999
    endloop
  endfacet
  facet normal -0 0 -1
    outer loop
      vertex 0.48204 -0.408188 0.599999
      vertex -0.162781 -0.418701 0.599999
      vertex 0.475204 -0.333008 0.599999
    endloop
  endfacet
  facet normal 0 0 -1
    outer loop
      vertex -0.167221 -0.292694 0.599999
      vertex 0.475204 -0.333008 0.599999
      vertex -0.162781 -0.418701 0.599999
    endloop
  endfacet
  facet normal 0 0 -1
    outer loop
      vertex 0.475204 -0.333008 0.599999
      vertex -0.167221 -0.292694 0.599999
      vertex 0.472931 -0.253616 0.599999
    endloop
  endfacet
  facet normal 0 0 -1
    outer loop
      vertex -0.167221 1.58653 0.599999
      vertex 0.472931 -0.253616 0.599999
      vertex -0.167221 -0.292694 0.599999
    endloop
  endfacet
  facet normal 0 0 -1
    outer loop
      vertex 0.472931 -0.253616 0.599999
      vertex -0.167221 1.58653 0.599999
      vertex 0.472931 1.58653 0.599999
    endloop
  endfacet
  facet normal 0 0 -1
    outer loop
      vertex 1.86174 -0.353683 0.599999
      vertex 2.50403 -0.325226 0.599999
      vertex 2.49989 -0.449265 0.599999
    endloop
  endfacet
  facet normal 0 0 -1
    outer loop
      vertex 1.86174 -0.353683 0.599999
      vertex 2.49989 -0.449265 0.599999
      vertex 2.48747 -0.566772 0.599999
    endloop
  endfacet
  facet normal 0 0 -1
    outer loop
      vertex 1.86174 -0.353683 0.599999
      vertex 2.48747 -0.566772 0.599999
      vertex 2.46678 -0.677734 0.599999
    endloop
  endfacet
  facet normal 0 0 -1
    outer loop
      vertex 1.86174 -0.353683 0.599999
      vertex 2.46678 -0.677734 0.599999
      vertex 2.43781 -0.78215 0.599999
    endloop
  endfacet
  facet normal 0 0 -1
    outer loop
      vertex 1.86174 -0.353683 0.599999
      vertex 2.43781 -0.78215 0.599999
      vertex 2.40056 -0.880051 0.599999
    endloop
  endfacet
  facet normal 0 0 -1
    outer loop
      vertex 1.86174 -0.353683 0.599999
      vertex 2.40056 -0.880051 0.599999
      vertex 2.35503 -0.971405 0.599999
    endloop
  endfacet
  facet normal 0 0 -1
    outer loop
      vertex 1.86174 -0.353683 0.599999
      vertex 2.35503 -0.971405 0.599999
      vertex 2.30122 -1.05623 0.599999
    endloop
  endfacet
  facet normal 0 0 -1
    outer loop
      vertex 1.86174 -0.353683 0.599999
      vertex 2.30122 -1.05623 0.599999
      vertex 2.23914 -1.13451 0.599999
    endloop
  endfacet
  facet normal 0 0 -1
    outer loop
      vertex 1.86174 -0.353683 0.599999
      vertex 2.23914 -1.13451 0.599999
      vertex 2.16876 -1.20625 0.599999
    endloop
  endfacet
  facet normal 0 0 -1
    outer loop
      vertex 1.86174 -0.353683 0.599999
      vertex 2.16876 -1.20625 0.599999
      vertex 2.09061 -1.27092 0.599999
    endloop
  endfacet
  facet normal 0 0 -1
    outer loop
      vertex 1.86174 -0.353683 0.599999
      vertex 2.09061 -1.27092 0.599999
      vertex 2.00514 -1.32799 0.599999
    endloop
  endfacet
  facet normal 0 0 -1
    outer loop
      vertex 1.65103 -0.864822 0.599999
      vertex 2.00514 -1.32799 0.599999
      vertex 1.91235 -1.37744 0.599999
    endloop
  endfacet
  facet normal 0 0 -1
    outer loop
      vertex 2.50403 -0.325226 0.599999
      vertex 1.86388 -0.275314 0.599999
      vertex 2.50403 1.58653 0.599999
    endloop
  endfacet
  facet normal -0 0 -1
    outer loop
      vertex 2.50403 1.58653 0.599999
      vertex 1.86388 -0.275314 0.599999
      vertex 1.86388 1.58653 0.599999
    endloop
  endfacet
  facet normal 0 0 -1
    outer loop
      vertex -0.660721 -1.47099 0.599999
      vertex -1.30089 -0.976242 0.599999
      vertex -0.660721 1.58653 0.599999
    endloop
  endfacet
  facet normal 0 0 -1
    outer loop
      vertex -2.94139 -1.47099 0.599999
      vertex -1.30089 -0.976242 0.599999
      vertex -0.660721 -1.47099 0.599999
    endloop
  endfacet
  facet normal -0 0 -1
    outer loop
      vertex -1.30089 -0.976242 0.599999
      vertex -2.94139 -1.47099 0.599999
      vertex -2.94139 -0.976242 0.599999
    endloop
  endfacet
  facet normal -0 0 -1
    outer loop
      vertex -0.660721 1.58653 0.599999
      vertex -1.30089 -0.976242 0.599999
      vertex -1.30089 1.58653 0.599999
    endloop
  endfacet
  facet normal 0 0 -1
    outer loop
      vertex -3.31195 -1.47099 0.599999
      vertex -3.9521 -0.976242 0.599999
      vertex -3.31195 1.58653 0.599999
    endloop
  endfacet
  facet normal 0 0 -1
    outer loop
      vertex -5.59262 -1.47099 0.599999
      vertex -3.9521 -0.976242 0.599999
      vertex -3.31195 -1.47099 0.599999
    endloop
  endfacet
  facet normal -0 0 -1
    outer loop
      vertex -3.9521 -0.976242 0.599999
      vertex -5.59262 -1.47099 0.599999
      vertex -5.59262 -0.976242 0.599999
    endloop
  endfacet
  facet normal -0 0 -1
    outer loop
      vertex -3.31195 1.58653 0.599999
      vertex -3.9521 -0.976242 0.599999
      vertex -3.9521 1.58653 0.599999
    endloop
  endfacet
  facet normal 0 1 -0
    outer loop
      vertex 4.72844 -0.394669 0
      vertex 3.96895 -0.394669 0.599999
      vertex 4.72844 -0.394669 0.599999
    endloop
  endfacet
  facet normal 0 1 0
    outer loop
      vertex 3.96895 -0.394669 0.599999
      vertex 4.72844 -0.394669 0
      vertex 3.96895 -0.394669 0
    endloop
  endfacet
  facet normal 0.0206181 0.999787 -0
    outer loop
      vertex 3.96895 -0.394669 0
      vertex 3.89345 -0.393112 0.599999
      vertex 3.96895 -0.394669 0.599999
    endloop
  endfacet
  facet normal 0.0206181 0.999787 0
    outer loop
      vertex 3.89345 -0.393112 0.599999
      vertex 3.96895 -0.394669 0
      vertex 3.89345 -0.393112 0
    endloop
  endfacet
  facet normal 0.0642969 0.997931 -0
    outer loop
      vertex 3.89345 -0.393112 0
      vertex 3.82027 -0.388397 0.599999
      vertex 3.89345 -0.393112 0.599999
    endloop
  endfacet
  facet normal 0.0642969 0.997931 0
    outer loop
      vertex 3.82027 -0.388397 0.599999
      vertex 3.89345 -0.393112 0
      vertex 3.82027 -0.388397 0
    endloop
  endfacet
  facet normal 0.109788 0.993955 -0
    outer loop
      vertex 3.82027 -0.388397 0
      vertex 3.7494 -0.380569 0.599999
      vertex 3.82027 -0.388397 0.599999
    endloop
  endfacet
  facet normal 0.109788 0.993955 0
    outer loop
      vertex 3.7494 -0.380569 0.599999
      vertex 3.82027 -0.388397 0
      vertex 3.7494 -0.380569 0
    endloop
  endfacet
  facet normal 0.158123 0.987419 -0
    outer loop
      vertex 3.7494 -0.380569 0
      vertex 3.68089 -0.369598 0.599999
      vertex 3.7494 -0.380569 0.599999
    endloop
  endfacet
  facet normal 0.158123 0.987419 0
    outer loop
      vertex 3.68089 -0.369598 0.599999
      vertex 3.7494 -0.380569 0
      vertex 3.68089 -0.369598 0
    endloop
  endfacet
  facet normal 0.208334 0.978058 -0
    outer loop
      vertex 3.68089 -0.369598 0
      vertex 3.6147 -0.355499 0.599999
      vertex 3.68089 -0.369598 0.599999
    endloop
  endfacet
  facet normal 0.208334 0.978058 0
    outer loop
      vertex 3.6147 -0.355499 0.599999
      vertex 3.68089 -0.369598 0
      vertex 3.6147 -0.355499 0
    endloop
  endfacet
  facet normal 0.260739 0.965409 -0
    outer loop
      vertex 3.6147 -0.355499 0
      vertex 3.55086 -0.338257 0.599999
      vertex 3.6147 -0.355499 0.599999
    endloop
  endfacet
  facet normal 0.260739 0.965409 0
    outer loop
      vertex 3.55086 -0.338257 0.599999
      vertex 3.6147 -0.355499 0
      vertex 3.55086 -0.338257 0
    endloop
  endfacet
  facet normal 0.314297 0.949325 -0
    outer loop
      vertex 3.55086 -0.338257 0
      vertex 3.48933 -0.317886 0.599999
      vertex 3.55086 -0.338257 0.599999
    endloop
  endfacet
  facet normal 0.314297 0.949325 0
    outer loop
      vertex 3.48933 -0.317886 0.599999
      vertex 3.55086 -0.338257 0
      vertex 3.48933 -0.317886 0
    endloop
  endfacet
  facet normal 0.369129 0.929378 -0
    outer loop
      vertex 3.48933 -0.317886 0
      vertex 3.43013 -0.294373 0.599999
      vertex 3.48933 -0.317886 0.599999
    endloop
  endfacet
  facet normal 0.369129 0.929378 0
    outer loop
      vertex 3.43013 -0.294373 0.599999
      vertex 3.48933 -0.317886 0
      vertex 3.43013 -0.294373 0
    endloop
  endfacet
  facet normal 0.42435 0.905498 -0
    outer loop
      vertex 3.43013 -0.294373 0
      vertex 3.37328 -0.267731 0.599999
      vertex 3.43013 -0.294373 0.599999
    endloop
  endfacet
  facet normal 0.42435 0.905498 0
    outer loop
      vertex 3.37328 -0.267731 0.599999
      vertex 3.43013 -0.294373 0
      vertex 3.37328 -0.267731 0
    endloop
  endfacet
  facet normal 0.477787 0.878476 -0
    outer loop
      vertex 3.37328 -0.267731 0
      vertex 3.31902 -0.23822 0.599999
      vertex 3.37328 -0.267731 0.599999
    endloop
  endfacet
  facet normal 0.477787 0.878476 0
    outer loop
      vertex 3.31902 -0.23822 0.599999
      vertex 3.37328 -0.267731 0
      vertex 3.31902 -0.23822 0
    endloop
  endfacet
  facet normal 0.52975 0.848154 -0
    outer loop
      vertex 3.31902 -0.23822 0
      vertex 3.26762 -0.206116 0.599999
      vertex 3.31902 -0.23822 0.599999
    endloop
  endfacet
  facet normal 0.52975 0.848154 0
    outer loop
      vertex 3.26762 -0.206116 0.599999
      vertex 3.31902 -0.23822 0
      vertex 3.26762 -0.206116 0
    endloop
  endfacet
  facet normal 0.58179 0.813339 -0
    outer loop
      vertex 3.26762 -0.206116 0
      vertex 3.21909 -0.171402 0.599999
      vertex 3.26762 -0.206116 0.599999
    endloop
  endfacet
  facet normal 0.58179 0.813339 0
    outer loop
      vertex 3.21909 -0.171402 0.599999
      vertex 3.26762 -0.206116 0
      vertex 3.21909 -0.171402 0
    endloop
  endfacet
  facet normal 0.632728 0.774374 -0
    outer loop
      vertex 3.21909 -0.171402 0
      vertex 3.17343 -0.134094 0.599999
      vertex 3.21909 -0.171402 0.599999
    endloop
  endfacet
  facet normal 0.632728 0.774374 0
    outer loop
      vertex 3.17343 -0.134094 0.599999
      vertex 3.21909 -0.171402 0
      vertex 3.17343 -0.134094 0
    endloop
  endfacet
  facet normal 0.681906 0.73144 -0
    outer loop
      vertex 3.17343 -0.134094 0
      vertex 3.13063 -0.0941925 0.599999
      vertex 3.17343 -0.134094 0.599999
    endloop
  endfacet
  facet normal 0.681906 0.73144 0
    outer loop
      vertex 3.13063 -0.0941925 0.599999
      vertex 3.17343 -0.134094 0
      vertex 3.13063 -0.0941925 0
    endloop
  endfacet
  facet normal 0.72885 0.684674 0
    outer loop
      vertex 3.13063 -0.0941925 0.599999
      vertex 3.09071 -0.0516968 0
      vertex 3.09071 -0.0516968 0.599999
    endloop
  endfacet
  facet normal 0.72885 0.684674 0
    outer loop
      vertex 3.09071 -0.0516968 0
      vertex 3.13063 -0.0941925 0.599999
      vertex 3.13063 -0.0941925 0
    endloop
  endfacet
  facet normal 0.772647 0.634836 0
    outer loop
      vertex 3.09071 -0.0516968 0.599999
      vertex 3.05365 -0.0065918 0
      vertex 3.05365 -0.0065918 0.599999
    endloop
  endfacet
  facet normal 0.772647 0.634836 0
    outer loop
      vertex 3.05365 -0.0065918 0
      vertex 3.09071 -0.0516968 0.599999
      vertex 3.09071 -0.0516968 0
    endloop
  endfacet
  facet normal 0.812602 0.582819 0
    outer loop
      vertex 3.05365 -0.0065918 0.599999
      vertex 3.01945 0.0410919 0
      vertex 3.01945 0.0410919 0.599999
    endloop
  endfacet
  facet normal 0.812602 0.582819 0
    outer loop
      vertex 3.01945 0.0410919 0
      vertex 3.05365 -0.0065918 0.599999
      vertex 3.05365 -0.0065918 0
    endloop
  endfacet
  facet normal 0.848855 0.528625 0
    outer loop
      vertex 3.01945 0.0410919 0.599999
      vertex 2.98813 0.0913849 0
      vertex 2.98813 0.0913849 0.599999
    endloop
  endfacet
  facet normal 0.848855 0.528625 0
    outer loop
      vertex 2.98813 0.0913849 0
      vertex 3.01945 0.0410919 0.599999
      vertex 3.01945 0.0410919 0
    endloop
  endfacet
  facet normal 0.880164 0.474669 0
    outer loop
      vertex 2.98813 0.0913849 0.599999
      vertex 2.95988 0.143768 0
      vertex 2.95988 0.143768 0.599999
    endloop
  endfacet
  facet normal 0.880164 0.474669 0
    outer loop
      vertex 2.95988 0.143768 0
      vertex 2.98813 0.0913849 0.599999
      vertex 2.98813 0.0913849 0
    endloop
  endfacet
  facet normal 0.907821 0.419357 0
    outer loop
      vertex 2.95988 0.143768 0.599999
      vertex 2.93497 0.197693 0
      vertex 2.93497 0.197693 0.599999
    endloop
  endfacet
  facet normal 0.907821 0.419357 0
    outer loop
      vertex 2.93497 0.197693 0
      vertex 2.95988 0.143768 0.599999
      vertex 2.95988 0.143768 0
    endloop
  endfacet
  facet normal 0.931811 0.362943 0
    outer loop
      vertex 2.93497 0.197693 0.599999
      vertex 2.91336 0.253174 0
      vertex 2.91336 0.253174 0.599999
    endloop
  endfacet
  facet normal 0.931811 0.362943 0
    outer loop
      vertex 2.91336 0.253174 0
      vertex 2.93497 0.197693 0.599999
      vertex 2.93497 0.197693 0
    endloop
  endfacet
  facet normal 0.952385 0.304899 0
    outer loop
      vertex 2.91336 0.253174 0.599999
      vertex 2.8951 0.310211 0
      vertex 2.8951 0.310211 0.599999
    endloop
  endfacet
  facet normal 0.952385 0.304899 0
    outer loop
      vertex 2.8951 0.310211 0
      vertex 2.91336 0.253174 0.599999
      vertex 2.91336 0.253174 0
    endloop
  endfacet
  facet normal 0.968918 0.247381 0
    outer loop
      vertex 2.8951 0.310211 0.599999
      vertex 2.88014 0.368805 0
      vertex 2.88014 0.368805 0.599999
    endloop
  endfacet
  facet normal 0.968918 0.247381 0
    outer loop
      vertex 2.88014 0.368805 0
      vertex 2.8951 0.310211 0.599999
      vertex 2.8951 0.310211 0
    endloop
  endfacet
  facet normal 0.981838 0.189722 0
    outer loop
      vertex 2.88014 0.368805 0.599999
      vertex 2.86852 0.42894 0
      vertex 2.86852 0.42894 0.599999
    endloop
  endfacet
  facet normal 0.981838 0.189722 0
    outer loop
      vertex 2.86852 0.42894 0
      vertex 2.88014 0.368805 0.599999
      vertex 2.88014 0.368805 0
    endloop
  endfacet
  facet normal 0.991049 0.133498 0
    outer loop
      vertex 2.86852 0.42894 0.599999
      vertex 2.86021 0.490631 0
      vertex 2.86021 0.490631 0.599999
    endloop
  endfacet
  facet normal 0.991049 0.133498 0
    outer loop
      vertex 2.86021 0.490631 0
      vertex 2.86852 0.42894 0.599999
      vertex 2.86852 0.42894 0
    endloop
  endfacet
  facet normal 0.996902 0.0786514 0
    outer loop
      vertex 2.86021 0.490631 0.599999
      vertex 2.85522 0.553879 0
      vertex 2.85522 0.553879 0.599999
    endloop
  endfacet
  facet normal 0.996902 0.0786514 0
    outer loop
      vertex 2.85522 0.553879 0
      vertex 2.86021 0.490631 0.599999
      vertex 2.86021 0.490631 0
    endloop
  endfacet
  facet normal 0.999672 0.0256073 0
    outer loop
      vertex 2.85522 0.553879 0.599999
      vertex 2.85356 0.618683 0
      vertex 2.85356 0.618683 0.599999
    endloop
  endfacet
  facet normal 0.999672 0.0256073 0
    outer loop
      vertex 2.85356 0.618683 0
      vertex 2.85522 0.553879 0.599999
      vertex 2.85522 0.553879 0
    endloop
  endfacet
  facet normal 0.999333 -0.0365234 0
    outer loop
      vertex 2.85356 0.618683 0.599999
      vertex 2.85722 0.718826 0
      vertex 2.85722 0.718826 0.599999
    endloop
  endfacet
  facet normal 0.999333 -0.0365234 0
    outer loop
      vertex 2.85722 0.718826 0
      vertex 2.85356 0.618683 0.599999
      vertex 2.85356 0.618683 0
    endloop
  endfacet
  facet normal 0.993393 -0.114764 0
    outer loop
      vertex 2.85722 0.718826 0.599999
      vertex 2.86819 0.813782 0
      vertex 2.86819 0.813782 0.599999
    endloop
  endfacet
  facet normal 0.993393 -0.114764 0
    outer loop
      vertex 2.86819 0.813782 0
      vertex 2.85722 0.718826 0.599999
      vertex 2.85722 0.718826 0
    endloop
  endfacet
  facet normal 0.979903 -0.199477 0
    outer loop
      vertex 2.86819 0.813782 0.599999
      vertex 2.88647 0.90358 0
      vertex 2.88647 0.90358 0.599999
    endloop
  endfacet
  facet normal 0.979903 -0.199477 0
    outer loop
      vertex 2.88647 0.90358 0
      vertex 2.86819 0.813782 0.599999
      vertex 2.86819 0.813782 0
    endloop
  endfacet
  facet normal 0.957131 -0.289656 0
    outer loop
      vertex 2.88647 0.90358 0.599999
      vertex 2.91208 0.988205 0
      vertex 2.91208 0.988205 0.599999
    endloop
  endfacet
  facet normal 0.957131 -0.289656 0
    outer loop
      vertex 2.91208 0.988205 0
      vertex 2.88647 0.90358 0.599999
      vertex 2.88647 0.90358 0
    endloop
  endfacet
  facet normal 0.923851 -0.382752 0
    outer loop
      vertex 2.91208 0.988205 0.599999
      vertex 2.94499 1.06764 0
      vertex 2.94499 1.06764 0.599999
    endloop
  endfacet
  facet normal 0.923851 -0.382752 0
    outer loop
      vertex 2.94499 1.06764 0
      vertex 2.91208 0.988205 0.599999
      vertex 2.91208 0.988205 0
    endloop
  endfacet
  facet normal 0.879366 -0.476146 0
    outer loop
      vertex 2.94499 1.06764 0.599999
      vertex 2.98521 1.14192 0
      vertex 2.98521 1.14192 0.599999
    endloop
  endfacet
  facet normal 0.879366 -0.476146 0
    outer loop
      vertex 2.98521 1.14192 0
      vertex 2.94499 1.06764 0.599999
      vertex 2.94499 1.06764 0
    endloop
  endfacet
  facet normal 0.823837 -0.566827 0
    outer loop
      vertex 2.98521 1.14192 0.599999
      vertex 3.03276 1.21103 0
      vertex 3.03276 1.21103 0.599999
    endloop
  endfacet
  facet normal 0.823837 -0.566827 0
    outer loop
      vertex 3.03276 1.21103 0
      vertex 2.98521 1.14192 0.599999
      vertex 2.98521 1.14192 0
    endloop
  endfacet
  facet normal 0.758888 -0.651221 0
    outer loop
      vertex 3.03276 1.21103 0.599999
      vertex 3.08762 1.27496 0
      vertex 3.08762 1.27496 0.599999
    endloop
  endfacet
  facet normal 0.758888 -0.651221 0
    outer loop
      vertex 3.08762 1.27496 0
      vertex 3.03276 1.21103 0.599999
      vertex 3.03276 1.21103 0
    endloop
  endfacet
  facet normal 0.686953 -0.726702 0
    outer loop
      vertex 3.08762 1.27496 0
      vertex 3.14978 1.33372 0.599999
      vertex 3.08762 1.27496 0.599999
    endloop
  endfacet
  facet normal 0.686953 -0.726702 0
    outer loop
      vertex 3.14978 1.33372 0.599999
      vertex 3.08762 1.27496 0
      vertex 3.14978 1.33372 0
    endloop
  endfacet
  facet normal 0.609866 -0.792504 0
    outer loop
      vertex 3.14978 1.33372 0
      vertex 3.21873 1.38678 0.599999
      vertex 3.14978 1.33372 0.599999
    endloop
  endfacet
  facet normal 0.609866 -0.792504 0
    outer loop
      vertex 3.21873 1.38678 0.599999
      vertex 3.14978 1.33372 0
      vertex 3.21873 1.38678 0
    endloop
  endfacet
  facet normal 0.528557 -0.848898 0
    outer loop
      vertex 3.21873 1.38678 0
      vertex 3.29391 1.43359 0.599999
      vertex 3.21873 1.38678 0.599999
    endloop
  endfacet
  facet normal 0.528557 -0.848898 0
    outer loop
      vertex 3.29391 1.43359 0.599999
      vertex 3.21873 1.38678 0
      vertex 3.29391 1.43359 0
    endloop
  endfacet
  facet normal 0.446026 -0.89502 0
    outer loop
      vertex 3.29391 1.43359 0
      vertex 3.37534 1.47417 0.599999
      vertex 3.29391 1.43359 0.599999
    endloop
  endfacet
  facet normal 0.446026 -0.89502 0
    outer loop
      vertex 3.37534 1.47417 0.599999
      vertex 3.29391 1.43359 0
      vertex 3.37534 1.47417 0
    endloop
  endfacet
  facet normal 0.36466 -0.931141 0
    outer loop
      vertex 3.37534 1.47417 0
      vertex 3.463 1.5085 0.599999
      vertex 3.37534 1.47417 0.599999
    endloop
  endfacet
  facet normal 0.36466 -0.931141 0
    outer loop
      vertex 3.463 1.5085 0.599999
      vertex 3.37534 1.47417 0
      vertex 3.463 1.5085 0
    endloop
  endfacet
  facet normal 0.286543 -0.958067 0
    outer loop
      vertex 3.463 1.5085 0
      vertex 3.55692 1.53659 0.599999
      vertex 3.463 1.5085 0.599999
    endloop
  endfacet
  facet normal 0.286543 -0.958067 0
    outer loop
      vertex 3.55692 1.53659 0.599999
      vertex 3.463 1.5085 0
      vertex 3.55692 1.53659 0
    endloop
  endfacet
  facet normal 0.213179 -0.977013 0
    outer loop
      vertex 3.55692 1.53659 0
      vertex 3.65706 1.55844 0.599999
      vertex 3.55692 1.53659 0.599999
    endloop
  endfacet
  facet normal 0.213179 -0.977013 0
    outer loop
      vertex 3.65706 1.55844 0.599999
      vertex 3.55692 1.53659 0
      vertex 3.65706 1.55844 0
    endloop
  endfacet
  facet normal 0.145157 -0.989409 0
    outer loop
      vertex 3.65706 1.55844 0
      vertex 3.76346 1.57405 0.599999
      vertex 3.65706 1.55844 0.599999
    endloop
  endfacet
  facet normal 0.145157 -0.989409 0
    outer loop
      vertex 3.76346 1.57405 0.599999
      vertex 3.65706 1.55844 0
      vertex 3.76346 1.57405 0
    endloop
  endfacet
  facet normal 0.0827233 -0.996573 0
    outer loop
      vertex 3.76346 1.57405 0
      vertex 3.8761 1.5834 0.599999
      vertex 3.76346 1.57405 0.599999
    endloop
  endfacet
  facet normal 0.0827233 -0.996573 0
    outer loop
      vertex 3.8761 1.5834 0.599999
      vertex 3.76346 1.57405 0
      vertex 3.8761 1.5834 0
    endloop
  endfacet
  facet normal 0.0263244 -0.999653 0
    outer loop
      vertex 3.8761 1.5834 0
      vertex 3.99496 1.58653 0.599999
      vertex 3.8761 1.5834 0.599999
    endloop
  endfacet
  facet normal 0.0263244 -0.999653 0
    outer loop
      vertex 3.99496 1.58653 0.599999
      vertex 3.8761 1.5834 0
      vertex 3.99496 1.58653 0
    endloop
  endfacet
  facet normal 0 -1 0
    outer loop
      vertex 3.99496 1.58653 0
      vertex 5.36861 1.58653 0.599999
      vertex 3.99496 1.58653 0.599999
    endloop
  endfacet
  facet normal 0 -1 -0
    outer loop
      vertex 5.36861 1.58653 0.599999
      vertex 3.99496 1.58653 0
      vertex 5.36861 1.58653 0
    endloop
  endfacet
  facet normal -1 0 0
    outer loop
      vertex 5.36861 -1.47099 0
      vertex 5.36861 1.58653 0.599999
      vertex 5.36861 1.58653 0
    endloop
  endfacet
  facet normal -1 -0 0
    outer loop
      vertex 5.36861 1.58653 0.599999
      vertex 5.36861 -1.47099 0
      vertex 5.36861 -1.47099 0.599999
    endloop
  endfacet
  facet normal 0 1 -0
    outer loop
      vertex 5.36861 -1.47099 0
      vertex 4.72844 -1.47099 0.599999
      vertex 5.36861 -1.47099 0.599999
    endloop
  endfacet
  facet normal 0 1 0
    outer loop
      vertex 4.72844 -1.47099 0.599999
      vertex 5.36861 -1.47099 0
      vertex 4.72844 -1.47099 0
    endloop
  endfacet
  facet normal 1 -0 0
    outer loop
      vertex 4.72844 -1.47099 0.599999
      vertex 4.72844 -0.394669 0
      vertex 4.72844 -0.394669 0.599999
    endloop
  endfacet
  facet normal 1 0 0
    outer loop
      vertex 4.72844 -0.394669 0
      vertex 4.72844 -1.47099 0.599999
      vertex 4.72844 -1.47099 0
    endloop
  endfacet
  facet normal 1 -0 0
    outer loop
      vertex 4.72844 0.0978851 0.599999
      vertex 4.72844 1.0896 0
      vertex 4.72844 1.0896 0.599999
    endloop
  endfacet
  facet normal 1 0 0
    outer loop
      vertex 4.72844 1.0896 0
      vertex 4.72844 0.0978851 0.599999
      vertex 4.72844 0.0978851 0
    endloop
  endfacet
  facet normal 0 1 -0
    outer loop
      vertex 4.72844 1.0896 0
      vertex 4.06659 1.0896 0.599999
      vertex 4.72844 1.0896 0.599999
    endloop
  endfacet
  facet normal 0 1 0
    outer loop
      vertex 4.06659 1.0896 0.599999
      vertex 4.72844 1.0896 0
      vertex 4.06659 1.0896 0
    endloop
  endfacet
  facet normal -0.049804 0.998759 0
    outer loop
      vertex 4.06659 1.0896 0
      vertex 3.94727 1.08365 0.599999
      vertex 4.06659 1.0896 0.599999
    endloop
  endfacet
  facet normal -0.049804 0.998759 0
    outer loop
      vertex 3.94727 1.08365 0.599999
      vertex 4.06659 1.0896 0
      vertex 3.94727 1.08365 0
    endloop
  endfacet
  facet normal -0.167056 0.985947 0
    outer loop
      vertex 3.94727 1.08365 0
      vertex 3.84198 1.06581 0.599999
      vertex 3.94727 1.08365 0.599999
    endloop
  endfacet
  facet normal -0.167056 0.985947 0
    outer loop
      vertex 3.84198 1.06581 0.599999
      vertex 3.94727 1.08365 0
      vertex 3.84198 1.06581 0
    endloop
  endfacet
  facet normal -0.309875 0.950777 0
    outer loop
      vertex 3.84198 1.06581 0
      vertex 3.75073 1.03607 0.599999
      vertex 3.84198 1.06581 0.599999
    endloop
  endfacet
  facet normal -0.309875 0.950777 0
    outer loop
      vertex 3.75073 1.03607 0.599999
      vertex 3.84198 1.06581 0
      vertex 3.75073 1.03607 0
    endloop
  endfacet
  facet normal -0.474669 0.880165 0
    outer loop
      vertex 3.75073 1.03607 0
      vertex 3.67352 0.994431 0.599999
      vertex 3.75073 1.03607 0.599999
    endloop
  endfacet
  facet normal -0.474669 0.880165 0
    outer loop
      vertex 3.67352 0.994431 0.599999
      vertex 3.75073 1.03607 0
      vertex 3.67352 0.994431 0
    endloop
  endfacet
  facet normal -0.64648 0.762931 0
    outer loop
      vertex 3.67352 0.994431 0
      vertex 3.61035 0.940903 0.599999
      vertex 3.67352 0.994431 0.599999
    endloop
  endfacet
  facet normal -0.64648 0.762931 0
    outer loop
      vertex 3.61035 0.940903 0.599999
      vertex 3.67352 0.994431 0
      vertex 3.61035 0.940903 0
    endloop
  endfacet
  facet normal -0.799596 0.600538 0
    outer loop
      vertex 3.56122 0.875488 0
      vertex 3.61035 0.940903 0.599999
      vertex 3.61035 0.940903 0
    endloop
  endfacet
  facet normal -0.799596 0.600538 0
    outer loop
      vertex 3.61035 0.940903 0.599999
      vertex 3.56122 0.875488 0
      vertex 3.56122 0.875488 0.599999
    endloop
  endfacet
  facet normal -0.91056 0.413377 0
    outer loop
      vertex 3.52612 0.798172 0
      vertex 3.56122 0.875488 0.599999
      vertex 3.56122 0.875488 0
    endloop
  endfacet
  facet normal -0.91056 0.413377 0
    outer loop
      vertex 3.56122 0.875488 0.599999
      vertex 3.52612 0.798172 0
      vertex 3.52612 0.798172 0.599999
    endloop
  endfacet
  facet normal -0.973277 0.229634 0
    outer loop
      vertex 3.50507 0.708954 0
      vertex 3.52612 0.798172 0.599999
      vertex 3.52612 0.798172 0
    endloop
  endfacet
  facet normal -0.973277 0.229634 0
    outer loop
      vertex 3.52612 0.798172 0.599999
      vertex 3.50507 0.708954 0
      vertex 3.50507 0.708954 0.599999
    endloop
  endfacet
  facet normal -0.997599 0.0692558 0
    outer loop
      vertex 3.49805 0.607834 0
      vertex 3.50507 0.708954 0.599999
      vertex 3.50507 0.708954 0
    endloop
  endfacet
  facet normal -0.997599 0.0692558 0
    outer loop
      vertex 3.50507 0.708954 0.599999
      vertex 3.49805 0.607834 0
      vertex 3.49805 0.607834 0.599999
    endloop
  endfacet
  facet normal -0.999454 -0.0330487 0
    outer loop
      vertex 3.49982 0.554306 0
      vertex 3.49805 0.607834 0.599999
      vertex 3.49805 0.607834 0
    endloop
  endfacet
  facet normal -0.999454 -0.0330487 0
    outer loop
      vertex 3.49805 0.607834 0.599999
      vertex 3.49982 0.554306 0
      vertex 3.49982 0.554306 0.599999
    endloop
  endfacet
  facet normal -0.994595 -0.103829 0
    outer loop
      vertex 3.50511 0.503632 0
      vertex 3.49982 0.554306 0.599999
      vertex 3.49982 0.554306 0
    endloop
  endfacet
  facet normal -0.994595 -0.103829 0
    outer loop
      vertex 3.49982 0.554306 0.599999
      vertex 3.50511 0.503632 0
      vertex 3.50511 0.503632 0.599999
    endloop
  endfacet
  facet normal -0.983293 -0.18203 0
    outer loop
      vertex 3.51396 0.455826 0
      vertex 3.50511 0.503632 0.599999
      vertex 3.50511 0.503632 0
    endloop
  endfacet
  facet normal -0.983293 -0.18203 0
    outer loop
      vertex 3.50511 0.503632 0.599999
      vertex 3.51396 0.455826 0
      vertex 3.51396 0.455826 0.599999
    endloop
  endfacet
  facet normal -0.964083 -0.265602 0
    outer loop
      vertex 3.52634 0.410889 0
      vertex 3.51396 0.455826 0.599999
      vertex 3.51396 0.455826 0
    endloop
  endfacet
  facet normal -0.964083 -0.265602 0
    outer loop
      vertex 3.51396 0.455826 0.599999
      vertex 3.52634 0.410889 0
      vertex 3.52634 0.410889 0.599999
    endloop
  endfacet
  facet normal -0.935345 -0.353736 0
    outer loop
      vertex 3.54225 0.36882 0
      vertex 3.52634 0.410889 0.599999
      vertex 3.52634 0.410889 0
    endloop
  endfacet
  facet normal -0.935345 -0.353736 0
    outer loop
      vertex 3.52634 0.410889 0.599999
      vertex 3.54225 0.36882 0
      vertex 3.54225 0.36882 0.599999
    endloop
  endfacet
  facet normal -0.895771 -0.444516 0
    outer loop
      vertex 3.56171 0.329605 0
      vertex 3.54225 0.36882 0.599999
      vertex 3.54225 0.36882 0
    endloop
  endfacet
  facet normal -0.895771 -0.444516 0
    outer loop
      vertex 3.54225 0.36882 0.599999
      vertex 3.56171 0.329605 0
      vertex 3.56171 0.329605 0.599999
    endloop
  endfacet
  facet normal -0.845131 -0.53456 0
    outer loop
      vertex 3.58469 0.293274 0
      vertex 3.56171 0.329605 0.599999
      vertex 3.56171 0.329605 0
    endloop
  endfacet
  facet normal -0.845131 -0.53456 0
    outer loop
      vertex 3.56171 0.329605 0.599999
      vertex 3.58469 0.293274 0
      vertex 3.58469 0.293274 0.599999
    endloop
  endfacet
  facet normal -0.783743 -0.621085 0
    outer loop
      vertex 3.61122 0.259796 0
      vertex 3.58469 0.293274 0.599999
      vertex 3.58469 0.293274 0
    endloop
  endfacet
  facet normal -0.783743 -0.621085 0
    outer loop
      vertex 3.58469 0.293274 0.599999
      vertex 3.61122 0.259796 0
      vertex 3.61122 0.259796 0.599999
    endloop
  endfacet
  facet normal -0.713476 -0.700679 0
    outer loop
      vertex 3.64128 0.229187 0
      vertex 3.61122 0.259796 0.599999
      vertex 3.61122 0.259796 0
    endloop
  endfacet
  facet normal -0.713476 -0.700679 0
    outer loop
      vertex 3.61122 0.259796 0.599999
      vertex 3.64128 0.229187 0
      vertex 3.64128 0.229187 0.599999
    endloop
  endfacet
  facet normal -0.637205 -0.770695 0
    outer loop
      vertex 3.64128 0.229187 0
      vertex 3.67461 0.20163 0.599999
      vertex 3.64128 0.229187 0.599999
    endloop
  endfacet
  facet normal -0.637205 -0.770695 -0
    outer loop
      vertex 3.67461 0.20163 0.599999
      vertex 3.64128 0.229187 0
      vertex 3.67461 0.20163 0
    endloop
  endfacet
  facet normal -0.55633 -0.830961 0
    outer loop
      vertex 3.67461 0.20163 0
      vertex 3.71094 0.177307 0.599999
      vertex 3.67461 0.20163 0.599999
    endloop
  endfacet
  facet normal -0.55633 -0.830961 -0
    outer loop
      vertex 3.71094 0.177307 0.599999
      vertex 3.67461 0.20163 0
      vertex 3.71094 0.177307 0
    endloop
  endfacet
  facet normal -0.472356 -0.881408 0
    outer loop
      vertex 3.71094 0.177307 0
      vertex 3.75026 0.156235 0.599999
      vertex 3.71094 0.177307 0.599999
    endloop
  endfacet
  facet normal -0.472356 -0.881408 -0
    outer loop
      vertex 3.75026 0.156235 0.599999
      vertex 3.71094 0.177307 0
      vertex 3.75026 0.156235 0
    endloop
  endfacet
  facet normal -0.388054 -0.921637 0
    outer loop
      vertex 3.75026 0.156235 0
      vertex 3.79259 0.138412 0.599999
      vertex 3.75026 0.156235 0.599999
    endloop
  endfacet
  facet normal -0.388054 -0.921637 -0
    outer loop
      vertex 3.79259 0.138412 0.599999
      vertex 3.75026 0.156235 0
      vertex 3.79259 0.138412 0
    endloop
  endfacet
  facet normal -0.306326 -0.951927 0
    outer loop
      vertex 3.79259 0.138412 0
      vertex 3.83792 0.123825 0.599999
      vertex 3.79259 0.138412 0.599999
    endloop
  endfacet
  facet normal -0.306326 -0.951927 -0
    outer loop
      vertex 3.83792 0.123825 0.599999
      vertex 3.79259 0.138412 0
      vertex 3.83792 0.123825 0
    endloop
  endfacet
  facet normal -0.228662 -0.973506 0
    outer loop
      vertex 3.83792 0.123825 0
      vertex 3.88625 0.112473 0.599999
      vertex 3.83792 0.123825 0.599999
    endloop
  endfacet
  facet normal -0.228662 -0.973506 -0
    outer loop
      vertex 3.88625 0.112473 0.599999
      vertex 3.83792 0.123825 0
      vertex 3.88625 0.112473 0
    endloop
  endfacet
  facet normal -0.15593 -0.987768 0
    outer loop
      vertex 3.88625 0.112473 0
      vertex 3.93758 0.10437 0.599999
      vertex 3.88625 0.112473 0.599999
    endloop
  endfacet
  facet normal -0.15593 -0.987768 -0
    outer loop
      vertex 3.93758 0.10437 0.599999
      vertex 3.88625 0.112473 0
      vertex 3.93758 0.10437 0
    endloop
  endfacet
  facet normal -0.0892322 -0.996011 0
    outer loop
      vertex 3.93758 0.10437 0
      vertex 3.99191 0.0995026 0.599999
      vertex 3.93758 0.10437 0.599999
    endloop
  endfacet
  facet normal -0.0892322 -0.996011 -0
    outer loop
      vertex 3.99191 0.0995026 0.599999
      vertex 3.93758 0.10437 0
      vertex 3.99191 0.0995026 0
    endloop
  endfacet
  facet normal -0.0282026 -0.999602 0
    outer loop
      vertex 3.99191 0.0995026 0
      vertex 4.04924 0.0978851 0.599999
      vertex 3.99191 0.0995026 0.599999
    endloop
  endfacet
  facet normal -0.0282026 -0.999602 -0
    outer loop
      vertex 4.04924 0.0978851 0.599999
      vertex 3.99191 0.0995026 0
      vertex 4.04924 0.0978851 0
    endloop
  endfacet
  facet normal 0 -1 0
    outer loop
      vertex 4.04924 0.0978851 0
      vertex 4.72844 0.0978851 0.599999
      vertex 4.04924 0.0978851 0.599999
    endloop
  endfacet
  facet normal 0 -1 -0
    outer loop
      vertex 4.72844 0.0978851 0.599999
      vertex 4.04924 0.0978851 0
      vertex 4.72844 0.0978851 0
    endloop
  endfacet
  facet normal 0.0882504 0.996098 -0
    outer loop
      vertex 1.06099 -1.51044 0
      vertex 0.927124 -1.49858 0.599999
      vertex 1.06099 -1.51044 0.599999
    endloop
  endfacet
  facet normal 0.0882504 0.996098 0
    outer loop
      vertex 0.927124 -1.49858 0.599999
      vertex 1.06099 -1.51044 0
      vertex 0.927124 -1.49858 0
    endloop
  endfacet
  facet normal 0.154158 0.988046 -0
    outer loop
      vertex 0.927124 -1.49858 0
      vertex 0.800476 -1.47882 0.599999
      vertex 0.927124 -1.49858 0.599999
    endloop
  endfacet
  facet normal 0.154158 0.988046 0
    outer loop
      vertex 0.800476 -1.47882 0.599999
      vertex 0.927124 -1.49858 0
      vertex 0.800476 -1.47882 0
    endloop
  endfacet
  facet normal 0.225599 0.97422 -0
    outer loop
      vertex 0.800476 -1.47882 0
      vertex 0.68103 -1.45116 0.599999
      vertex 0.800476 -1.47882 0.599999
    endloop
  endfacet
  facet normal 0.225599 0.97422 0
    outer loop
      vertex 0.68103 -1.45116 0.599999
      vertex 0.800476 -1.47882 0
      vertex 0.68103 -1.45116 0
    endloop
  endfacet
  facet normal 0.302018 0.953302 -0
    outer loop
      vertex 0.68103 -1.45116 0
      vertex 0.568787 -1.4156 0.599999
      vertex 0.68103 -1.45116 0.599999
    endloop
  endfacet
  facet normal 0.302018 0.953302 0
    outer loop
      vertex 0.568787 -1.4156 0.599999
      vertex 0.68103 -1.45116 0
      vertex 0.568787 -1.4156 0
    endloop
  endfacet
  facet normal 0.382431 0.923984 -0
    outer loop
      vertex 0.568787 -1.4156 0
      vertex 0.46376 -1.37213 0.599999
      vertex 0.568787 -1.4156 0.599999
    endloop
  endfacet
  facet normal 0.382431 0.923984 0
    outer loop
      vertex 0.46376 -1.37213 0.599999
      vertex 0.568787 -1.4156 0
      vertex 0.46376 -1.37213 0
    endloop
  endfacet
  facet normal 0.464851 0.885389 -0
    outer loop
      vertex 0.46376 -1.37213 0
      vertex 0.365936 -1.32077 0.599999
      vertex 0.46376 -1.37213 0.599999
    endloop
  endfacet
  facet normal 0.464851 0.885389 0
    outer loop
      vertex 0.365936 -1.32077 0.599999
      vertex 0.46376 -1.37213 0
      vertex 0.365936 -1.32077 0
    endloop
  endfacet
  facet normal 0.547425 0.836855 -0
    outer loop
      vertex 0.365936 -1.32077 0
      vertex 0.275314 -1.26149 0.599999
      vertex 0.365936 -1.32077 0.599999
    endloop
  endfacet
  facet normal 0.547425 0.836855 0
    outer loop
      vertex 0.275314 -1.26149 0.599999
      vertex 0.365936 -1.32077 0
      vertex 0.275314 -1.26149 0
    endloop
  endfacet
  facet normal 0.627236 0.778829 -0
    outer loop
      vertex 0.275314 -1.26149 0
      vertex 0.19191 -1.19432 0.599999
      vertex 0.275314 -1.26149 0.599999
    endloop
  endfacet
  facet normal 0.627236 0.778829 0
    outer loop
      vertex 0.19191 -1.19432 0.599999
      vertex 0.275314 -1.26149 0
      vertex 0.19191 -1.19432 0
    endloop
  endfacet
  facet normal 0.702279 0.711902 -0
    outer loop
      vertex 0.19191 -1.19432 0
      vertex 0.116531 -1.11996 0.599999
      vertex 0.19191 -1.19432 0.599999
    endloop
  endfacet
  facet normal 0.702279 0.711902 0
    outer loop
      vertex 0.116531 -1.11996 0.599999
      vertex 0.19191 -1.19432 0
      vertex 0.116531 -1.11996 0
    endloop
  endfacet
  facet normal 0.772102 0.635498 0
    outer loop
      vertex 0.116531 -1.11996 0.599999
      vertex 0.0500183 -1.03915 0
      vertex 0.0500183 -1.03915 0.599999
    endloop
  endfacet
  facet normal 0.772102 0.635498 0
    outer loop
      vertex 0.0500183 -1.03915 0
      vertex 0.116531 -1.11996 0.599999
      vertex 0.116531 -1.11996 0
    endloop
  endfacet
  facet normal 0.8345 0.551008 0
    outer loop
      vertex 0.0500183 -1.03915 0.599999
      vertex -0.00759888 -0.951889 0
      vertex -0.00759888 -0.951889 0.599999
    endloop
  endfacet
  facet normal 0.8345 0.551008 0
    outer loop
      vertex -0.00759888 -0.951889 0
      vertex 0.0500183 -1.03915 0.599999
      vertex 0.0500183 -1.03915 0
    endloop
  endfacet
  facet normal 0.887088 0.4616 0
    outer loop
      vertex -0.00759888 -0.951889 0.599999
      vertex -0.056366 -0.85817 0
      vertex -0.056366 -0.85817 0.599999
    endloop
  endfacet
  facet normal 0.887088 0.4616 0
    outer loop
      vertex -0.056366 -0.85817 0
      vertex -0.00759888 -0.951889 0.599999
      vertex -0.00759888 -0.951889 0
    endloop
  endfacet
  facet normal 0.929033 0.369997 0
    outer loop
      vertex -0.056366 -0.85817 0.599999
      vertex -0.0962677 -0.75798 0
      vertex -0.0962677 -0.75798 0.599999
    endloop
  endfacet
  facet normal 0.929033 0.369997 0
    outer loop
      vertex -0.0962677 -0.75798 0
      vertex -0.056366 -0.85817 0.599999
      vertex -0.056366 -0.85817 0
    endloop
  endfacet
  facet normal 0.960154 0.279473 0
    outer loop
      vertex -0.0962677 -0.75798 0.599999
      vertex -0.127304 -0.651352 0
      vertex -0.127304 -0.651352 0.599999
    endloop
  endfacet
  facet normal 0.960154 0.279473 0
    outer loop
      vertex -0.127304 -0.651352 0
      vertex -0.0962677 -0.75798 0.599999
      vertex -0.0962677 -0.75798 0
    endloop
  endfacet
  facet normal 0.981322 0.192372 0
    outer loop
      vertex -0.127304 -0.651352 0.599999
      vertex -0.149475 -0.538254 0
      vertex -0.149475 -0.538254 0.599999
    endloop
  endfacet
  facet normal 0.981322 0.192372 0
    outer loop
      vertex -0.149475 -0.538254 0
      vertex -0.127304 -0.651352 0.599999
      vertex -0.127304 -0.651352 0
    endloop
  endfacet
  facet normal 0.993863 0.110615 0
    outer loop
      vertex -0.149475 -0.538254 0.599999
      vertex -0.162781 -0.418701 0
      vertex -0.162781 -0.418701 0.599999
    endloop
  endfacet
  facet normal 0.993863 0.110615 0
    outer loop
      vertex -0.162781 -0.418701 0
      vertex -0.149475 -0.538254 0.599999
      vertex -0.149475 -0.538254 0
    endloop
  endfacet
  facet normal 0.99938 0.0352143 0
    outer loop
      vertex -0.162781 -0.418701 0.599999
      vertex -0.167221 -0.292694 0
      vertex -0.167221 -0.292694 0.599999
    endloop
  endfacet
  facet normal 0.99938 0.0352143 0
    outer loop
      vertex -0.167221 -0.292694 0
      vertex -0.162781 -0.418701 0.599999
      vertex -0.162781 -0.418701 0
    endloop
  endfacet
  facet normal 1 -0 0
    outer loop
      vertex -0.167221 -0.292694 0.599999
      vertex -0.167221 1.58653 0
      vertex -0.167221 1.58653 0.599999
    endloop
  endfacet
  facet normal 1 0 0
    outer loop
      vertex -0.167221 1.58653 0
      vertex -0.167221 -0.292694 0.599999
      vertex -0.167221 -0.292694 0
    endloop
  endfacet
  facet normal 0 -1 0
    outer loop
      vertex -0.167221 1.58653 0
      vertex 0.472931 1.58653 0.599999
      vertex -0.167221 1.58653 0.599999
    endloop
  endfacet
  facet normal 0 -1 -0
    outer loop
      vertex 0.472931 1.58653 0.599999
      vertex -0.167221 1.58653 0
      vertex 0.472931 1.58653 0
    endloop
  endfacet
  facet normal -1 0 0
    outer loop
      vertex 0.472931 -0.253616 0
      vertex 0.472931 1.58653 0.599999
      vertex 0.472931 1.58653 0
    endloop
  endfacet
  facet normal -1 -0 0
    outer loop
      vertex 0.472931 1.58653 0.599999
      vertex 0.472931 -0.253616 0
      vertex 0.472931 -0.253616 0.599999
    endloop
  endfacet
  facet normal -0.99959 -0.0286184 0
    outer loop
      vertex 0.475204 -0.333008 0
      vertex 0.472931 -0.253616 0.599999
      vertex 0.472931 -0.253616 0
    endloop
  endfacet
  facet normal -0.99959 -0.0286184 0
    outer loop
      vertex 0.472931 -0.253616 0.599999
      vertex 0.475204 -0.333008 0
      vertex 0.475204 -0.333008 0.599999
    endloop
  endfacet
  facet normal -0.995891 -0.0905549 0
    outer loop
      vertex 0.48204 -0.408188 0
      vertex 0.475204 -0.333008 0.599999
      vertex 0.475204 -0.333008 0
    endloop
  endfacet
  facet normal -0.995891 -0.0905549 0
    outer loop
      vertex 0.475204 -0.333008 0.599999
      vertex 0.48204 -0.408188 0
      vertex 0.48204 -0.408188 0.599999
    endloop
  endfacet
  facet normal -0.987385 -0.158337 0
    outer loop
      vertex 0.493423 -0.479172 0
      vertex 0.48204 -0.408188 0.599999
      vertex 0.48204 -0.408188 0
    endloop
  endfacet
  facet normal -0.987385 -0.158337 0
    outer loop
      vertex 0.48204 -0.408188 0.599999
      vertex 0.493423 -0.479172 0
      vertex 0.493423 -0.479172 0.599999
    endloop
  endfacet
  facet normal -0.972649 -0.232281 0
    outer loop
      vertex 0.509369 -0.545944 0
      vertex 0.493423 -0.479172 0.599999
      vertex 0.493423 -0.479172 0
    endloop
  endfacet
  facet normal -0.972649 -0.232281 0
    outer loop
      vertex 0.493423 -0.479172 0.599999
      vertex 0.509369 -0.545944 0
      vertex 0.509369 -0.545944 0.599999
    endloop
  endfacet
  facet normal -0.950342 -0.311207 0
    outer loop
      vertex 0.529861 -0.608521 0
      vertex 0.509369 -0.545944 0.599999
      vertex 0.509369 -0.545944 0
    endloop
  endfacet
  facet normal -0.950342 -0.311207 0
    outer loop
      vertex 0.509369 -0.545944 0.599999
      vertex 0.529861 -0.608521 0
      vertex 0.529861 -0.608521 0.599999
    endloop
  endfacet
  facet normal -0.918992 -0.394277 0
    outer loop
      vertex 0.554901 -0.666885 0
      vertex 0.529861 -0.608521 0.599999
      vertex 0.529861 -0.608521 0
    endloop
  endfacet
  facet normal -0.918992 -0.394277 0
    outer loop
      vertex 0.529861 -0.608521 0.599999
      vertex 0.554901 -0.666885 0
      vertex 0.554901 -0.666885 0.599999
    endloop
  endfacet
  facet normal -0.877463 -0.479644 0
    outer loop
      vertex 0.584503 -0.721039 0
      vertex 0.554901 -0.666885 0.599999
      vertex 0.554901 -0.666885 0
    endloop
  endfacet
  facet normal -0.877463 -0.479644 0
    outer loop
      vertex 0.554901 -0.666885 0.599999
      vertex 0.584503 -0.721039 0
      vertex 0.584503 -0.721039 0.599999
    endloop
  endfacet
  facet normal -0.825431 -0.564503 0
    outer loop
      vertex 0.618668 -0.770996 0
      vertex 0.584503 -0.721039 0.599999
      vertex 0.584503 -0.721039 0
    endloop
  endfacet
  facet normal -0.825431 -0.564503 0
    outer loop
      vertex 0.584503 -0.721039 0.599999
      vertex 0.618668 -0.770996 0
      vertex 0.618668 -0.770996 0.599999
    endloop
  endfacet
  facet normal -0.763467 -0.645847 0
    outer loop
      vertex 0.657379 -0.816757 0
      vertex 0.618668 -0.770996 0.599999
      vertex 0.618668 -0.770996 0
    endloop
  endfacet
  facet normal -0.763467 -0.645847 0
    outer loop
      vertex 0.618668 -0.770996 0.599999
      vertex 0.657379 -0.816757 0
      vertex 0.657379 -0.816757 0.599999
    endloop
  endfacet
  facet normal -0.692475 -0.721442 0
    outer loop
      vertex 0.657379 -0.816757 0
      vertex 0.700317 -0.857971 0.599999
      vertex 0.657379 -0.816757 0.599999
    endloop
  endfacet
  facet normal -0.692475 -0.721442 -0
    outer loop
      vertex 0.700317 -0.857971 0.599999
      vertex 0.657379 -0.816757 0
      vertex 0.700317 -0.857971 0
    endloop
  endfacet
  facet normal -0.613051 -0.790043 0
    outer loop
      vertex 0.700317 -0.857971 0
      vertex 0.747177 -0.894333 0.599999
      vertex 0.700317 -0.857971 0.599999
    endloop
  endfacet
  facet normal -0.613051 -0.790043 -0
    outer loop
      vertex 0.747177 -0.894333 0.599999
      vertex 0.700317 -0.857971 0
      vertex 0.747177 -0.894333 0
    endloop
  endfacet
  facet normal -0.527545 -0.849527 0
    outer loop
      vertex 0.747177 -0.894333 0
      vertex 0.797943 -0.925858 0.599999
      vertex 0.747177 -0.894333 0.599999
    endloop
  endfacet
  facet normal -0.527545 -0.849527 -0
    outer loop
      vertex 0.797943 -0.925858 0.599999
      vertex 0.747177 -0.894333 0
      vertex 0.797943 -0.925858 0
    endloop
  endfacet
  facet normal -0.43846 -0.898751 0
    outer loop
      vertex 0.797943 -0.925858 0
      vertex 0.852615 -0.95253 0.599999
      vertex 0.797943 -0.925858 0.599999
    endloop
  endfacet
  facet normal -0.43846 -0.898751 -0
    outer loop
      vertex 0.852615 -0.95253 0.599999
      vertex 0.797943 -0.925858 0
      vertex 0.852615 -0.95253 0
    endloop
  endfacet
  facet normal -0.348981 -0.93713 0
    outer loop
      vertex 0.852615 -0.95253 0
      vertex 0.911209 -0.97435 0.599999
      vertex 0.852615 -0.95253 0.599999
    endloop
  endfacet
  facet normal -0.348981 -0.93713 -0
    outer loop
      vertex 0.911209 -0.97435 0.599999
      vertex 0.852615 -0.95253 0
      vertex 0.911209 -0.97435 0
    endloop
  endfacet
  facet normal -0.262004 -0.965067 0
    outer loop
      vertex 0.911209 -0.97435 0
      vertex 0.973709 -0.991318 0.599999
      vertex 0.911209 -0.97435 0.599999
    endloop
  endfacet
  facet normal -0.262004 -0.965067 -0
    outer loop
      vertex 0.973709 -0.991318 0.599999
      vertex 0.911209 -0.97435 0
      vertex 0.973709 -0.991318 0
    endloop
  endfacet
  facet normal -0.17942 -0.983773 0
    outer loop
      vertex 0.973709 -0.991318 0
      vertex 1.04012 -1.00343 0.599999
      vertex 0.973709 -0.991318 0.599999
    endloop
  endfacet
  facet normal -0.17942 -0.983773 -0
    outer loop
      vertex 1.04012 -1.00343 0.599999
      vertex 0.973709 -0.991318 0
      vertex 1.04012 -1.00343 0
    endloop
  endfacet
  facet normal -0.102976 -0.994684 0
    outer loop
      vertex 1.04012 -1.00343 0
      vertex 1.11044 -1.01071 0.599999
      vertex 1.04012 -1.00343 0.599999
    endloop
  endfacet
  facet normal -0.102976 -0.994684 -0
    outer loop
      vertex 1.11044 -1.01071 0.599999
      vertex 1.04012 -1.00343 0
      vertex 1.11044 -1.01071 0
    endloop
  endfacet
  facet normal -0.0327142 -0.999465 0
    outer loop
      vertex 1.11044 -1.01071 0
      vertex 1.18468 -1.01314 0.599999
      vertex 1.11044 -1.01071 0.599999
    endloop
  endfacet
  facet normal -0.0327142 -0.999465 -0
    outer loop
      vertex 1.18468 -1.01314 0.599999
      vertex 1.11044 -1.01071 0
      vertex 1.18468 -1.01314 0
    endloop
  endfacet
  facet normal 0.0320897 -0.999485 0
    outer loop
      vertex 1.18468 -1.01314 0
      vertex 1.25694 -1.01082 0.599999
      vertex 1.18468 -1.01314 0.599999
    endloop
  endfacet
  facet normal 0.0320897 -0.999485 0
    outer loop
      vertex 1.25694 -1.01082 0.599999
      vertex 1.18468 -1.01314 0
      vertex 1.25694 -1.01082 0
    endloop
  endfacet
  facet normal 0.101422 -0.994843 0
    outer loop
      vertex 1.25694 -1.01082 0
      vertex 1.32521 -1.00386 0.599999
      vertex 1.25694 -1.01082 0.599999
    endloop
  endfacet
  facet normal 0.101422 -0.994843 0
    outer loop
      vertex 1.32521 -1.00386 0.599999
      vertex 1.25694 -1.01082 0
      vertex 1.32521 -1.00386 0
    endloop
  endfacet
  facet normal 0.177283 -0.98416 0
    outer loop
      vertex 1.32521 -1.00386 0
      vertex 1.3895 -0.992279 0.599999
      vertex 1.32521 -1.00386 0.599999
    endloop
  endfacet
  facet normal 0.177283 -0.98416 0
    outer loop
      vertex 1.3895 -0.992279 0.599999
      vertex 1.32521 -1.00386 0
      vertex 1.3895 -0.992279 0
    endloop
  endfacet
  facet normal 0.259836 -0.965653 0
    outer loop
      vertex 1.3895 -0.992279 0
      vertex 1.44978 -0.976059 0.599999
      vertex 1.3895 -0.992279 0.599999
    endloop
  endfacet
  facet normal 0.259836 -0.965653 0
    outer loop
      vertex 1.44978 -0.976059 0.599999
      vertex 1.3895 -0.992279 0
      vertex 1.44978 -0.976059 0
    endloop
  endfacet
  facet normal 0.347365 -0.93773 0
    outer loop
      vertex 1.44978 -0.976059 0
      vertex 1.50609 -0.9552 0.599999
      vertex 1.44978 -0.976059 0.599999
    endloop
  endfacet
  facet normal 0.347365 -0.93773 0
    outer loop
      vertex 1.50609 -0.9552 0.599999
      vertex 1.44978 -0.976059 0
      vertex 1.50609 -0.9552 0
    endloop
  endfacet
  facet normal 0.438145 -0.898904 0
    outer loop
      vertex 1.50609 -0.9552 0
      vertex 1.5584 -0.929703 0.599999
      vertex 1.50609 -0.9552 0.599999
    endloop
  endfacet
  facet normal 0.438145 -0.898904 0
    outer loop
      vertex 1.5584 -0.929703 0.599999
      vertex 1.50609 -0.9552 0
      vertex 1.5584 -0.929703 0
    endloop
  endfacet
  facet normal 0.529159 -0.848523 0
    outer loop
      vertex 1.5584 -0.929703 0
      vertex 1.6067 -0.899582 0.599999
      vertex 1.5584 -0.929703 0.599999
    endloop
  endfacet
  facet normal 0.529159 -0.848523 0
    outer loop
      vertex 1.6067 -0.899582 0.599999
      vertex 1.5584 -0.929703 0
      vertex 1.6067 -0.899582 0
    endloop
  endfacet
  facet normal 0.617045 -0.786928 0
    outer loop
      vertex 1.6067 -0.899582 0
      vertex 1.65103 -0.864822 0.599999
      vertex 1.6067 -0.899582 0.599999
    endloop
  endfacet
  facet normal 0.617045 -0.786928 0
    outer loop
      vertex 1.65103 -0.864822 0.599999
      vertex 1.6067 -0.899582 0
      vertex 1.65103 -0.864822 0
    endloop
  endfacet
  facet normal 0.698793 -0.715324 0
    outer loop
      vertex 1.65103 -0.864822 0
      vertex 1.69136 -0.825424 0.599999
      vertex 1.65103 -0.864822 0.599999
    endloop
  endfacet
  facet normal 0.698793 -0.715324 0
    outer loop
      vertex 1.69136 -0.825424 0.599999
      vertex 1.65103 -0.864822 0
      vertex 1.69136 -0.825424 0
    endloop
  endfacet
  facet normal 0.771217 -0.636572 0
    outer loop
      vertex 1.69136 -0.825424 0.599999
      vertex 1.72757 -0.781555 0
      vertex 1.72757 -0.781555 0.599999
    endloop
  endfacet
  facet normal 0.771217 -0.636572 0
    outer loop
      vertex 1.72757 -0.781555 0
      vertex 1.69136 -0.825424 0.599999
      vertex 1.69136 -0.825424 0
    endloop
  endfacet
  facet normal 0.833442 -0.552607 0
    outer loop
      vertex 1.72757 -0.781555 0.599999
      vertex 1.75952 -0.733368 0
      vertex 1.75952 -0.733368 0.599999
    endloop
  endfacet
  facet normal 0.833442 -0.552607 0
    outer loop
      vertex 1.75952 -0.733368 0
      vertex 1.72757 -0.781555 0.599999
      vertex 1.72757 -0.781555 0
    endloop
  endfacet
  facet normal 0.884545 -0.466455 0
    outer loop
      vertex 1.75952 -0.733368 0.599999
      vertex 1.7872 -0.680878 0
      vertex 1.7872 -0.680878 0.599999
    endloop
  endfacet
  facet normal 0.884545 -0.466455 0
    outer loop
      vertex 1.7872 -0.680878 0
      vertex 1.75952 -0.733368 0.599999
      vertex 1.75952 -0.733368 0
    endloop
  endfacet
  facet normal 0.924517 -0.38114 0
    outer loop
      vertex 1.7872 -0.680878 0.599999
      vertex 1.81062 -0.624069 0
      vertex 1.81062 -0.624069 0.599999
    endloop
  endfacet
  facet normal 0.924517 -0.38114 0
    outer loop
      vertex 1.81062 -0.624069 0
      vertex 1.7872 -0.680878 0.599999
      vertex 1.7872 -0.680878 0
    endloop
  endfacet
  facet normal 0.954132 -0.299386 0
    outer loop
      vertex 1.81062 -0.624069 0.599999
      vertex 1.8298 -0.562943 0
      vertex 1.8298 -0.562943 0.599999
    endloop
  endfacet
  facet normal 0.954132 -0.299386 0
    outer loop
      vertex 1.8298 -0.562943 0
      vertex 1.81062 -0.624069 0.599999
      vertex 1.81062 -0.624069 0
    endloop
  endfacet
  facet normal 0.975016 -0.222133 0
    outer loop
      vertex 1.8298 -0.562943 0.599999
      vertex 1.84471 -0.497498 0
      vertex 1.84471 -0.497498 0.599999
    endloop
  endfacet
  facet normal 0.975016 -0.222133 0
    outer loop
      vertex 1.84471 -0.497498 0
      vertex 1.8298 -0.562943 0.599999
      vertex 1.8298 -0.562943 0
    endloop
  endfacet
  facet normal 0.988542 -0.150943 0
    outer loop
      vertex 1.84471 -0.497498 0.599999
      vertex 1.85536 -0.42775 0
      vertex 1.85536 -0.42775 0.599999
    endloop
  endfacet
  facet normal 0.988542 -0.150943 0
    outer loop
      vertex 1.85536 -0.42775 0
      vertex 1.84471 -0.497498 0.599999
      vertex 1.84471 -0.497498 0
    endloop
  endfacet
  facet normal 0.996311 -0.0858204 0
    outer loop
      vertex 1.85536 -0.42775 0.599999
      vertex 1.86174 -0.353683 0
      vertex 1.86174 -0.353683 0.599999
    endloop
  endfacet
  facet normal 0.996311 -0.0858204 0
    outer loop
      vertex 1.86174 -0.353683 0
      vertex 1.85536 -0.42775 0.599999
      vertex 1.85536 -0.42775 0
    endloop
  endfacet
  facet normal 0.999627 -0.0272965 0
    outer loop
      vertex 1.86174 -0.353683 0.599999
      vertex 1.86388 -0.275314 0
      vertex 1.86388 -0.275314 0.599999
    endloop
  endfacet
  facet normal 0.999627 -0.0272965 0
    outer loop
      vertex 1.86388 -0.275314 0
      vertex 1.86174 -0.353683 0.599999
      vertex 1.86174 -0.353683 0
    endloop
  endfacet
  facet normal 1 -0 0
    outer loop
      vertex 1.86388 -0.275314 0.599999
      vertex 1.86388 1.58653 0
      vertex 1.86388 1.58653 0.599999
    endloop
  endfacet
  facet normal 1 0 0
    outer loop
      vertex 1.86388 1.58653 0
      vertex 1.86388 -0.275314 0.599999
      vertex 1.86388 -0.275314 0
    endloop
  endfacet
  facet normal 0 -1 0
    outer loop
      vertex 1.86388 1.58653 0
      vertex 2.50403 1.58653 0.599999
      vertex 1.86388 1.58653 0.599999
    endloop
  endfacet
  facet normal 0 -1 -0
    outer loop
      vertex 2.50403 1.58653 0.599999
      vertex 1.86388 1.58653 0
      vertex 2.50403 1.58653 0
    endloop
  endfacet
  facet normal -1 0 0
    outer loop
      vertex 2.50403 -0.325226 0
      vertex 2.50403 1.58653 0.599999
      vertex 2.50403 1.58653 0
    endloop
  endfacet
  facet normal -1 -0 0
    outer loop
      vertex 2.50403 1.58653 0.599999
      vertex 2.50403 -0.325226 0
      vertex 2.50403 -0.325226 0.599999
    endloop
  endfacet
  facet normal -0.999443 0.033358 0
    outer loop
      vertex 2.49989 -0.449265 0
      vertex 2.50403 -0.325226 0.599999
      vertex 2.50403 -0.325226 0
    endloop
  endfacet
  facet normal -0.999443 0.033358 0
    outer loop
      vertex 2.50403 -0.325226 0.599999
      vertex 2.49989 -0.449265 0
      vertex 2.49989 -0.449265 0.599999
    endloop
  endfacet
  facet normal -0.994461 0.10511 0
    outer loop
      vertex 2.48747 -0.566772 0
      vertex 2.49989 -0.449265 0.599999
      vertex 2.49989 -0.449265 0
    endloop
  endfacet
  facet normal -0.994461 0.10511 0
    outer loop
      vertex 2.49989 -0.449265 0.599999
      vertex 2.48747 -0.566772 0
      vertex 2.48747 -0.566772 0.599999
    endloop
  endfacet
  facet normal -0.983057 0.183301 0
    outer loop
      vertex 2.46678 -0.677734 0
      vertex 2.48747 -0.566772 0.599999
      vertex 2.48747 -0.566772 0
    endloop
  endfacet
  facet normal -0.983057 0.183301 0
    outer loop
      vertex 2.48747 -0.566772 0.599999
      vertex 2.46678 -0.677734 0
      vertex 2.46678 -0.677734 0.599999
    endloop
  endfacet
  facet normal -0.9636 0.267349 0
    outer loop
      vertex 2.43781 -0.78215 0
      vertex 2.46678 -0.677734 0.599999
      vertex 2.46678 -0.677734 0
    endloop
  endfacet
  facet normal -0.9636 0.267349 0
    outer loop
      vertex 2.46678 -0.677734 0.599999
      vertex 2.43781 -0.78215 0
      vertex 2.43781 -0.78215 0.599999
    endloop
  endfacet
  facet normal -0.934633 0.355615 0
    outer loop
      vertex 2.40056 -0.880051 0
      vertex 2.43781 -0.78215 0.599999
      vertex 2.43781 -0.78215 0
    endloop
  endfacet
  facet normal -0.934633 0.355615 0
    outer loop
      vertex 2.43781 -0.78215 0.599999
      vertex 2.40056 -0.880051 0
      vertex 2.40056 -0.880051 0.599999
    endloop
  endfacet
  facet normal -0.895003 0.446061 0
    outer loop
      vertex 2.35503 -0.971405 0
      vertex 2.40056 -0.880051 0.599999
      vertex 2.40056 -0.880051 0
    endloop
  endfacet
  facet normal -0.895003 0.446061 0
    outer loop
      vertex 2.40056 -0.880051 0.599999
      vertex 2.35503 -0.971405 0
      vertex 2.35503 -0.971405 0.599999
    endloop
  endfacet
  facet normal -0.844425 0.535674 0
    outer loop
      vertex 2.30122 -1.05623 0
      vertex 2.35503 -0.971405 0.599999
      vertex 2.35503 -0.971405 0
    endloop
  endfacet
  facet normal -0.844425 0.535674 0
    outer loop
      vertex 2.35503 -0.971405 0.599999
      vertex 2.30122 -1.05623 0
      vertex 2.30122 -1.05623 0.599999
    endloop
  endfacet
  facet normal -0.783518 0.621369 0
    outer loop
      vertex 2.23914 -1.13451 0
      vertex 2.30122 -1.05623 0.599999
      vertex 2.30122 -1.05623 0
    endloop
  endfacet
  facet normal -0.783518 0.621369 0
    outer loop
      vertex 2.30122 -1.05623 0.599999
      vertex 2.23914 -1.13451 0
      vertex 2.23914 -1.13451 0.599999
    endloop
  endfacet
  facet normal -0.713841 0.700308 0
    outer loop
      vertex 2.16876 -1.20625 0
      vertex 2.23914 -1.13451 0.599999
      vertex 2.23914 -1.13451 0
    endloop
  endfacet
  facet normal -0.713841 0.700308 0
    outer loop
      vertex 2.23914 -1.13451 0.599999
      vertex 2.16876 -1.20625 0
      vertex 2.16876 -1.20625 0.599999
    endloop
  endfacet
  facet normal -0.637533 0.770423 0
    outer loop
      vertex 2.16876 -1.20625 0
      vertex 2.09061 -1.27092 0.599999
      vertex 2.16876 -1.20625 0.599999
    endloop
  endfacet
  facet normal -0.637533 0.770423 0
    outer loop
      vertex 2.09061 -1.27092 0.599999
      vertex 2.16876 -1.20625 0
      vertex 2.09061 -1.27092 0
    endloop
  endfacet
  facet normal -0.555306 0.831646 0
    outer loop
      vertex 2.09061 -1.27092 0
      vertex 2.00514 -1.32799 0.599999
      vertex 2.09061 -1.27092 0.599999
    endloop
  endfacet
  facet normal -0.555306 0.831646 0
    outer loop
      vertex 2.00514 -1.32799 0.599999
      vertex 2.09061 -1.27092 0
      vertex 2.00514 -1.32799 0
    endloop
  endfacet
  facet normal -0.470307 0.882503 0
    outer loop
      vertex 2.00514 -1.32799 0
      vertex 1.91235 -1.37744 0.599999
      vertex 2.00514 -1.32799 0.599999
    endloop
  endfacet
  facet normal -0.470307 0.882503 0
    outer loop
      vertex 1.91235 -1.37744 0.599999
      vertex 2.00514 -1.32799 0
      vertex 1.91235 -1.37744 0
    endloop
  endfacet
  facet normal -0.385682 0.922632 0
    outer loop
      vertex 1.91235 -1.37744 0
      vertex 1.81226 -1.41928 0.599999
      vertex 1.91235 -1.37744 0.599999
    endloop
  endfacet
  facet normal -0.385682 0.922632 0
    outer loop
      vertex 1.81226 -1.41928 0.599999
      vertex 1.91235 -1.37744 0
      vertex 1.81226 -1.41928 0
    endloop
  endfacet
  facet normal -0.303669 0.952778 0
    outer loop
      vertex 1.81226 -1.41928 0
      vertex 1.70483 -1.45352 0.599999
      vertex 1.81226 -1.41928 0.599999
    endloop
  endfacet
  facet normal -0.303669 0.952778 0
    outer loop
      vertex 1.70483 -1.45352 0.599999
      vertex 1.81226 -1.41928 0
      vertex 1.70483 -1.45352 0
    endloop
  endfacet
  facet normal -0.226099 0.974104 0
    outer loop
      vertex 1.70483 -1.45352 0
      vertex 1.5901 -1.48015 0.599999
      vertex 1.70483 -1.45352 0.599999
    endloop
  endfacet
  facet normal -0.226099 0.974104 0
    outer loop
      vertex 1.5901 -1.48015 0.599999
      vertex 1.70483 -1.45352 0
      vertex 1.5901 -1.48015 0
    endloop
  endfacet
  facet normal -0.153913 0.988084 0
    outer loop
      vertex 1.5901 -1.48015 0
      vertex 1.46806 -1.49916 0.599999
      vertex 1.5901 -1.48015 0.599999
    endloop
  endfacet
  facet normal -0.153913 0.988084 0
    outer loop
      vertex 1.46806 -1.49916 0.599999
      vertex 1.5901 -1.48015 0
      vertex 1.46806 -1.49916 0
    endloop
  endfacet
  facet normal -0.0878691 0.996132 0
    outer loop
      vertex 1.46806 -1.49916 0
      vertex 1.33871 -1.51057 0.599999
      vertex 1.46806 -1.49916 0.599999
    endloop
  endfacet
  facet normal -0.0878691 0.996132 0
    outer loop
      vertex 1.33871 -1.51057 0.599999
      vertex 1.46806 -1.49916 0
      vertex 1.33871 -1.51057 0
    endloop
  endfacet
  facet normal -0.0279437 0.999609 0
    outer loop
      vertex 1.33871 -1.51057 0
      vertex 1.20206 -1.51439 0.599999
      vertex 1.33871 -1.51057 0.599999
    endloop
  endfacet
  facet normal -0.0279437 0.999609 0
    outer loop
      vertex 1.20206 -1.51439 0.599999
      vertex 1.33871 -1.51057 0
      vertex 1.20206 -1.51439 0
    endloop
  endfacet
  facet normal 0.0279893 0.999608 -0
    outer loop
      vertex 1.20206 -1.51439 0
      vertex 1.06099 -1.51044 0.599999
      vertex 1.20206 -1.51439 0.599999
    endloop
  endfacet
  facet normal 0.0279893 0.999608 0
    outer loop
      vertex 1.06099 -1.51044 0.599999
      vertex 1.20206 -1.51439 0
      vertex 1.06099 -1.51044 0
    endloop
  endfacet
  facet normal 0 -1 0
    outer loop
      vertex -2.94139 -0.976242 0
      vertex -1.30089 -0.976242 0.599999
      vertex -2.94139 -0.976242 0.599999
    endloop
  endfacet
  facet normal 0 -1 -0
    outer loop
      vertex -1.30089 -0.976242 0.599999
      vertex -2.94139 -0.976242 0
      vertex -1.30089 -0.976242 0
    endloop
  endfacet
  facet normal 1 -0 0
    outer loop
      vertex -1.30089 -0.976242 0.599999
      vertex -1.30089 1.58653 0
      vertex -1.30089 1.58653 0.599999
    endloop
  endfacet
  facet normal 1 0 0
    outer loop
      vertex -1.30089 1.58653 0
      vertex -1.30089 -0.976242 0.599999
      vertex -1.30089 -0.976242 0
    endloop
  endfacet
  facet normal 0 -1 0
    outer loop
      vertex -1.30089 1.58653 0
      vertex -0.660721 1.58653 0.599999
      vertex -1.30089 1.58653 0.599999
    endloop
  endfacet
  facet normal 0 -1 -0
    outer loop
      vertex -0.660721 1.58653 0.599999
      vertex -1.30089 1.58653 0
      vertex -0.660721 1.58653 0
    endloop
  endfacet
  facet normal -1 0 0
    outer loop
      vertex -0.660721 -1.47099 0
      vertex -0.660721 1.58653 0.599999
      vertex -0.660721 1.58653 0
    endloop
  endfacet
  facet normal -1 -0 0
    outer loop
      vertex -0.660721 1.58653 0.599999
      vertex -0.660721 -1.47099 0
      vertex -0.660721 -1.47099 0.599999
    endloop
  endfacet
  facet normal 0 1 -0
    outer loop
      vertex -0.660721 -1.47099 0
      vertex -2.94139 -1.47099 0.599999
      vertex -0.660721 -1.47099 0.599999
    endloop
  endfacet
  facet normal 0 1 0
    outer loop
      vertex -2.94139 -1.47099 0.599999
      vertex -0.660721 -1.47099 0
      vertex -2.94139 -1.47099 0
    endloop
  endfacet
  facet normal 1 -0 0
    outer loop
      vertex -2.94139 -1.47099 0.599999
      vertex -2.94139 -0.976242 0
      vertex -2.94139 -0.976242 0.599999
    endloop
  endfacet
  facet normal 1 0 0
    outer loop
      vertex -2.94139 -0.976242 0
      vertex -2.94139 -1.47099 0.599999
      vertex -2.94139 -1.47099 0
    endloop
  endfacet
  facet normal 0 -1 0
    outer loop
      vertex -5.59262 -0.976242 0
      vertex -3.9521 -0.976242 0.599999
      vertex -5.59262 -0.976242 0.599999
    endloop
  endfacet
  facet normal 0 -1 -0
    outer loop
      vertex -3.9521 -0.976242 0.599999
      vertex -5.59262 -0.976242 0
      vertex -3.9521 -0.976242 0
    endloop
  endfacet
  facet normal 1 -0 0
    outer loop
      vertex -3.9521 -0.976242 0.599999
      vertex -3.9521 1.58653 0
      vertex -3.9521 1.58653 0.599999
    endloop
  endfacet
  facet normal 1 0 0
    outer loop
      vertex -3.9521 1.58653 0
      vertex -3.9521 -0.976242 0.599999
      vertex -3.9521 -0.976242 0
    endloop
  endfacet
  facet normal 0 -1 0
    outer loop
      vertex -3.9521 1.58653 0
      vertex -3.31195 1.58653 0.599999
      vertex -3.9521 1.58653 0.599999
    endloop
  endfacet
  facet normal 0 -1 -0
    outer loop
      vertex -3.31195 1.58653 0.599999
      vertex -3.9521 1.58653 0
      vertex -3.31195 1.58653 0
    endloop
  endfacet
  facet normal -1 0 0
    outer loop
      vertex -3.31195 -1.47099 0
      vertex -3.31195 1.58653 0.599999
      vertex -3.31195 1.58653 0
    endloop
  endfacet
  facet normal -1 -0 0
    outer loop
      vertex -3.31195 1.58653 0.599999
      vertex -3.31195 -1.47099 0
      vertex -3.31195 -1.47099 0.599999
    endloop
  endfacet
  facet normal 0 1 -0
    outer loop
      vertex -3.31195 -1.47099 0
      vertex -5.59262 -1.47099 0.599999
      vertex -3.31195 -1.47099 0.599999
    endloop
  endfacet
  facet normal 0 1 0
    outer loop
      vertex -5.59262 -1.47099 0.599999
      vertex -3.31195 -1.47099 0
      vertex -5.59262 -1.47099 0
    endloop
  endfacet
  facet normal 1 -0 0
    outer loop
      vertex -5.59262 -1.47099 0.599999
      vertex -5.59262 -0.976242 0
      vertex -5.59262 -0.976242 0.599999
    endloop
  endfacet
  facet normal 1 0 0
    outer loop
      vertex -5.59262 -0.976242 0
      vertex -5.59262 -1.47099 0.599999
      vertex -5.59262 -1.47099 0
    endloop
  endfacet
  facet normal 0 0 1
    outer loop
      vertex 0.958237 4.65408 4.25
      vertex 0.695068 4.64231 4.25
      vertex 0.697891 4.60474 4.25
    endloop
  endfacet
  facet normal 0 0 1
    outer loop
      vertex 0.747162 4.94308 4.25
      vertex 0.686569 4.67545 4.25
      vertex 0.695068 4.64231 4.25
    endloop
  endfacet
  facet normal 0 0 1
    outer loop
      vertex 0.627151 4.74836 4.25
      vertex 0.711563 4.95606 4.25
      vertex 0.673462 4.96668 4.25
    endloop
  endfacet
  facet normal 0 0 1
    outer loop
      vertex 0.747162 4.94308 4.25
      vertex 0.672424 4.70417 4.25
      vertex 0.686569 4.67545 4.25
    endloop
  endfacet
  facet normal 0 0 1
    outer loop
      vertex 0.747162 4.94308 4.25
      vertex 0.652618 4.72848 4.25
      vertex 0.672424 4.70417 4.25
    endloop
  endfacet
  facet normal 0 0 1
    outer loop
      vertex 0.596024 4.76382 4.25
      vertex 0.673462 4.96668 4.25
      vertex 0.632858 4.97495 4.25
    endloop
  endfacet
  facet normal 0 0 1
    outer loop
      vertex 0.747162 4.94308 4.25
      vertex 0.627151 4.74836 4.25
      vertex 0.652618 4.72848 4.25
    endloop
  endfacet
  facet normal 0 0 1
    outer loop
      vertex 0.673462 4.96668 4.25
      vertex 0.596024 4.76382 4.25
      vertex 0.627151 4.74836 4.25
    endloop
  endfacet
  facet normal 0 0 1
    outer loop
      vertex 0.559235 4.77487 4.25
      vertex 0.632858 4.97495 4.25
      vertex 0.589737 4.98086 4.25
    endloop
  endfacet
  facet normal 0 0 1
    outer loop
      vertex 0.632858 4.97495 4.25
      vertex 0.559235 4.77487 4.25
      vertex 0.596024 4.76382 4.25
    endloop
  endfacet
  facet normal 0 0 1
    outer loop
      vertex 0.544128 4.9844 4.25
      vertex 0.559235 4.77487 4.25
      vertex 0.589737 4.98086 4.25
    endloop
  endfacet
  facet normal 0 0 1
    outer loop
      vertex 0.544128 4.9844 4.25
      vertex 0.516785 4.7815 4.25
      vertex 0.559235 4.77487 4.25
    endloop
  endfacet
  facet normal 0 0 1
    outer loop
      vertex 0.496017 4.98559 4.25
      vertex 0.516785 4.7815 4.25
      vertex 0.544128 4.9844 4.25
    endloop
  endfacet
  facet normal 0 0 1
    outer loop
      vertex 0.496017 4.98559 4.25
      vertex 0.468689 4.7837 4.25
      vertex 0.516785 4.7815 4.25
    endloop
  endfacet
  facet normal 0 0 1
    outer loop
      vertex 0.496017 4.98559 4.25
      vertex 0.135452 4.7837 4.25
      vertex 0.468689 4.7837 4.25
    endloop
  endfacet
  facet normal 0 0 1
    outer loop
      vertex -0.124588 4.98559 4.25
      vertex 0.135452 4.41697 4.25
      vertex 0.135452 4.7837 4.25
    endloop
  endfacet
  facet normal 0 0 1
    outer loop
      vertex -0.124588 3.74348 4.25
      vertex 0.135452 4.41697 4.25
      vertex -0.124588 4.98559 4.25
    endloop
  endfacet
  facet normal -0 0 1
    outer loop
      vertex -0.124588 4.98559 4.25
      vertex 0.135452 4.7837 4.25
      vertex 0.496017 4.98559 4.25
    endloop
  endfacet
  facet normal 0 0 1
    outer loop
      vertex 0.135452 4.41697 4.25
      vertex -0.124588 3.74348 4.25
      vertex 0.135452 4.21511 4.25
    endloop
  endfacet
  facet normal 0 0 1
    outer loop
      vertex 0.135452 4.21511 4.25
      vertex -0.124588 3.74348 4.25
      vertex 0.135452 3.74348 4.25
    endloop
  endfacet
  facet normal 0 0 1
    outer loop
      vertex 0.697891 4.60474 4.25
      vertex 0.959717 4.61533 4.25
      vertex 0.958237 4.65408 4.25
    endloop
  endfacet
  facet normal 0 0 1
    outer loop
      vertex 0.959717 4.61533 4.25
      vertex 0.697891 4.60474 4.25
      vertex 0.958817 4.58677 4.25
    endloop
  endfacet
  facet normal 0 0 1
    outer loop
      vertex 0.695068 4.64231 4.25
      vertex 0.958237 4.65408 4.25
      vertex 0.953766 4.69076 4.25
    endloop
  endfacet
  facet normal 0 0 1
    outer loop
      vertex 0.697189 4.58546 4.25
      vertex 0.958817 4.58677 4.25
      vertex 0.697891 4.60474 4.25
    endloop
  endfacet
  facet normal 0 0 1
    outer loop
      vertex 0.695068 4.64231 4.25
      vertex 0.953766 4.69076 4.25
      vertex 0.946304 4.72538 4.25
    endloop
  endfacet
  facet normal 0 0 1
    outer loop
      vertex 0.958817 4.58677 4.25
      vertex 0.697189 4.58546 4.25
      vertex 0.95607 4.55911 4.25
    endloop
  endfacet
  facet normal 0 0 1
    outer loop
      vertex 0.95607 4.55911 4.25
      vertex 0.697189 4.58546 4.25
      vertex 0.951492 4.53231 4.25
    endloop
  endfacet
  facet normal 0 0 1
    outer loop
      vertex 0.695068 4.64231 4.25
      vertex 0.946304 4.72538 4.25
      vertex 0.935867 4.75794 4.25
    endloop
  endfacet
  facet normal -0 0 1
    outer loop
      vertex 0.695099 4.56713 4.25
      vertex 0.951492 4.53231 4.25
      vertex 0.697189 4.58546 4.25
    endloop
  endfacet
  facet normal 0 0 1
    outer loop
      vertex 0.695068 4.64231 4.25
      vertex 0.935867 4.75794 4.25
      vertex 0.92244 4.78846 4.25
    endloop
  endfacet
  facet normal 0 0 1
    outer loop
      vertex 0.951492 4.53231 4.25
      vertex 0.695099 4.56713 4.25
      vertex 0.945099 4.5064 4.25
    endloop
  endfacet
  facet normal 0 0 1
    outer loop
      vertex 0.695068 4.64231 4.25
      vertex 0.92244 4.78846 4.25
      vertex 0.906036 4.81692 4.25
    endloop
  endfacet
  facet normal 0 0 1
    outer loop
      vertex 0.945099 4.5064 4.25
      vertex 0.695099 4.56713 4.25
      vertex 0.936859 4.48138 4.25
    endloop
  endfacet
  facet normal 0 0 1
    outer loop
      vertex 0.695068 4.64231 4.25
      vertex 0.906036 4.81692 4.25
      vertex 0.886658 4.84332 4.25
    endloop
  endfacet
  facet normal -0 0 1
    outer loop
      vertex 0.69162 4.5498 4.25
      vertex 0.936859 4.48138 4.25
      vertex 0.695099 4.56713 4.25
    endloop
  endfacet
  facet normal 0 0 1
    outer loop
      vertex 0.936859 4.48138 4.25
      vertex 0.69162 4.5498 4.25
      vertex 0.926804 4.45722 4.25
    endloop
  endfacet
  facet normal 0 0 1
    outer loop
      vertex 0.695068 4.64231 4.25
      vertex 0.886658 4.84332 4.25
      vertex 0.864288 4.86765 4.25
    endloop
  endfacet
  facet normal -0 0 1
    outer loop
      vertex 0.686752 4.53344 4.25
      vertex 0.926804 4.45722 4.25
      vertex 0.69162 4.5498 4.25
    endloop
  endfacet
  facet normal 0 0 1
    outer loop
      vertex 0.695068 4.64231 4.25
      vertex 0.864288 4.86765 4.25
      vertex 0.838943 4.88993 4.25
    endloop
  endfacet
  facet normal 0 0 1
    outer loop
      vertex 0.926804 4.45722 4.25
      vertex 0.686752 4.53344 4.25
      vertex 0.914917 4.43397 4.25
    endloop
  endfacet
  facet normal 0 0 1
    outer loop
      vertex 0.695068 4.64231 4.25
      vertex 0.838943 4.88993 4.25
      vertex 0.810852 4.91001 4.25
    endloop
  endfacet
  facet normal 0 0 1
    outer loop
      vertex 0.914917 4.43397 4.25
      vertex 0.686752 4.53344 4.25
      vertex 0.901199 4.41158 4.25
    endloop
  endfacet
  facet normal -0 0 1
    outer loop
      vertex 0.680481 4.51806 4.25
      vertex 0.901199 4.41158 4.25
      vertex 0.686752 4.53344 4.25
    endloop
  endfacet
  facet normal 0 0 1
    outer loop
      vertex 0.695068 4.64231 4.25
      vertex 0.810852 4.91001 4.25
      vertex 0.780258 4.92771 4.25
    endloop
  endfacet
  facet normal 0 0 1
    outer loop
      vertex 0.901199 4.41158 4.25
      vertex 0.680481 4.51806 4.25
      vertex 0.885666 4.39008 4.25
    endloop
  endfacet
  facet normal 0 0 1
    outer loop
      vertex 0.695068 4.64231 4.25
      vertex 0.780258 4.92771 4.25
      vertex 0.747162 4.94308 4.25
    endloop
  endfacet
  facet normal 0 0 1
    outer loop
      vertex 0.885666 4.39008 4.25
      vertex 0.680481 4.51806 4.25
      vertex 0.868561 4.36982 4.25
    endloop
  endfacet
  facet normal -0 0 1
    outer loop
      vertex 0.672821 4.50366 4.25
      vertex 0.868561 4.36982 4.25
      vertex 0.680481 4.51806 4.25
    endloop
  endfacet
  facet normal 0 0 1
    outer loop
      vertex 0.627151 4.74836 4.25
      vertex 0.747162 4.94308 4.25
      vertex 0.711563 4.95606 4.25
    endloop
  endfacet
  facet normal 0 0 1
    outer loop
      vertex 0.868561 4.36982 4.25
      vertex 0.672821 4.50366 4.25
      vertex 0.850189 4.35116 4.25
    endloop
  endfacet
  facet normal -0 0 1
    outer loop
      vertex 0.663757 4.49024 4.25
      vertex 0.850189 4.35116 4.25
      vertex 0.672821 4.50366 4.25
    endloop
  endfacet
  facet normal 0 0 1
    outer loop
      vertex 0.850189 4.35116 4.25
      vertex 0.663757 4.49024 4.25
      vertex 0.830521 4.33412 4.25
    endloop
  endfacet
  facet normal 0 0 1
    outer loop
      vertex 0.830521 4.33412 4.25
      vertex 0.663757 4.49024 4.25
      vertex 0.80957 4.31866 4.25
    endloop
  endfacet
  facet normal -0 0 1
    outer loop
      vertex 0.653305 4.47781 4.25
      vertex 0.80957 4.31866 4.25
      vertex 0.663757 4.49024 4.25
    endloop
  endfacet
  facet normal 0 0 1
    outer loop
      vertex 0.80957 4.31866 4.25
      vertex 0.653305 4.47781 4.25
      vertex 0.787338 4.3048 4.25
    endloop
  endfacet
  facet normal 0 0 1
    outer loop
      vertex 0.787338 4.3048 4.25
      vertex 0.653305 4.47781 4.25
      vertex 0.763809 4.29255 4.25
    endloop
  endfacet
  facet normal 0 0 1
    outer loop
      vertex 0.685547 4.26536 4.25
      vertex 0.72876 3.74348 4.25
      vertex 1.02144 3.74348 4.25
    endloop
  endfacet
  facet normal -0 0 1
    outer loop
      vertex 0.641464 4.46633 4.25
      vertex 0.763809 4.29255 4.25
      vertex 0.653305 4.47781 4.25
    endloop
  endfacet
  facet normal 0 0 1
    outer loop
      vertex 0.763809 4.29255 4.25
      vertex 0.641464 4.46633 4.25
      vertex 0.739014 4.28188 4.25
    endloop
  endfacet
  facet normal -0 0 1
    outer loop
      vertex 0.628281 4.45597 4.25
      vertex 0.739014 4.28188 4.25
      vertex 0.641464 4.46633 4.25
    endloop
  endfacet
  facet normal 0 0 1
    outer loop
      vertex 0.739014 4.28188 4.25
      vertex 0.628281 4.45597 4.25
      vertex 0.712921 4.27282 4.25
    endloop
  endfacet
  facet normal -0 0 1
    outer loop
      vertex 0.613785 4.44683 4.25
      vertex 0.712921 4.27282 4.25
      vertex 0.628281 4.45597 4.25
    endloop
  endfacet
  facet normal 0 0 1
    outer loop
      vertex 0.712921 4.27282 4.25
      vertex 0.613785 4.44683 4.25
      vertex 0.685547 4.26536 4.25
    endloop
  endfacet
  facet normal -0 0 1
    outer loop
      vertex 0.597977 4.43891 4.25
      vertex 0.685547 4.26536 4.25
      vertex 0.613785 4.44683 4.25
    endloop
  endfacet
  facet normal -0 0 1
    outer loop
      vertex 0.580872 4.43221 4.25
      vertex 0.685547 4.26536 4.25
      vertex 0.597977 4.43891 4.25
    endloop
  endfacet
  facet normal -0 0 1
    outer loop
      vertex 0.562454 4.42672 4.25
      vertex 0.685547 4.26536 4.25
      vertex 0.580872 4.43221 4.25
    endloop
  endfacet
  facet normal -0 0 1
    outer loop
      vertex 0.54274 4.42246 4.25
      vertex 0.685547 4.26536 4.25
      vertex 0.562454 4.42672 4.25
    endloop
  endfacet
  facet normal 0 0 1
    outer loop
      vertex 0.685547 4.26536 4.25
      vertex 0.54274 4.42246 4.25
      vertex 0.440475 4.21511 4.25
    endloop
  endfacet
  facet normal 0 0 1
    outer loop
      vertex 0.440475 4.21511 4.25
      vertex 0.54274 4.42246 4.25
      vertex 0.521713 4.41941 4.25
    endloop
  endfacet
  facet normal 0 0 1
    outer loop
      vertex 0.440475 4.21511 4.25
      vertex 0.521713 4.41941 4.25
      vertex 0.49939 4.41758 4.25
    endloop
  endfacet
  facet normal 0 0 1
    outer loop
      vertex 0.440475 4.21511 4.25
      vertex 0.49939 4.41758 4.25
      vertex 0.475754 4.41697 4.25
    endloop
  endfacet
  facet normal 0 0 1
    outer loop
      vertex 0.685547 4.26536 4.25
      vertex 0.440475 4.21511 4.25
      vertex 0.72876 3.74348 4.25
    endloop
  endfacet
  facet normal -0 0 1
    outer loop
      vertex 0.135452 4.41697 4.25
      vertex 0.440475 4.21511 4.25
      vertex 0.475754 4.41697 4.25
    endloop
  endfacet
  facet normal 0 0 1
    outer loop
      vertex 0.440475 4.21511 4.25
      vertex 0.135452 4.41697 4.25
      vertex 0.135452 4.21511 4.25
    endloop
  endfacet
  facet normal 0 0 1
    outer loop
      vertex -1.12791 4.58799 4.25
      vertex -0.866089 4.5924 4.25
      vertex -0.867584 4.63308 4.25
    endloop
  endfacet
  facet normal 0 0 1
    outer loop
      vertex -0.866089 4.5924 4.25
      vertex -1.12791 4.58799 4.25
      vertex -0.866776 4.56608 4.25
    endloop
  endfacet
  facet normal 0 0 1
    outer loop
      vertex -1.13077 4.62907 4.25
      vertex -0.867584 4.63308 4.25
      vertex -0.87204 4.67165 4.25
    endloop
  endfacet
  facet normal -0 0 1
    outer loop
      vertex -1.12863 4.56625 4.25
      vertex -0.866776 4.56608 4.25
      vertex -1.12791 4.58799 4.25
    endloop
  endfacet
  facet normal 0 0 1
    outer loop
      vertex -0.866776 4.56608 4.25
      vertex -1.12863 4.56625 4.25
      vertex -0.86879 4.54038 4.25
    endloop
  endfacet
  facet normal 0 0 1
    outer loop
      vertex -1.13077 4.62907 4.25
      vertex -0.87204 4.67165 4.25
      vertex -0.879471 4.70814 4.25
    endloop
  endfacet
  facet normal 0 0 1
    outer loop
      vertex -0.86879 4.54038 4.25
      vertex -1.12863 4.56625 4.25
      vertex -0.872162 4.51531 4.25
    endloop
  endfacet
  facet normal 0 0 1
    outer loop
      vertex -1.13933 4.66531 4.25
      vertex -0.879471 4.70814 4.25
      vertex -0.889862 4.74252 4.25
    endloop
  endfacet
  facet normal -0 0 1
    outer loop
      vertex -1.13078 4.54566 4.25
      vertex -0.872162 4.51531 4.25
      vertex -1.12863 4.56625 4.25
    endloop
  endfacet
  facet normal 0 0 1
    outer loop
      vertex -0.872162 4.51531 4.25
      vertex -1.13078 4.54566 4.25
      vertex -0.876892 4.49088 4.25
    endloop
  endfacet
  facet normal 0 0 1
    outer loop
      vertex -1.13933 4.66531 4.25
      vertex -0.889862 4.74252 4.25
      vertex -0.903244 4.77479 4.25
    endloop
  endfacet
  facet normal -0 0 1
    outer loop
      vertex -1.13438 4.52624 4.25
      vertex -0.876892 4.49088 4.25
      vertex -1.13078 4.54566 4.25
    endloop
  endfacet
  facet normal 0 0 1
    outer loop
      vertex -1.13933 4.66531 4.25
      vertex -0.903244 4.77479 4.25
      vertex -0.919586 4.80497 4.25
    endloop
  endfacet
  facet normal 0 0 1
    outer loop
      vertex -0.876892 4.49088 4.25
      vertex -1.13438 4.52624 4.25
      vertex -0.882965 4.46708 4.25
    endloop
  endfacet
  facet normal 0 0 1
    outer loop
      vertex -0.882965 4.46708 4.25
      vertex -1.13438 4.52624 4.25
      vertex -0.890396 4.44392 4.25
    endloop
  endfacet
  facet normal 0 0 1
    outer loop
      vertex -1.15358 4.69672 4.25
      vertex -0.919586 4.80497 4.25
      vertex -0.938889 4.83303 4.25
    endloop
  endfacet
  facet normal -0 0 1
    outer loop
      vertex -1.1394 4.50799 4.25
      vertex -0.890396 4.44392 4.25
      vertex -1.13438 4.52624 4.25
    endloop
  endfacet
  facet normal 0 0 1
    outer loop
      vertex -1.15358 4.69672 4.25
      vertex -0.938889 4.83303 4.25
      vertex -0.961182 4.85902 4.25
    endloop
  endfacet
  facet normal 0 0 1
    outer loop
      vertex -0.890396 4.44392 4.25
      vertex -1.1394 4.50799 4.25
      vertex -0.89917 4.42136 4.25
    endloop
  endfacet
  facet normal 0 0 1
    outer loop
      vertex -0.89917 4.42136 4.25
      vertex -1.1394 4.50799 4.25
      vertex -0.909286 4.39947 4.25
    endloop
  endfacet
  facet normal 0 0 1
    outer loop
      vertex -1.15358 4.69672 4.25
      vertex -0.961182 4.85902 4.25
      vertex -0.986435 4.88288 4.25
    endloop
  endfacet
  facet normal -0 0 1
    outer loop
      vertex -1.14587 4.49088 4.25
      vertex -0.909286 4.39947 4.25
      vertex -1.1394 4.50799 4.25
    endloop
  endfacet
  facet normal 0 0 1
    outer loop
      vertex -1.17354 4.72331 4.25
      vertex -0.986435 4.88288 4.25
      vertex -1.01445 4.90444 4.25
    endloop
  endfacet
  facet normal 0 0 1
    outer loop
      vertex -0.909286 4.39947 4.25
      vertex -1.14587 4.49088 4.25
      vertex -0.920761 4.37818 4.25
    endloop
  endfacet
  facet normal 0 0 1
    outer loop
      vertex -0.920761 4.37818 4.25
      vertex -1.14587 4.49088 4.25
      vertex -0.933487 4.35775 4.25
    endloop
  endfacet
  facet normal 0 0 1
    outer loop
      vertex -1.17354 4.72331 4.25
      vertex -1.01445 4.90444 4.25
      vertex -1.04498 4.92346 4.25
    endloop
  endfacet
  facet normal -0 0 1
    outer loop
      vertex -1.15378 4.47497 4.25
      vertex -0.933487 4.35775 4.25
      vertex -1.14587 4.49088 4.25
    endloop
  endfacet
  facet normal 0 0 1
    outer loop
      vertex -0.933487 4.35775 4.25
      vertex -1.15378 4.47497 4.25
      vertex -0.947372 4.33839 4.25
    endloop
  endfacet
  facet normal 0 0 1
    outer loop
      vertex -1.1992 4.74505 4.25
      vertex -1.04498 4.92346 4.25
      vertex -1.07806 4.93993 4.25
    endloop
  endfacet
  facet normal 0 0 1
    outer loop
      vertex -0.947372 4.33839 4.25
      vertex -1.15378 4.47497 4.25
      vertex -0.962433 4.32006 4.25
    endloop
  endfacet
  facet normal 0 0 1
    outer loop
      vertex -1.1992 4.74505 4.25
      vertex -1.07806 4.93993 4.25
      vertex -1.11368 4.95388 4.25
    endloop
  endfacet
  facet normal -0 0 1
    outer loop
      vertex -1.16312 4.4602 4.25
      vertex -0.962433 4.32006 4.25
      vertex -1.15378 4.47497 4.25
    endloop
  endfacet
  facet normal 0 0 1
    outer loop
      vertex -0.962433 4.32006 4.25
      vertex -1.16312 4.4602 4.25
      vertex -0.978653 4.3028 4.25
    endloop
  endfacet
  facet normal 0 0 1
    outer loop
      vertex -0.867584 4.63308 4.25
      vertex -1.13077 4.62907 4.25
      vertex -1.12791 4.58799 4.25
    endloop
  endfacet
  facet normal 0 0 1
    outer loop
      vertex -0.879471 4.70814 4.25
      vertex -1.13933 4.66531 4.25
      vertex -1.13077 4.62907 4.25
    endloop
  endfacet
  facet normal 0 0 1
    outer loop
      vertex -1.23058 4.76196 4.25
      vertex -1.11368 4.95388 4.25
      vertex -1.15182 4.96529 4.25
    endloop
  endfacet
  facet normal 0 0 1
    outer loop
      vertex -0.919586 4.80497 4.25
      vertex -1.15358 4.69672 4.25
      vertex -1.13933 4.66531 4.25
    endloop
  endfacet
  facet normal 0 0 1
    outer loop
      vertex -0.986435 4.88288 4.25
      vertex -1.17354 4.72331 4.25
      vertex -1.15358 4.69672 4.25
    endloop
  endfacet
  facet normal 0 0 1
    outer loop
      vertex -1.23058 4.76196 4.25
      vertex -1.15182 4.96529 4.25
      vertex -1.19252 4.97418 4.25
    endloop
  endfacet
  facet normal 0 0 1
    outer loop
      vertex -1.04498 4.92346 4.25
      vertex -1.1992 4.74505 4.25
      vertex -1.17354 4.72331 4.25
    endloop
  endfacet
  facet normal 0 0 1
    outer loop
      vertex -1.11368 4.95388 4.25
      vertex -1.23058 4.76196 4.25
      vertex -1.1992 4.74505 4.25
    endloop
  endfacet
  facet normal 0 0 1
    outer loop
      vertex -1.26764 4.77404 4.25
      vertex -1.19252 4.97418 4.25
      vertex -1.23573 4.98051 4.25
    endloop
  endfacet
  facet normal 0 0 1
    outer loop
      vertex -1.19252 4.97418 4.25
      vertex -1.26764 4.77404 4.25
      vertex -1.23058 4.76196 4.25
    endloop
  endfacet
  facet normal 0 0 1
    outer loop
      vertex -1.28149 4.98432 4.25
      vertex -1.26764 4.77404 4.25
      vertex -1.23573 4.98051 4.25
    endloop
  endfacet
  facet normal 0 0 1
    outer loop
      vertex -1.28149 4.98432 4.25
      vertex -1.31041 4.78129 4.25
      vertex -1.26764 4.77404 4.25
    endloop
  endfacet
  facet normal 0 0 1
    outer loop
      vertex -1.32979 4.98559 4.25
      vertex -1.31041 4.78129 4.25
      vertex -1.28149 4.98432 4.25
    endloop
  endfacet
  facet normal 0 0 1
    outer loop
      vertex -1.32979 4.98559 4.25
      vertex -1.35889 4.7837 4.25
      vertex -1.31041 4.78129 4.25
    endloop
  endfacet
  facet normal 0 0 1
    outer loop
      vertex -1.32979 4.98559 4.25
      vertex -1.62776 4.7837 4.25
      vertex -1.35889 4.7837 4.25
    endloop
  endfacet
  facet normal 0 0 1
    outer loop
      vertex -1.88783 4.98559 4.25
      vertex -1.62776 4.38082 4.25
      vertex -1.62776 4.7837 4.25
    endloop
  endfacet
  facet normal 0 0 1
    outer loop
      vertex -1.88783 3.74348 4.25
      vertex -1.62776 4.38082 4.25
      vertex -1.88783 4.98559 4.25
    endloop
  endfacet
  facet normal -0 0 1
    outer loop
      vertex -1.88783 4.98559 4.25
      vertex -1.62776 4.7837 4.25
      vertex -1.32979 4.98559 4.25
    endloop
  endfacet
  facet normal 0 0 1
    outer loop
      vertex -1.62776 4.38082 4.25
      vertex -1.88783 3.74348 4.25
      vertex -1.62776 4.18073 4.25
    endloop
  endfacet
  facet normal 0 0 1
    outer loop
      vertex -1.62776 4.18073 4.25
      vertex -1.88783 3.74348 4.25
      vertex -1.62776 3.74348 4.25
    endloop
  endfacet
  facet normal 0 0 1
    outer loop
      vertex -0.978653 4.3028 4.25
      vertex -1.16312 4.4602 4.25
      vertex -0.996048 4.28658 4.25
    endloop
  endfacet
  facet normal -0 0 1
    outer loop
      vertex -1.17389 4.4466 4.25
      vertex -0.996048 4.28658 4.25
      vertex -1.16312 4.4602 4.25
    endloop
  endfacet
  facet normal 0 0 1
    outer loop
      vertex -0.996048 4.28658 4.25
      vertex -1.17389 4.4466 4.25
      vertex -1.01459 4.27143 4.25
    endloop
  endfacet
  facet normal 0 0 1
    outer loop
      vertex -1.01459 4.27143 4.25
      vertex -1.17389 4.4466 4.25
      vertex -1.0343 4.25733 4.25
    endloop
  endfacet
  facet normal -0 0 1
    outer loop
      vertex -1.1861 4.43417 4.25
      vertex -1.0343 4.25733 4.25
      vertex -1.17389 4.4466 4.25
    endloop
  endfacet
  facet normal 0 0 1
    outer loop
      vertex -1.0343 4.25733 4.25
      vertex -1.1861 4.43417 4.25
      vertex -1.05519 4.24429 4.25
    endloop
  endfacet
  facet normal -0 0 1
    outer loop
      vertex -1.19965 4.42297 4.25
      vertex -1.05519 4.24429 4.25
      vertex -1.1861 4.43417 4.25
    endloop
  endfacet
  facet normal 0 0 1
    outer loop
      vertex -1.05519 4.24429 4.25
      vertex -1.19965 4.42297 4.25
      vertex -1.07722 4.23231 4.25
    endloop
  endfacet
  facet normal 0 0 1
    outer loop
      vertex -1.07722 4.23231 4.25
      vertex -1.19965 4.42297 4.25
      vertex -1.10033 4.22147 4.25
    endloop
  endfacet
  facet normal -0 0 1
    outer loop
      vertex -1.2144 4.41309 4.25
      vertex -1.10033 4.22147 4.25
      vertex -1.19965 4.42297 4.25
    endloop
  endfacet
  facet normal 0 0 1
    outer loop
      vertex -1.10033 4.22147 4.25
      vertex -1.2144 4.41309 4.25
      vertex -1.12437 4.21192 4.25
    endloop
  endfacet
  facet normal 0 0 1
    outer loop
      vertex -1.12437 4.21192 4.25
      vertex -1.2144 4.41309 4.25
      vertex -1.14937 4.20365 4.25
    endloop
  endfacet
  facet normal -0 0 1
    outer loop
      vertex -1.23038 4.40453 4.25
      vertex -1.14937 4.20365 4.25
      vertex -1.2144 4.41309 4.25
    endloop
  endfacet
  facet normal 0 0 1
    outer loop
      vertex -1.14937 4.20365 4.25
      vertex -1.23038 4.40453 4.25
      vertex -1.17531 4.19665 4.25
    endloop
  endfacet
  facet normal -0 0 1
    outer loop
      vertex -1.24757 4.39729 4.25
      vertex -1.17531 4.19665 4.25
      vertex -1.23038 4.40453 4.25
    endloop
  endfacet
  facet normal 0 0 1
    outer loop
      vertex -1.17531 4.19665 4.25
      vertex -1.24757 4.39729 4.25
      vertex -1.20219 4.19091 4.25
    endloop
  endfacet
  facet normal -0 0 1
    outer loop
      vertex -1.26599 4.39137 4.25
      vertex -1.20219 4.19091 4.25
      vertex -1.24757 4.39729 4.25
    endloop
  endfacet
  facet normal 0 0 1
    outer loop
      vertex -1.20219 4.19091 4.25
      vertex -1.26599 4.39137 4.25
      vertex -1.23003 4.18646 4.25
    endloop
  endfacet
  facet normal -0 0 1
    outer loop
      vertex -1.28563 4.38676 4.25
      vertex -1.23003 4.18646 4.25
      vertex -1.26599 4.39137 4.25
    endloop
  endfacet
  facet normal 0 0 1
    outer loop
      vertex -1.23003 4.18646 4.25
      vertex -1.28563 4.38676 4.25
      vertex -1.25882 4.18328 4.25
    endloop
  endfacet
  facet normal 0 0 1
    outer loop
      vertex -1.28563 4.38676 4.25
      vertex -1.28854 4.18137 4.25
      vertex -1.25882 4.18328 4.25
    endloop
  endfacet
  facet normal -0 0 1
    outer loop
      vertex -1.30647 4.38346 4.25
      vertex -1.28854 4.18137 4.25
      vertex -1.28563 4.38676 4.25
    endloop
  endfacet
  facet normal 0 0 1
    outer loop
      vertex -1.30647 4.38346 4.25
      vertex -1.31923 4.18073 4.25
      vertex -1.28854 4.18137 4.25
    endloop
  endfacet
  facet normal -0 0 1
    outer loop
      vertex -1.32855 4.38148 4.25
      vertex -1.31923 4.18073 4.25
      vertex -1.30647 4.38346 4.25
    endloop
  endfacet
  facet normal -0 0 1
    outer loop
      vertex -1.35184 4.38082 4.25
      vertex -1.31923 4.18073 4.25
      vertex -1.32855 4.38148 4.25
    endloop
  endfacet
  facet normal 0 0 1
    outer loop
      vertex -1.62776 4.18073 4.25
      vertex -1.35184 4.38082 4.25
      vertex -1.62776 4.38082 4.25
    endloop
  endfacet
  facet normal 0 0 1
    outer loop
      vertex -1.35184 4.38082 4.25
      vertex -1.62776 4.18073 4.25
      vertex -1.31923 4.18073 4.25
    endloop
  endfacet
  facet normal 0 0 1
    outer loop
      vertex 1.44936 4.7749 4.25
      vertex 1.69708 4.98559 4.25
      vertex 1.46259 4.98559 4.25
    endloop
  endfacet
  facet normal -0 0 1
    outer loop
      vertex 1.69708 3.92773 4.25
      vertex 1.98183 3.74348 4.25
      vertex 1.98183 3.92773 4.25
    endloop
  endfacet
  facet normal 0 0 1
    outer loop
      vertex 1.69708 4.98559 4.25
      vertex 1.44936 4.7749 4.25
      vertex 1.69708 3.92773 4.25
    endloop
  endfacet
  facet normal 0 0 1
    outer loop
      vertex 1.44936 3.92773 4.25
      vertex 1.69708 3.92773 4.25
      vertex 1.44936 4.7749 4.25
    endloop
  endfacet
  facet normal -0 0 1
    outer loop
      vertex 1.44936 3.92773 4.25
      vertex 1.98183 3.74348 4.25
      vertex 1.69708 3.92773 4.25
    endloop
  endfacet
  facet normal 0 0 1
    outer loop
      vertex 1.14169 3.74348 4.25
      vertex 1.44936 3.92773 4.25
      vertex 1.14169 3.92773 4.25
    endloop
  endfacet
  facet normal 0 0 1
    outer loop
      vertex 1.44936 3.92773 4.25
      vertex 1.14169 3.74348 4.25
      vertex 1.98183 3.74348 4.25
    endloop
  endfacet
  facet normal -0 0 1
    outer loop
      vertex 1.1514 4.7837 4.25
      vertex 1.44936 4.7749 4.25
      vertex 1.46259 4.98559 4.25
    endloop
  endfacet
  facet normal 0 0 1
    outer loop
      vertex 1.44936 4.7749 4.25
      vertex 1.1514 4.7837 4.25
      vertex 1.1514 4.58888 4.25
    endloop
  endfacet
  facet normal -0 0 1
    outer loop
      vertex -0.762009 4.31915 4.25
      vertex -0.303589 4.10403 4.25
      vertex -0.303589 4.31915 4.25
    endloop
  endfacet
  facet normal 0 0 1
    outer loop
      vertex -0.303589 4.10403 4.25
      vertex -0.762009 4.31915 4.25
      vertex -0.762009 4.10403 4.25
    endloop
  endfacet
  facet normal 0 1 -0
    outer loop
      vertex -1.31923 4.18073 4.25
      vertex -1.62776 4.18073 4.55
      vertex -1.31923 4.18073 4.55
    endloop
  endfacet
  facet normal 0 1 0
    outer loop
      vertex -1.62776 4.18073 4.55
      vertex -1.31923 4.18073 4.25
      vertex -1.62776 4.18073 4.25
    endloop
  endfacet
  facet normal -0.0208492 0.999783 0
    outer loop
      vertex -1.28854 4.18137 4.25
      vertex -1.31923 4.18073 4.55
      vertex -1.28854 4.18137 4.55
    endloop
  endfacet
  facet normal -0.0208492 0.999783 0
    outer loop
      vertex -1.31923 4.18073 4.55
      vertex -1.28854 4.18137 4.25
      vertex -1.31923 4.18073 4.25
    endloop
  endfacet
  facet normal -0.0641342 0.997941 0
    outer loop
      vertex -1.25882 4.18328 4.25
      vertex -1.28854 4.18137 4.55
      vertex -1.25882 4.18328 4.55
    endloop
  endfacet
  facet normal -0.0641342 0.997941 0
    outer loop
      vertex -1.28854 4.18137 4.55
      vertex -1.25882 4.18328 4.25
      vertex -1.28854 4.18137 4.25
    endloop
  endfacet
  facet normal -0.109787 0.993955 0
    outer loop
      vertex -1.23003 4.18646 4.25
      vertex -1.25882 4.18328 4.55
      vertex -1.23003 4.18646 4.55
    endloop
  endfacet
  facet normal -0.109787 0.993955 0
    outer loop
      vertex -1.25882 4.18328 4.55
      vertex -1.23003 4.18646 4.25
      vertex -1.25882 4.18328 4.25
    endloop
  endfacet
  facet normal -0.157838 0.987465 0
    outer loop
      vertex -1.20219 4.19091 4.25
      vertex -1.23003 4.18646 4.55
      vertex -1.20219 4.19091 4.55
    endloop
  endfacet
  facet normal -0.157838 0.987465 0
    outer loop
      vertex -1.23003 4.18646 4.55
      vertex -1.20219 4.19091 4.25
      vertex -1.23003 4.18646 4.25
    endloop
  endfacet
  facet normal -0.208833 0.977951 0
    outer loop
      vertex -1.17531 4.19665 4.25
      vertex -1.20219 4.19091 4.55
      vertex -1.17531 4.19665 4.55
    endloop
  endfacet
  facet normal -0.208833 0.977951 0
    outer loop
      vertex -1.20219 4.19091 4.55
      vertex -1.17531 4.19665 4.25
      vertex -1.20219 4.19091 4.25
    endloop
  endfacet
  facet normal -0.260534 0.965465 0
    outer loop
      vertex -1.14937 4.20365 4.25
      vertex -1.17531 4.19665 4.55
      vertex -1.14937 4.20365 4.55
    endloop
  endfacet
  facet normal -0.260534 0.965465 0
    outer loop
      vertex -1.17531 4.19665 4.55
      vertex -1.14937 4.20365 4.25
      vertex -1.17531 4.19665 4.25
    endloop
  endfacet
  facet normal -0.314062 0.949402 0
    outer loop
      vertex -1.12437 4.21192 4.25
      vertex -1.14937 4.20365 4.55
      vertex -1.12437 4.21192 4.55
    endloop
  endfacet
  facet normal -0.314062 0.949402 0
    outer loop
      vertex -1.14937 4.20365 4.55
      vertex -1.12437 4.21192 4.25
      vertex -1.14937 4.20365 4.25
    endloop
  endfacet
  facet normal -0.36919 0.929354 0
    outer loop
      vertex -1.10033 4.22147 4.25
      vertex -1.12437 4.21192 4.55
      vertex -1.10033 4.22147 4.55
    endloop
  endfacet
  facet normal -0.36919 0.929354 0
    outer loop
      vertex -1.12437 4.21192 4.55
      vertex -1.10033 4.22147 4.25
      vertex -1.12437 4.21192 4.25
    endloop
  endfacet
  facet normal -0.424665 0.905351 0
    outer loop
      vertex -1.07722 4.23231 4.25
      vertex -1.10033 4.22147 4.55
      vertex -1.07722 4.23231 4.55
    endloop
  endfacet
  facet normal -0.424665 0.905351 0
    outer loop
      vertex -1.10033 4.22147 4.55
      vertex -1.07722 4.23231 4.25
      vertex -1.10033 4.22147 4.25
    endloop
  endfacet
  facet normal -0.477734 0.878504 0
    outer loop
      vertex -1.05519 4.24429 4.25
      vertex -1.07722 4.23231 4.55
      vertex -1.05519 4.24429 4.55
    endloop
  endfacet
  facet normal -0.477734 0.878504 0
    outer loop
      vertex -1.07722 4.23231 4.55
      vertex -1.05519 4.24429 4.25
      vertex -1.07722 4.23231 4.25
    endloop
  endfacet
  facet normal -0.529524 0.848295 0
    outer loop
      vertex -1.0343 4.25733 4.25
      vertex -1.05519 4.24429 4.55
      vertex -1.0343 4.25733 4.55
    endloop
  endfacet
  facet normal -0.529524 0.848295 0
    outer loop
      vertex -1.05519 4.24429 4.55
      vertex -1.0343 4.25733 4.25
      vertex -1.05519 4.24429 4.25
    endloop
  endfacet
  facet normal -0.581824 0.813315 0
    outer loop
      vertex -1.01459 4.27143 4.25
      vertex -1.0343 4.25733 4.55
      vertex -1.01459 4.27143 4.55
    endloop
  endfacet
  facet normal -0.581824 0.813315 0
    outer loop
      vertex -1.0343 4.25733 4.55
      vertex -1.01459 4.27143 4.25
      vertex -1.0343 4.25733 4.25
    endloop
  endfacet
  facet normal -0.632719 0.774381 0
    outer loop
      vertex -0.996048 4.28658 4.25
      vertex -1.01459 4.27143 4.55
      vertex -0.996048 4.28658 4.55
    endloop
  endfacet
  facet normal -0.632719 0.774381 0
    outer loop
      vertex -1.01459 4.27143 4.55
      vertex -0.996048 4.28658 4.25
      vertex -1.01459 4.27143 4.25
    endloop
  endfacet
  facet normal -0.681974 0.731377 0
    outer loop
      vertex -0.978653 4.3028 4.25
      vertex -0.996048 4.28658 4.55
      vertex -0.978653 4.3028 4.55
    endloop
  endfacet
  facet normal -0.681974 0.731377 0
    outer loop
      vertex -0.996048 4.28658 4.55
      vertex -0.978653 4.3028 4.25
      vertex -0.996048 4.28658 4.25
    endloop
  endfacet
  facet normal -0.72872 0.684811 0
    outer loop
      vertex -0.978653 4.3028 4.25
      vertex -0.962433 4.32006 4.55
      vertex -0.962433 4.32006 4.25
    endloop
  endfacet
  facet normal -0.72872 0.684811 0
    outer loop
      vertex -0.962433 4.32006 4.55
      vertex -0.978653 4.3028 4.25
      vertex -0.978653 4.3028 4.55
    endloop
  endfacet
  facet normal -0.772639 0.634845 0
    outer loop
      vertex -0.962433 4.32006 4.25
      vertex -0.947372 4.33839 4.55
      vertex -0.947372 4.33839 4.25
    endloop
  endfacet
  facet normal -0.772639 0.634845 0
    outer loop
      vertex -0.947372 4.33839 4.55
      vertex -0.962433 4.32006 4.25
      vertex -0.962433 4.32006 4.55
    endloop
  endfacet
  facet normal -0.812612 0.582805 0
    outer loop
      vertex -0.947372 4.33839 4.25
      vertex -0.933487 4.35775 4.55
      vertex -0.933487 4.35775 4.25
    endloop
  endfacet
  facet normal -0.812612 0.582805 0
    outer loop
      vertex -0.933487 4.35775 4.55
      vertex -0.947372 4.33839 4.25
      vertex -0.947372 4.33839 4.55
    endloop
  endfacet
  facet normal -0.848796 0.528721 0
    outer loop
      vertex -0.933487 4.35775 4.25
      vertex -0.920761 4.37818 4.55
      vertex -0.920761 4.37818 4.25
    endloop
  endfacet
  facet normal -0.848796 0.528721 0
    outer loop
      vertex -0.920761 4.37818 4.55
      vertex -0.933487 4.35775 4.25
      vertex -0.933487 4.35775 4.55
    endloop
  endfacet
  facet normal -0.880279 0.474457 0
    outer loop
      vertex -0.920761 4.37818 4.25
      vertex -0.909286 4.39947 4.55
      vertex -0.909286 4.39947 4.25
    endloop
  endfacet
  facet normal -0.880279 0.474457 0
    outer loop
      vertex -0.909286 4.39947 4.55
      vertex -0.920761 4.37818 4.25
      vertex -0.920761 4.37818 4.55
    endloop
  endfacet
  facet normal -0.907755 0.4195 0
    outer loop
      vertex -0.909286 4.39947 4.25
      vertex -0.89917 4.42136 4.55
      vertex -0.89917 4.42136 4.25
    endloop
  endfacet
  facet normal -0.907755 0.4195 0
    outer loop
      vertex -0.89917 4.42136 4.55
      vertex -0.909286 4.39947 4.25
      vertex -0.909286 4.39947 4.55
    endloop
  endfacet
  facet normal -0.931995 0.36247 0
    outer loop
      vertex -0.89917 4.42136 4.25
      vertex -0.890396 4.44392 4.55
      vertex -0.890396 4.44392 4.25
    endloop
  endfacet
  facet normal -0.931995 0.36247 0
    outer loop
      vertex -0.890396 4.44392 4.55
      vertex -0.89917 4.42136 4.25
      vertex -0.89917 4.42136 4.55
    endloop
  endfacet
  facet normal -0.952188 0.305514 0
    outer loop
      vertex -0.890396 4.44392 4.25
      vertex -0.882965 4.46708 4.55
      vertex -0.882965 4.46708 4.25
    endloop
  endfacet
  facet normal -0.952188 0.305514 0
    outer loop
      vertex -0.882965 4.46708 4.55
      vertex -0.890396 4.44392 4.25
      vertex -0.890396 4.44392 4.55
    endloop
  endfacet
  facet normal -0.968953 0.247246 0
    outer loop
      vertex -0.882965 4.46708 4.25
      vertex -0.876892 4.49088 4.55
      vertex -0.876892 4.49088 4.25
    endloop
  endfacet
  facet normal -0.968953 0.247246 0
    outer loop
      vertex -0.876892 4.49088 4.55
      vertex -0.882965 4.46708 4.25
      vertex -0.882965 4.46708 4.55
    endloop
  endfacet
  facet normal -0.981768 0.190084 0
    outer loop
      vertex -0.876892 4.49088 4.25
      vertex -0.872162 4.51531 4.55
      vertex -0.872162 4.51531 4.25
    endloop
  endfacet
  facet normal -0.981768 0.190084 0
    outer loop
      vertex -0.872162 4.51531 4.55
      vertex -0.876892 4.49088 4.25
      vertex -0.876892 4.49088 4.55
    endloop
  endfacet
  facet normal -0.991075 0.133303 0
    outer loop
      vertex -0.872162 4.51531 4.25
      vertex -0.86879 4.54038 4.55
      vertex -0.86879 4.54038 4.25
    endloop
  endfacet
  facet normal -0.991075 0.133303 0
    outer loop
      vertex -0.86879 4.54038 4.55
      vertex -0.872162 4.51531 4.25
      vertex -0.872162 4.51531 4.55
    endloop
  endfacet
  facet normal -0.996943 0.0781262 0
    outer loop
      vertex -0.86879 4.54038 4.25
      vertex -0.866776 4.56608 4.55
      vertex -0.866776 4.56608 4.25
    endloop
  endfacet
  facet normal -0.996943 0.0781262 0
    outer loop
      vertex -0.866776 4.56608 4.55
      vertex -0.86879 4.54038 4.25
      vertex -0.86879 4.54038 4.55
    endloop
  endfacet
  facet normal -0.99966 0.0260929 0
    outer loop
      vertex -0.866776 4.56608 4.25
      vertex -0.866089 4.5924 4.55
      vertex -0.866089 4.5924 4.25
    endloop
  endfacet
  facet normal -0.99966 0.0260929 0
    outer loop
      vertex -0.866089 4.5924 4.55
      vertex -0.866776 4.56608 4.25
      vertex -0.866776 4.56608 4.55
    endloop
  endfacet
  facet normal -0.999325 -0.0367255 0
    outer loop
      vertex -0.866089 4.5924 4.25
      vertex -0.867584 4.63308 4.55
      vertex -0.867584 4.63308 4.25
    endloop
  endfacet
  facet normal -0.999325 -0.0367255 0
    outer loop
      vertex -0.867584 4.63308 4.55
      vertex -0.866089 4.5924 4.25
      vertex -0.866089 4.5924 4.55
    endloop
  endfacet
  facet normal -0.993392 -0.114767 0
    outer loop
      vertex -0.867584 4.63308 4.25
      vertex -0.87204 4.67165 4.55
      vertex -0.87204 4.67165 4.25
    endloop
  endfacet
  facet normal -0.993392 -0.114767 0
    outer loop
      vertex -0.87204 4.67165 4.55
      vertex -0.867584 4.63308 4.25
      vertex -0.867584 4.63308 4.55
    endloop
  endfacet
  facet normal -0.979888 -0.199549 0
    outer loop
      vertex -0.87204 4.67165 4.25
      vertex -0.879471 4.70814 4.55
      vertex -0.879471 4.70814 4.25
    endloop
  endfacet
  facet normal -0.979888 -0.199549 0
    outer loop
      vertex -0.879471 4.70814 4.55
      vertex -0.87204 4.67165 4.25
      vertex -0.87204 4.67165 4.55
    endloop
  endfacet
  facet normal -0.957234 -0.289314 0
    outer loop
      vertex -0.879471 4.70814 4.25
      vertex -0.889862 4.74252 4.55
      vertex -0.889862 4.74252 4.25
    endloop
  endfacet
  facet normal -0.957234 -0.289314 0
    outer loop
      vertex -0.889862 4.74252 4.55
      vertex -0.879471 4.70814 4.25
      vertex -0.879471 4.70814 4.55
    endloop
  endfacet
  facet normal -0.923724 -0.383058 0
    outer loop
      vertex -0.889862 4.74252 4.25
      vertex -0.903244 4.77479 4.55
      vertex -0.903244 4.77479 4.25
    endloop
  endfacet
  facet normal -0.923724 -0.383058 0
    outer loop
      vertex -0.903244 4.77479 4.55
      vertex -0.889862 4.74252 4.25
      vertex -0.889862 4.74252 4.55
    endloop
  endfacet
  facet normal -0.879359 -0.476159 0
    outer loop
      vertex -0.903244 4.77479 4.25
      vertex -0.919586 4.80497 4.55
      vertex -0.919586 4.80497 4.25
    endloop
  endfacet
  facet normal -0.879359 -0.476159 0
    outer loop
      vertex -0.919586 4.80497 4.55
      vertex -0.903244 4.77479 4.25
      vertex -0.903244 4.77479 4.55
    endloop
  endfacet
  facet normal -0.823881 -0.566763 0
    outer loop
      vertex -0.919586 4.80497 4.25
      vertex -0.938889 4.83303 4.55
      vertex -0.938889 4.83303 4.25
    endloop
  endfacet
  facet normal -0.823881 -0.566763 0
    outer loop
      vertex -0.938889 4.83303 4.55
      vertex -0.919586 4.80497 4.25
      vertex -0.919586 4.80497 4.55
    endloop
  endfacet
  facet normal -0.759028 -0.651058 0
    outer loop
      vertex -0.938889 4.83303 4.25
      vertex -0.961182 4.85902 4.55
      vertex -0.961182 4.85902 4.25
    endloop
  endfacet
  facet normal -0.759028 -0.651058 0
    outer loop
      vertex -0.961182 4.85902 4.55
      vertex -0.938889 4.83303 4.25
      vertex -0.938889 4.83303 4.55
    endloop
  endfacet
  facet normal -0.686775 -0.72687 0
    outer loop
      vertex -0.986435 4.88288 4.25
      vertex -0.961182 4.85902 4.55
      vertex -0.986435 4.88288 4.55
    endloop
  endfacet
  facet normal -0.686775 -0.72687 -0
    outer loop
      vertex -0.961182 4.85902 4.55
      vertex -0.986435 4.88288 4.25
      vertex -0.961182 4.85902 4.25
    endloop
  endfacet
  facet normal -0.609888 -0.792487 0
    outer loop
      vertex -1.01445 4.90444 4.25
      vertex -0.986435 4.88288 4.55
      vertex -1.01445 4.90444 4.55
    endloop
  endfacet
  facet normal -0.609888 -0.792487 -0
    outer loop
      vertex -0.986435 4.88288 4.55
      vertex -1.01445 4.90444 4.25
      vertex -0.986435 4.88288 4.25
    endloop
  endfacet
  facet normal -0.528774 -0.848763 0
    outer loop
      vertex -1.04498 4.92346 4.25
      vertex -1.01445 4.90444 4.55
      vertex -1.04498 4.92346 4.55
    endloop
  endfacet
  facet normal -0.528774 -0.848763 -0
    outer loop
      vertex -1.01445 4.90444 4.55
      vertex -1.04498 4.92346 4.25
      vertex -1.01445 4.90444 4.25
    endloop
  endfacet
  facet normal -0.445698 -0.895184 0
    outer loop
      vertex -1.07806 4.93993 4.25
      vertex -1.04498 4.92346 4.55
      vertex -1.07806 4.93993 4.55
    endloop
  endfacet
  facet normal -0.445698 -0.895184 -0
    outer loop
      vertex -1.04498 4.92346 4.55
      vertex -1.07806 4.93993 4.25
      vertex -1.04498 4.92346 4.25
    endloop
  endfacet
  facet normal -0.364665 -0.931139 0
    outer loop
      vertex -1.11368 4.95388 4.25
      vertex -1.07806 4.93993 4.55
      vertex -1.11368 4.95388 4.55
    endloop
  endfacet
  facet normal -0.364665 -0.931139 -0
    outer loop
      vertex -1.07806 4.93993 4.55
      vertex -1.11368 4.95388 4.25
      vertex -1.07806 4.93993 4.25
    endloop
  endfacet
  facet normal -0.28661 -0.958047 0
    outer loop
      vertex -1.15182 4.96529 4.25
      vertex -1.11368 4.95388 4.55
      vertex -1.15182 4.96529 4.55
    endloop
  endfacet
  facet normal -0.28661 -0.958047 -0
    outer loop
      vertex -1.11368 4.95388 4.55
      vertex -1.15182 4.96529 4.25
      vertex -1.11368 4.95388 4.25
    endloop
  endfacet
  facet normal -0.213396 -0.976966 0
    outer loop
      vertex -1.19252 4.97418 4.25
      vertex -1.15182 4.96529 4.55
      vertex -1.19252 4.97418 4.55
    endloop
  endfacet
  facet normal -0.213396 -0.976966 -0
    outer loop
      vertex -1.15182 4.96529 4.55
      vertex -1.19252 4.97418 4.25
      vertex -1.15182 4.96529 4.25
    endloop
  endfacet
  facet normal -0.144947 -0.989439 0
    outer loop
      vertex -1.23573 4.98051 4.25
      vertex -1.19252 4.97418 4.55
      vertex -1.23573 4.98051 4.55
    endloop
  endfacet
  facet normal -0.144947 -0.989439 -0
    outer loop
      vertex -1.19252 4.97418 4.55
      vertex -1.23573 4.98051 4.25
      vertex -1.19252 4.97418 4.25
    endloop
  endfacet
  facet normal -0.0829734 -0.996552 0
    outer loop
      vertex -1.28149 4.98432 4.25
      vertex -1.23573 4.98051 4.55
      vertex -1.28149 4.98432 4.55
    endloop
  endfacet
  facet normal -0.0829734 -0.996552 -0
    outer loop
      vertex -1.23573 4.98051 4.55
      vertex -1.28149 4.98432 4.25
      vertex -1.23573 4.98051 4.25
    endloop
  endfacet
  facet normal -0.0262849 -0.999654 0
    outer loop
      vertex -1.32979 4.98559 4.25
      vertex -1.28149 4.98432 4.55
      vertex -1.32979 4.98559 4.55
    endloop
  endfacet
  facet normal -0.0262849 -0.999654 -0
    outer loop
      vertex -1.28149 4.98432 4.55
      vertex -1.32979 4.98559 4.25
      vertex -1.28149 4.98432 4.25
    endloop
  endfacet
  facet normal 0 -1 0
    outer loop
      vertex -1.88783 4.98559 4.25
      vertex -1.32979 4.98559 4.55
      vertex -1.88783 4.98559 4.55
    endloop
  endfacet
  facet normal 0 -1 -0
    outer loop
      vertex -1.32979 4.98559 4.55
      vertex -1.88783 4.98559 4.25
      vertex -1.32979 4.98559 4.25
    endloop
  endfacet
  facet normal 1 -0 0
    outer loop
      vertex -1.88783 3.74348 4.55
      vertex -1.88783 4.98559 4.25
      vertex -1.88783 4.98559 4.55
    endloop
  endfacet
  facet normal 1 0 0
    outer loop
      vertex -1.88783 4.98559 4.25
      vertex -1.88783 3.74348 4.55
      vertex -1.88783 3.74348 4.25
    endloop
  endfacet
  facet normal 0 1 -0
    outer loop
      vertex -1.62776 3.74348 4.25
      vertex -1.88783 3.74348 4.55
      vertex -1.62776 3.74348 4.55
    endloop
  endfacet
  facet normal 0 1 0
    outer loop
      vertex -1.88783 3.74348 4.55
      vertex -1.62776 3.74348 4.25
      vertex -1.88783 3.74348 4.25
    endloop
  endfacet
  facet normal -1 0 0
    outer loop
      vertex -1.62776 3.74348 4.25
      vertex -1.62776 4.18073 4.55
      vertex -1.62776 4.18073 4.25
    endloop
  endfacet
  facet normal -1 -0 0
    outer loop
      vertex -1.62776 4.18073 4.55
      vertex -1.62776 3.74348 4.25
      vertex -1.62776 3.74348 4.55
    endloop
  endfacet
  facet normal -1 0 0
    outer loop
      vertex -1.62776 4.38082 4.25
      vertex -1.62776 4.7837 4.55
      vertex -1.62776 4.7837 4.25
    endloop
  endfacet
  facet normal -1 -0 0
    outer loop
      vertex -1.62776 4.7837 4.55
      vertex -1.62776 4.38082 4.25
      vertex -1.62776 4.38082 4.55
    endloop
  endfacet
  facet normal 0 1 -0
    outer loop
      vertex -1.35889 4.7837 4.25
      vertex -1.62776 4.7837 4.55
      vertex -1.35889 4.7837 4.55
    endloop
  endfacet
  facet normal 0 1 0
    outer loop
      vertex -1.62776 4.7837 4.55
      vertex -1.35889 4.7837 4.25
      vertex -1.62776 4.7837 4.25
    endloop
  endfacet
  facet normal 0.0496499 0.998767 -0
    outer loop
      vertex -1.31041 4.78129 4.25
      vertex -1.35889 4.7837 4.55
      vertex -1.31041 4.78129 4.55
    endloop
  endfacet
  facet normal 0.0496499 0.998767 0
    outer loop
      vertex -1.35889 4.7837 4.55
      vertex -1.31041 4.78129 4.25
      vertex -1.35889 4.7837 4.25
    endloop
  endfacet
  facet normal 0.167127 0.985935 -0
    outer loop
      vertex -1.26764 4.77404 4.25
      vertex -1.31041 4.78129 4.55
      vertex -1.26764 4.77404 4.55
    endloop
  endfacet
  facet normal 0.167127 0.985935 0
    outer loop
      vertex -1.31041 4.78129 4.55
      vertex -1.26764 4.77404 4.25
      vertex -1.31041 4.78129 4.25
    endloop
  endfacet
  facet normal 0.30991 0.950766 -0
    outer loop
      vertex -1.23058 4.76196 4.25
      vertex -1.26764 4.77404 4.55
      vertex -1.23058 4.76196 4.55
    endloop
  endfacet
  facet normal 0.30991 0.950766 0
    outer loop
      vertex -1.26764 4.77404 4.55
      vertex -1.23058 4.76196 4.25
      vertex -1.26764 4.77404 4.25
    endloop
  endfacet
  facet normal 0.474384 0.880318 -0
    outer loop
      vertex -1.1992 4.74505 4.25
      vertex -1.23058 4.76196 4.55
      vertex -1.1992 4.74505 4.55
    endloop
  endfacet
  facet normal 0.474384 0.880318 0
    outer loop
      vertex -1.23058 4.76196 4.55
      vertex -1.1992 4.74505 4.25
      vertex -1.23058 4.76196 4.25
    endloop
  endfacet
  facet normal 0.646422 0.76298 -0
    outer loop
      vertex -1.17354 4.72331 4.25
      vertex -1.1992 4.74505 4.55
      vertex -1.17354 4.72331 4.55
    endloop
  endfacet
  facet normal 0.646422 0.76298 0
    outer loop
      vertex -1.1992 4.74505 4.55
      vertex -1.17354 4.72331 4.25
      vertex -1.1992 4.74505 4.25
    endloop
  endfacet
  facet normal 0.799747 0.600337 0
    outer loop
      vertex -1.15358 4.69672 4.55
      vertex -1.17354 4.72331 4.25
      vertex -1.17354 4.72331 4.55
    endloop
  endfacet
  facet normal 0.799747 0.600337 0
    outer loop
      vertex -1.17354 4.72331 4.25
      vertex -1.15358 4.69672 4.55
      vertex -1.15358 4.69672 4.25
    endloop
  endfacet
  facet normal 0.910664 0.413148 0
    outer loop
      vertex -1.13933 4.66531 4.55
      vertex -1.15358 4.69672 4.25
      vertex -1.15358 4.69672 4.55
    endloop
  endfacet
  facet normal 0.910664 0.413148 0
    outer loop
      vertex -1.15358 4.69672 4.25
      vertex -1.13933 4.66531 4.55
      vertex -1.13933 4.66531 4.25
    endloop
  endfacet
  facet normal 0.97322 0.229877 0
    outer loop
      vertex -1.13077 4.62907 4.55
      vertex -1.13933 4.66531 4.25
      vertex -1.13933 4.66531 4.55
    endloop
  endfacet
  facet normal 0.97322 0.229877 0
    outer loop
      vertex -1.13933 4.66531 4.25
      vertex -1.13077 4.62907 4.55
      vertex -1.13077 4.62907 4.25
    endloop
  endfacet
  facet normal 0.997585 0.0694521 0
    outer loop
      vertex -1.12791 4.58799 4.55
      vertex -1.13077 4.62907 4.25
      vertex -1.13077 4.62907 4.55
    endloop
  endfacet
  facet normal 0.997585 0.0694521 0
    outer loop
      vertex -1.13077 4.62907 4.25
      vertex -1.12791 4.58799 4.55
      vertex -1.12791 4.58799 4.25
    endloop
  endfacet
  facet normal 0.999452 -0.0331005 0
    outer loop
      vertex -1.12863 4.56625 4.55
      vertex -1.12791 4.58799 4.25
      vertex -1.12791 4.58799 4.55
    endloop
  endfacet
  facet normal 0.999452 -0.0331005 0
    outer loop
      vertex -1.12791 4.58799 4.25
      vertex -1.12863 4.56625 4.55
      vertex -1.12863 4.56625 4.25
    endloop
  endfacet
  facet normal 0.994592 -0.103855 0
    outer loop
      vertex -1.13078 4.54566 4.55
      vertex -1.12863 4.56625 4.25
      vertex -1.12863 4.56625 4.55
    endloop
  endfacet
  facet normal 0.994592 -0.103855 0
    outer loop
      vertex -1.12863 4.56625 4.25
      vertex -1.13078 4.54566 4.55
      vertex -1.13078 4.54566 4.25
    endloop
  endfacet
  facet normal 0.983248 -0.182271 0
    outer loop
      vertex -1.13438 4.52624 4.55
      vertex -1.13078 4.54566 4.25
      vertex -1.13078 4.54566 4.55
    endloop
  endfacet
  facet normal 0.983248 -0.182271 0
    outer loop
      vertex -1.13078 4.54566 4.25
      vertex -1.13438 4.52624 4.55
      vertex -1.13438 4.52624 4.25
    endloop
  endfacet
  facet normal 0.964189 -0.265218 0
    outer loop
      vertex -1.1394 4.50799 4.55
      vertex -1.13438 4.52624 4.25
      vertex -1.13438 4.52624 4.55
    endloop
  endfacet
  facet normal 0.964189 -0.265218 0
    outer loop
      vertex -1.13438 4.52624 4.25
      vertex -1.1394 4.50799 4.55
      vertex -1.1394 4.50799 4.25
    endloop
  endfacet
  facet normal 0.93536 -0.353698 0
    outer loop
      vertex -1.14587 4.49088 4.55
      vertex -1.1394 4.50799 4.25
      vertex -1.1394 4.50799 4.55
    endloop
  endfacet
  facet normal 0.93536 -0.353698 0
    outer loop
      vertex -1.1394 4.50799 4.25
      vertex -1.14587 4.49088 4.55
      vertex -1.14587 4.49088 4.25
    endloop
  endfacet
  facet normal 0.895438 -0.445186 0
    outer loop
      vertex -1.15378 4.47497 4.55
      vertex -1.14587 4.49088 4.25
      vertex -1.14587 4.49088 4.55
    endloop
  endfacet
  facet normal 0.895438 -0.445186 0
    outer loop
      vertex -1.14587 4.49088 4.25
      vertex -1.15378 4.47497 4.55
      vertex -1.15378 4.47497 4.25
    endloop
  endfacet
  facet normal 0.84519 -0.534467 0
    outer loop
      vertex -1.16312 4.4602 4.55
      vertex -1.15378 4.47497 4.25
      vertex -1.15378 4.47497 4.55
    endloop
  endfacet
  facet normal 0.84519 -0.534467 0
    outer loop
      vertex -1.15378 4.47497 4.25
      vertex -1.16312 4.4602 4.55
      vertex -1.16312 4.4602 4.25
    endloop
  endfacet
  facet normal 0.783952 -0.620821 0
    outer loop
      vertex -1.17389 4.4466 4.55
      vertex -1.16312 4.4602 4.25
      vertex -1.16312 4.4602 4.55
    endloop
  endfacet
  facet normal 0.783952 -0.620821 0
    outer loop
      vertex -1.16312 4.4602 4.25
      vertex -1.17389 4.4466 4.55
      vertex -1.17389 4.4466 4.25
    endloop
  endfacet
  facet normal 0.713392 -0.700765 0
    outer loop
      vertex -1.1861 4.43417 4.55
      vertex -1.17389 4.4466 4.25
      vertex -1.17389 4.4466 4.55
    endloop
  endfacet
  facet normal 0.713392 -0.700765 0
    outer loop
      vertex -1.17389 4.4466 4.25
      vertex -1.1861 4.43417 4.55
      vertex -1.1861 4.43417 4.25
    endloop
  endfacet
  facet normal 0.637102 -0.77078 0
    outer loop
      vertex -1.19965 4.42297 4.25
      vertex -1.1861 4.43417 4.55
      vertex -1.19965 4.42297 4.55
    endloop
  endfacet
  facet normal 0.637102 -0.77078 0
    outer loop
      vertex -1.1861 4.43417 4.55
      vertex -1.19965 4.42297 4.25
      vertex -1.1861 4.43417 4.25
    endloop
  endfacet
  facet normal 0.556519 -0.830835 0
    outer loop
      vertex -1.2144 4.41309 4.25
      vertex -1.19965 4.42297 4.55
      vertex -1.2144 4.41309 4.55
    endloop
  endfacet
  facet normal 0.556519 -0.830835 0
    outer loop
      vertex -1.19965 4.42297 4.55
      vertex -1.2144 4.41309 4.25
      vertex -1.19965 4.42297 4.25
    endloop
  endfacet
  facet normal 0.472191 -0.881496 0
    outer loop
      vertex -1.23038 4.40453 4.25
      vertex -1.2144 4.41309 4.55
      vertex -1.23038 4.40453 4.55
    endloop
  endfacet
  facet normal 0.472191 -0.881496 0
    outer loop
      vertex -1.2144 4.41309 4.55
      vertex -1.23038 4.40453 4.25
      vertex -1.2144 4.41309 4.25
    endloop
  endfacet
  facet normal 0.388153 -0.921595 0
    outer loop
      vertex -1.24757 4.39729 4.25
      vertex -1.23038 4.40453 4.55
      vertex -1.24757 4.39729 4.55
    endloop
  endfacet
  facet normal 0.388153 -0.921595 0
    outer loop
      vertex -1.23038 4.40453 4.55
      vertex -1.24757 4.39729 4.25
      vertex -1.23038 4.40453 4.25
    endloop
  endfacet
  facet normal 0.305976 -0.952039 0
    outer loop
      vertex -1.26599 4.39137 4.25
      vertex -1.24757 4.39729 4.55
      vertex -1.26599 4.39137 4.55
    endloop
  endfacet
  facet normal 0.305976 -0.952039 0
    outer loop
      vertex -1.24757 4.39729 4.55
      vertex -1.26599 4.39137 4.25
      vertex -1.24757 4.39729 4.25
    endloop
  endfacet
  facet normal 0.228514 -0.973541 0
    outer loop
      vertex -1.28563 4.38676 4.25
      vertex -1.26599 4.39137 4.55
      vertex -1.28563 4.38676 4.55
    endloop
  endfacet
  facet normal 0.228514 -0.973541 0
    outer loop
      vertex -1.26599 4.39137 4.55
      vertex -1.28563 4.38676 4.25
      vertex -1.26599 4.39137 4.25
    endloop
  endfacet
  facet normal 0.156401 -0.987694 0
    outer loop
      vertex -1.30647 4.38346 4.25
      vertex -1.28563 4.38676 4.55
      vertex -1.30647 4.38346 4.55
    endloop
  endfacet
  facet normal 0.156401 -0.987694 0
    outer loop
      vertex -1.28563 4.38676 4.55
      vertex -1.30647 4.38346 4.25
      vertex -1.28563 4.38676 4.25
    endloop
  endfacet
  facet normal 0.0893155 -0.996003 0
    outer loop
      vertex -1.32855 4.38148 4.25
      vertex -1.30647 4.38346 4.55
      vertex -1.32855 4.38148 4.55
    endloop
  endfacet
  facet normal 0.0893155 -0.996003 0
    outer loop
      vertex -1.30647 4.38346 4.55
      vertex -1.32855 4.38148 4.25
      vertex -1.30647 4.38346 4.25
    endloop
  endfacet
  facet normal 0.028327 -0.999599 0
    outer loop
      vertex -1.35184 4.38082 4.25
      vertex -1.32855 4.38148 4.55
      vertex -1.35184 4.38082 4.55
    endloop
  endfacet
  facet normal 0.028327 -0.999599 0
    outer loop
      vertex -1.32855 4.38148 4.55
      vertex -1.35184 4.38082 4.25
      vertex -1.32855 4.38148 4.25
    endloop
  endfacet
  facet normal 0 -1 0
    outer loop
      vertex -1.62776 4.38082 4.25
      vertex -1.35184 4.38082 4.55
      vertex -1.62776 4.38082 4.55
    endloop
  endfacet
  facet normal 0 -1 -0
    outer loop
      vertex -1.35184 4.38082 4.55
      vertex -1.62776 4.38082 4.25
      vertex -1.35184 4.38082 4.25
    endloop
  endfacet
  facet normal 0 1 -0
    outer loop
      vertex 0.440475 4.21511 4.25
      vertex 0.135452 4.21511 4.55
      vertex 0.440475 4.21511 4.55
    endloop
  endfacet
  facet normal 0 1 0
    outer loop
      vertex 0.135452 4.21511 4.55
      vertex 0.440475 4.21511 4.25
      vertex 0.135452 4.21511 4.25
    endloop
  endfacet
  facet normal 0.853228 0.521538 0
    outer loop
      vertex 0.72876 3.74348 4.55
      vertex 0.440475 4.21511 4.25
      vertex 0.440475 4.21511 4.55
    endloop
  endfacet
  facet normal 0.853228 0.521538 0
    outer loop
      vertex 0.440475 4.21511 4.25
      vertex 0.72876 3.74348 4.55
      vertex 0.72876 3.74348 4.25
    endloop
  endfacet
  facet normal 0 1 -0
    outer loop
      vertex 1.02144 3.74348 4.25
      vertex 0.72876 3.74348 4.55
      vertex 1.02144 3.74348 4.55
    endloop
  endfacet
  facet normal 0 1 0
    outer loop
      vertex 0.72876 3.74348 4.55
      vertex 1.02144 3.74348 4.25
      vertex 0.72876 3.74348 4.25
    endloop
  endfacet
  facet normal -0.840886 -0.541212 0
    outer loop
      vertex 1.02144 3.74348 4.25
      vertex 0.685547 4.26536 4.55
      vertex 0.685547 4.26536 4.25
    endloop
  endfacet
  facet normal -0.840886 -0.541212 0
    outer loop
      vertex 0.685547 4.26536 4.55
      vertex 1.02144 3.74348 4.25
      vertex 1.02144 3.74348 4.55
    endloop
  endfacet
  facet normal -0.262932 0.964814 0
    outer loop
      vertex 0.712921 4.27282 4.25
      vertex 0.685547 4.26536 4.55
      vertex 0.712921 4.27282 4.55
    endloop
  endfacet
  facet normal -0.262932 0.964814 0
    outer loop
      vertex 0.685547 4.26536 4.55
      vertex 0.712921 4.27282 4.25
      vertex 0.685547 4.26536 4.25
    endloop
  endfacet
  facet normal -0.328009 0.944674 0
    outer loop
      vertex 0.739014 4.28188 4.25
      vertex 0.712921 4.27282 4.55
      vertex 0.739014 4.28188 4.55
    endloop
  endfacet
  facet normal -0.328009 0.944674 0
    outer loop
      vertex 0.712921 4.27282 4.55
      vertex 0.739014 4.28188 4.25
      vertex 0.712921 4.27282 4.25
    endloop
  endfacet
  facet normal -0.395283 0.91856 0
    outer loop
      vertex 0.763809 4.29255 4.25
      vertex 0.739014 4.28188 4.55
      vertex 0.763809 4.29255 4.55
    endloop
  endfacet
  facet normal -0.395283 0.91856 0
    outer loop
      vertex 0.739014 4.28188 4.55
      vertex 0.763809 4.29255 4.25
      vertex 0.739014 4.28188 4.25
    endloop
  endfacet
  facet normal -0.461795 0.886986 0
    outer loop
      vertex 0.787338 4.3048 4.25
      vertex 0.763809 4.29255 4.55
      vertex 0.787338 4.3048 4.55
    endloop
  endfacet
  facet normal -0.461795 0.886986 0
    outer loop
      vertex 0.763809 4.29255 4.55
      vertex 0.787338 4.3048 4.25
      vertex 0.763809 4.29255 4.25
    endloop
  endfacet
  facet normal -0.529038 0.848598 0
    outer loop
      vertex 0.80957 4.31866 4.25
      vertex 0.787338 4.3048 4.55
      vertex 0.80957 4.31866 4.55
    endloop
  endfacet
  facet normal -0.529038 0.848598 0
    outer loop
      vertex 0.787338 4.3048 4.55
      vertex 0.80957 4.31866 4.25
      vertex 0.787338 4.3048 4.25
    endloop
  endfacet
  facet normal -0.593757 0.804644 0
    outer loop
      vertex 0.830521 4.33412 4.25
      vertex 0.80957 4.31866 4.55
      vertex 0.830521 4.33412 4.55
    endloop
  endfacet
  facet normal -0.593757 0.804644 0
    outer loop
      vertex 0.80957 4.31866 4.55
      vertex 0.830521 4.33412 4.25
      vertex 0.80957 4.31866 4.25
    endloop
  endfacet
  facet normal -0.654808 0.755796 0
    outer loop
      vertex 0.850189 4.35116 4.25
      vertex 0.830521 4.33412 4.55
      vertex 0.850189 4.35116 4.55
    endloop
  endfacet
  facet normal -0.654808 0.755796 0
    outer loop
      vertex 0.830521 4.33412 4.55
      vertex 0.850189 4.35116 4.25
      vertex 0.830521 4.33412 4.25
    endloop
  endfacet
  facet normal -0.712584 0.701586 0
    outer loop
      vertex 0.850189 4.35116 4.25
      vertex 0.868561 4.36982 4.55
      vertex 0.868561 4.36982 4.25
    endloop
  endfacet
  facet normal -0.712584 0.701586 0
    outer loop
      vertex 0.868561 4.36982 4.55
      vertex 0.850189 4.35116 4.25
      vertex 0.850189 4.35116 4.55
    endloop
  endfacet
  facet normal -0.764094 0.645105 0
    outer loop
      vertex 0.868561 4.36982 4.25
      vertex 0.885666 4.39008 4.55
      vertex 0.885666 4.39008 4.25
    endloop
  endfacet
  facet normal -0.764094 0.645105 0
    outer loop
      vertex 0.885666 4.39008 4.55
      vertex 0.868561 4.36982 4.25
      vertex 0.868561 4.36982 4.55
    endloop
  endfacet
  facet normal -0.810586 0.58562 0
    outer loop
      vertex 0.885666 4.39008 4.25
      vertex 0.901199 4.41158 4.55
      vertex 0.901199 4.41158 4.25
    endloop
  endfacet
  facet normal -0.810586 0.58562 0
    outer loop
      vertex 0.901199 4.41158 4.55
      vertex 0.885666 4.39008 4.25
      vertex 0.885666 4.39008 4.55
    endloop
  endfacet
  facet normal -0.852684 0.522426 0
    outer loop
      vertex 0.901199 4.41158 4.25
      vertex 0.914917 4.43397 4.55
      vertex 0.914917 4.43397 4.25
    endloop
  endfacet
  facet normal -0.852684 0.522426 0
    outer loop
      vertex 0.914917 4.43397 4.55
      vertex 0.901199 4.41158 4.25
      vertex 0.901199 4.41158 4.55
    endloop
  endfacet
  facet normal -0.890378 0.455222 0
    outer loop
      vertex 0.914917 4.43397 4.25
      vertex 0.926804 4.45722 4.55
      vertex 0.926804 4.45722 4.25
    endloop
  endfacet
  facet normal -0.890378 0.455222 0
    outer loop
      vertex 0.926804 4.45722 4.55
      vertex 0.914917 4.43397 4.25
      vertex 0.914917 4.43397 4.55
    endloop
  endfacet
  facet normal -0.923235 0.384235 0
    outer loop
      vertex 0.926804 4.45722 4.25
      vertex 0.936859 4.48138 4.55
      vertex 0.936859 4.48138 4.25
    endloop
  endfacet
  facet normal -0.923235 0.384235 0
    outer loop
      vertex 0.936859 4.48138 4.55
      vertex 0.926804 4.45722 4.25
      vertex 0.926804 4.45722 4.55
    endloop
  endfacet
  facet normal -0.949816 0.312809 0
    outer loop
      vertex 0.936859 4.48138 4.25
      vertex 0.945099 4.5064 4.55
      vertex 0.945099 4.5064 4.25
    endloop
  endfacet
  facet normal -0.949816 0.312809 0
    outer loop
      vertex 0.945099 4.5064 4.55
      vertex 0.936859 4.48138 4.25
      vertex 0.936859 4.48138 4.55
    endloop
  endfacet
  facet normal -0.970883 0.239554 0
    outer loop
      vertex 0.945099 4.5064 4.25
      vertex 0.951492 4.53231 4.55
      vertex 0.951492 4.53231 4.25
    endloop
  endfacet
  facet normal -0.970883 0.239554 0
    outer loop
      vertex 0.951492 4.53231 4.55
      vertex 0.945099 4.5064 4.25
      vertex 0.945099 4.5064 4.55
    endloop
  endfacet
  facet normal -0.985722 0.168382 0
    outer loop
      vertex 0.951492 4.53231 4.25
      vertex 0.95607 4.55911 4.55
      vertex 0.95607 4.55911 4.25
    endloop
  endfacet
  facet normal -0.985722 0.168382 0
    outer loop
      vertex 0.95607 4.55911 4.55
      vertex 0.951492 4.53231 4.25
      vertex 0.951492 4.53231 4.55
    endloop
  endfacet
  facet normal -0.995105 0.0988269 0
    outer loop
      vertex 0.95607 4.55911 4.25
      vertex 0.958817 4.58677 4.55
      vertex 0.958817 4.58677 4.25
    endloop
  endfacet
  facet normal -0.995105 0.0988269 0
    outer loop
      vertex 0.958817 4.58677 4.55
      vertex 0.95607 4.55911 4.25
      vertex 0.95607 4.55911 4.55
    endloop
  endfacet
  facet normal -0.999504 0.031497 0
    outer loop
      vertex 0.958817 4.58677 4.25
      vertex 0.959717 4.61533 4.55
      vertex 0.959717 4.61533 4.25
    endloop
  endfacet
  facet normal -0.999504 0.031497 0
    outer loop
      vertex 0.959717 4.61533 4.55
      vertex 0.958817 4.58677 4.25
      vertex 0.958817 4.58677 4.55
    endloop
  endfacet
  facet normal -0.999271 -0.0381657 0
    outer loop
      vertex 0.959717 4.61533 4.25
      vertex 0.958237 4.65408 4.55
      vertex 0.958237 4.65408 4.25
    endloop
  endfacet
  facet normal -0.999271 -0.0381657 0
    outer loop
      vertex 0.958237 4.65408 4.55
      vertex 0.959717 4.61533 4.25
      vertex 0.959717 4.61533 4.55
    endloop
  endfacet
  facet normal -0.992653 -0.120996 0
    outer loop
      vertex 0.958237 4.65408 4.25
      vertex 0.953766 4.69076 4.55
      vertex 0.953766 4.69076 4.25
    endloop
  endfacet
  facet normal -0.992653 -0.120996 0
    outer loop
      vertex 0.953766 4.69076 4.55
      vertex 0.958237 4.65408 4.25
      vertex 0.958237 4.65408 4.55
    endloop
  endfacet
  facet normal -0.97755 -0.210701 0
    outer loop
      vertex 0.953766 4.69076 4.25
      vertex 0.946304 4.72538 4.55
      vertex 0.946304 4.72538 4.25
    endloop
  endfacet
  facet normal -0.97755 -0.210701 0
    outer loop
      vertex 0.946304 4.72538 4.55
      vertex 0.953766 4.69076 4.25
      vertex 0.953766 4.69076 4.55
    endloop
  endfacet
  facet normal -0.952273 -0.305248 0
    outer loop
      vertex 0.946304 4.72538 4.25
      vertex 0.935867 4.75794 4.55
      vertex 0.935867 4.75794 4.25
    endloop
  endfacet
  facet normal -0.952273 -0.305248 0
    outer loop
      vertex 0.935867 4.75794 4.55
      vertex 0.946304 4.72538 4.25
      vertex 0.946304 4.72538 4.55
    endloop
  endfacet
  facet normal -0.915335 -0.402693 0
    outer loop
      vertex 0.935867 4.75794 4.25
      vertex 0.92244 4.78846 4.55
      vertex 0.92244 4.78846 4.25
    endloop
  endfacet
  facet normal -0.915335 -0.402693 0
    outer loop
      vertex 0.92244 4.78846 4.55
      vertex 0.935867 4.75794 4.25
      vertex 0.935867 4.75794 4.55
    endloop
  endfacet
  facet normal -0.866386 -0.499375 0
    outer loop
      vertex 0.92244 4.78846 4.25
      vertex 0.906036 4.81692 4.55
      vertex 0.906036 4.81692 4.25
    endloop
  endfacet
  facet normal -0.866386 -0.499375 0
    outer loop
      vertex 0.906036 4.81692 4.55
      vertex 0.92244 4.78846 4.25
      vertex 0.92244 4.78846 4.55
    endloop
  endfacet
  facet normal -0.806143 -0.591721 0
    outer loop
      vertex 0.906036 4.81692 4.25
      vertex 0.886658 4.84332 4.55
      vertex 0.886658 4.84332 4.25
    endloop
  endfacet
  facet normal -0.806143 -0.591721 0
    outer loop
      vertex 0.886658 4.84332 4.55
      vertex 0.906036 4.81692 4.25
      vertex 0.906036 4.81692 4.55
    endloop
  endfacet
  facet normal -0.736136 -0.676834 0
    outer loop
      vertex 0.886658 4.84332 4.25
      vertex 0.864288 4.86765 4.55
      vertex 0.864288 4.86765 4.25
    endloop
  endfacet
  facet normal -0.736136 -0.676834 0
    outer loop
      vertex 0.864288 4.86765 4.55
      vertex 0.886658 4.84332 4.25
      vertex 0.886658 4.84332 4.55
    endloop
  endfacet
  facet normal -0.660234 -0.75106 0
    outer loop
      vertex 0.838943 4.88993 4.25
      vertex 0.864288 4.86765 4.55
      vertex 0.838943 4.88993 4.55
    endloop
  endfacet
  facet normal -0.660234 -0.75106 -0
    outer loop
      vertex 0.864288 4.86765 4.55
      vertex 0.838943 4.88993 4.25
      vertex 0.864288 4.86765 4.25
    endloop
  endfacet
  facet normal -0.581526 -0.813528 0
    outer loop
      vertex 0.810852 4.91001 4.25
      vertex 0.838943 4.88993 4.55
      vertex 0.810852 4.91001 4.55
    endloop
  endfacet
  facet normal -0.581526 -0.813528 -0
    outer loop
      vertex 0.838943 4.88993 4.55
      vertex 0.810852 4.91001 4.25
      vertex 0.838943 4.88993 4.25
    endloop
  endfacet
  facet normal -0.500775 -0.865577 0
    outer loop
      vertex 0.780258 4.92771 4.25
      vertex 0.810852 4.91001 4.55
      vertex 0.780258 4.92771 4.55
    endloop
  endfacet
  facet normal -0.500775 -0.865577 -0
    outer loop
      vertex 0.810852 4.91001 4.55
      vertex 0.780258 4.92771 4.25
      vertex 0.810852 4.91001 4.25
    endloop
  endfacet
  facet normal -0.421201 -0.906967 0
    outer loop
      vertex 0.747162 4.94308 4.25
      vertex 0.780258 4.92771 4.55
      vertex 0.747162 4.94308 4.55
    endloop
  endfacet
  facet normal -0.421201 -0.906967 -0
    outer loop
      vertex 0.780258 4.92771 4.55
      vertex 0.747162 4.94308 4.25
      vertex 0.780258 4.92771 4.25
    endloop
  endfacet
  facet normal -0.342557 -0.939497 0
    outer loop
      vertex 0.711563 4.95606 4.25
      vertex 0.747162 4.94308 4.55
      vertex 0.711563 4.95606 4.55
    endloop
  endfacet
  facet normal -0.342557 -0.939497 -0
    outer loop
      vertex 0.747162 4.94308 4.55
      vertex 0.711563 4.95606 4.25
      vertex 0.747162 4.94308 4.25
    endloop
  endfacet
  facet normal -0.268498 -0.96328 0
    outer loop
      vertex 0.673462 4.96668 4.25
      vertex 0.711563 4.95606 4.55
      vertex 0.673462 4.96668 4.55
    endloop
  endfacet
  facet normal -0.268498 -0.96328 -0
    outer loop
      vertex 0.711563 4.95606 4.55
      vertex 0.673462 4.96668 4.25
      vertex 0.711563 4.95606 4.25
    endloop
  endfacet
  facet normal -0.199577 -0.979882 0
    outer loop
      vertex 0.632858 4.97495 4.25
      vertex 0.673462 4.96668 4.55
      vertex 0.632858 4.97495 4.55
    endloop
  endfacet
  facet normal -0.199577 -0.979882 -0
    outer loop
      vertex 0.673462 4.96668 4.55
      vertex 0.632858 4.97495 4.25
      vertex 0.673462 4.96668 4.25
    endloop
  endfacet
  facet normal -0.135787 -0.990738 0
    outer loop
      vertex 0.589737 4.98086 4.25
      vertex 0.632858 4.97495 4.55
      vertex 0.589737 4.98086 4.55
    endloop
  endfacet
  facet normal -0.135787 -0.990738 -0
    outer loop
      vertex 0.632858 4.97495 4.55
      vertex 0.589737 4.98086 4.25
      vertex 0.632858 4.97495 4.25
    endloop
  endfacet
  facet normal -0.0773835 -0.997001 0
    outer loop
      vertex 0.544128 4.9844 4.25
      vertex 0.589737 4.98086 4.55
      vertex 0.544128 4.9844 4.55
    endloop
  endfacet
  facet normal -0.0773835 -0.997001 -0
    outer loop
      vertex 0.589737 4.98086 4.55
      vertex 0.544128 4.9844 4.25
      vertex 0.589737 4.98086 4.25
    endloop
  endfacet
  facet normal -0.0247269 -0.999694 0
    outer loop
      vertex 0.496017 4.98559 4.25
      vertex 0.544128 4.9844 4.55
      vertex 0.496017 4.98559 4.55
    endloop
  endfacet
  facet normal -0.0247269 -0.999694 -0
    outer loop
      vertex 0.544128 4.9844 4.55
      vertex 0.496017 4.98559 4.25
      vertex 0.544128 4.9844 4.25
    endloop
  endfacet
  facet normal 0 -1 0
    outer loop
      vertex -0.124588 4.98559 4.25
      vertex 0.496017 4.98559 4.55
      vertex -0.124588 4.98559 4.55
    endloop
  endfacet
  facet normal 0 -1 -0
    outer loop
      vertex 0.496017 4.98559 4.55
      vertex -0.124588 4.98559 4.25
      vertex 0.496017 4.98559 4.25
    endloop
  endfacet
  facet normal 1 -0 0
    outer loop
      vertex -0.124588 3.74348 4.55
      vertex -0.124588 4.98559 4.25
      vertex -0.124588 4.98559 4.55
    endloop
  endfacet
  facet normal 1 0 0
    outer loop
      vertex -0.124588 4.98559 4.25
      vertex -0.124588 3.74348 4.55
      vertex -0.124588 3.74348 4.25
    endloop
  endfacet
  facet normal 0 1 -0
    outer loop
      vertex 0.135452 3.74348 4.25
      vertex -0.124588 3.74348 4.55
      vertex 0.135452 3.74348 4.55
    endloop
  endfacet
  facet normal 0 1 0
    outer loop
      vertex -0.124588 3.74348 4.55
      vertex 0.135452 3.74348 4.25
      vertex -0.124588 3.74348 4.25
    endloop
  endfacet
  facet normal -1 0 0
    outer loop
      vertex 0.135452 3.74348 4.25
      vertex 0.135452 4.21511 4.55
      vertex 0.135452 4.21511 4.25
    endloop
  endfacet
  facet normal -1 -0 0
    outer loop
      vertex 0.135452 4.21511 4.55
      vertex 0.135452 3.74348 4.25
      vertex 0.135452 3.74348 4.55
    endloop
  endfacet
  facet normal -1 0 0
    outer loop
      vertex 0.135452 4.41697 4.25
      vertex 0.135452 4.7837 4.55
      vertex 0.135452 4.7837 4.25
    endloop
  endfacet
  facet normal -1 -0 0
    outer loop
      vertex 0.135452 4.7837 4.55
      vertex 0.135452 4.41697 4.25
      vertex 0.135452 4.41697 4.55
    endloop
  endfacet
  facet normal 0 1 -0
    outer loop
      vertex 0.468689 4.7837 4.25
      vertex 0.135452 4.7837 4.55
      vertex 0.468689 4.7837 4.55
    endloop
  endfacet
  facet normal 0 1 0
    outer loop
      vertex 0.135452 4.7837 4.55
      vertex 0.468689 4.7837 4.25
      vertex 0.135452 4.7837 4.25
    endloop
  endfacet
  facet normal 0.0456941 0.998955 -0
    outer loop
      vertex 0.516785 4.7815 4.25
      vertex 0.468689 4.7837 4.55
      vertex 0.516785 4.7815 4.55
    endloop
  endfacet
  facet normal 0.0456941 0.998955 0
    outer loop
      vertex 0.468689 4.7837 4.55
      vertex 0.516785 4.7815 4.25
      vertex 0.468689 4.7837 4.25
    endloop
  endfacet
  facet normal 0.154313 0.988022 -0
    outer loop
      vertex 0.559235 4.77487 4.25
      vertex 0.516785 4.7815 4.55
      vertex 0.559235 4.77487 4.55
    endloop
  endfacet
  facet normal 0.154313 0.988022 0
    outer loop
      vertex 0.516785 4.7815 4.55
      vertex 0.559235 4.77487 4.25
      vertex 0.516785 4.7815 4.25
    endloop
  endfacet
  facet normal 0.287666 0.957731 -0
    outer loop
      vertex 0.596024 4.76382 4.25
      vertex 0.559235 4.77487 4.55
      vertex 0.596024 4.76382 4.55
    endloop
  endfacet
  facet normal 0.287666 0.957731 0
    outer loop
      vertex 0.559235 4.77487 4.55
      vertex 0.596024 4.76382 4.25
      vertex 0.559235 4.77487 4.25
    endloop
  endfacet
  facet normal 0.44483 0.895615 -0
    outer loop
      vertex 0.627151 4.74836 4.25
      vertex 0.596024 4.76382 4.55
      vertex 0.627151 4.74836 4.55
    endloop
  endfacet
  facet normal 0.44483 0.895615 0
    outer loop
      vertex 0.596024 4.76382 4.55
      vertex 0.627151 4.74836 4.25
      vertex 0.596024 4.76382 4.25
    endloop
  endfacet
  facet normal 0.615335 0.788266 -0
    outer loop
      vertex 0.652618 4.72848 4.25
      vertex 0.627151 4.74836 4.55
      vertex 0.652618 4.72848 4.55
    endloop
  endfacet
  facet normal 0.615335 0.788266 0
    outer loop
      vertex 0.627151 4.74836 4.55
      vertex 0.652618 4.72848 4.25
      vertex 0.627151 4.74836 4.25
    endloop
  endfacet
  facet normal 0.775269 0.631632 0
    outer loop
      vertex 0.672424 4.70417 4.55
      vertex 0.652618 4.72848 4.25
      vertex 0.652618 4.72848 4.55
    endloop
  endfacet
  facet normal 0.775269 0.631632 0
    outer loop
      vertex 0.652618 4.72848 4.25
      vertex 0.672424 4.70417 4.55
      vertex 0.672424 4.70417 4.25
    endloop
  endfacet
  facet normal 0.897097 0.441833 0
    outer loop
      vertex 0.686569 4.67545 4.55
      vertex 0.672424 4.70417 4.25
      vertex 0.672424 4.70417 4.55
    endloop
  endfacet
  facet normal 0.897097 0.441833 0
    outer loop
      vertex 0.672424 4.70417 4.25
      vertex 0.686569 4.67545 4.55
      vertex 0.686569 4.67545 4.25
    endloop
  endfacet
  facet normal 0.968653 0.248418 0
    outer loop
      vertex 0.695068 4.64231 4.55
      vertex 0.686569 4.67545 4.25
      vertex 0.686569 4.67545 4.55
    endloop
  endfacet
  facet normal 0.968653 0.248418 0
    outer loop
      vertex 0.686569 4.67545 4.25
      vertex 0.695068 4.64231 4.55
      vertex 0.695068 4.64231 4.25
    endloop
  endfacet
  facet normal 0.997189 0.0749285 0
    outer loop
      vertex 0.697891 4.60474 4.55
      vertex 0.695068 4.64231 4.25
      vertex 0.695068 4.64231 4.55
    endloop
  endfacet
  facet normal 0.997189 0.0749285 0
    outer loop
      vertex 0.695068 4.64231 4.25
      vertex 0.697891 4.60474 4.55
      vertex 0.697891 4.60474 4.25
    endloop
  endfacet
  facet normal 0.999338 -0.0363867 0
    outer loop
      vertex 0.697189 4.58546 4.55
      vertex 0.697891 4.60474 4.25
      vertex 0.697891 4.60474 4.55
    endloop
  endfacet
  facet normal 0.999338 -0.0363867 0
    outer loop
      vertex 0.697891 4.60474 4.25
      vertex 0.697189 4.58546 4.55
      vertex 0.697189 4.58546 4.25
    endloop
  endfacet
  facet normal 0.993562 -0.113287 0
    outer loop
      vertex 0.695099 4.56713 4.55
      vertex 0.697189 4.58546 4.25
      vertex 0.697189 4.58546 4.55
    endloop
  endfacet
  facet normal 0.993562 -0.113287 0
    outer loop
      vertex 0.697189 4.58546 4.25
      vertex 0.695099 4.56713 4.55
      vertex 0.695099 4.56713 4.25
    endloop
  endfacet
  facet normal 0.980439 -0.196823 0
    outer loop
      vertex 0.69162 4.5498 4.55
      vertex 0.695099 4.56713 4.25
      vertex 0.695099 4.56713 4.55
    endloop
  endfacet
  facet normal 0.980439 -0.196823 0
    outer loop
      vertex 0.695099 4.56713 4.25
      vertex 0.69162 4.5498 4.55
      vertex 0.69162 4.5498 4.25
    endloop
  endfacet
  facet normal 0.958469 -0.285197 0
    outer loop
      vertex 0.686752 4.53344 4.55
      vertex 0.69162 4.5498 4.25
      vertex 0.69162 4.5498 4.55
    endloop
  endfacet
  facet normal 0.958469 -0.285197 0
    outer loop
      vertex 0.69162 4.5498 4.25
      vertex 0.686752 4.53344 4.55
      vertex 0.686752 4.53344 4.25
    endloop
  endfacet
  facet normal 0.925986 -0.377559 0
    outer loop
      vertex 0.680481 4.51806 4.55
      vertex 0.686752 4.53344 4.25
      vertex 0.686752 4.53344 4.55
    endloop
  endfacet
  facet normal 0.925986 -0.377559 0
    outer loop
      vertex 0.686752 4.53344 4.25
      vertex 0.680481 4.51806 4.55
      vertex 0.680481 4.51806 4.25
    endloop
  endfacet
  facet normal 0.882862 -0.469633 0
    outer loop
      vertex 0.672821 4.50366 4.55
      vertex 0.680481 4.51806 4.25
      vertex 0.680481 4.51806 4.55
    endloop
  endfacet
  facet normal 0.882862 -0.469633 0
    outer loop
      vertex 0.680481 4.51806 4.25
      vertex 0.672821 4.50366 4.55
      vertex 0.672821 4.50366 4.25
    endloop
  endfacet
  facet normal 0.828691 -0.559706 0
    outer loop
      vertex 0.663757 4.49024 4.55
      vertex 0.672821 4.50366 4.25
      vertex 0.672821 4.50366 4.55
    endloop
  endfacet
  facet normal 0.828691 -0.559706 0
    outer loop
      vertex 0.672821 4.50366 4.25
      vertex 0.663757 4.49024 4.55
      vertex 0.663757 4.49024 4.25
    endloop
  endfacet
  facet normal 0.765377 -0.643582 0
    outer loop
      vertex 0.653305 4.47781 4.55
      vertex 0.663757 4.49024 4.25
      vertex 0.663757 4.49024 4.55
    endloop
  endfacet
  facet normal 0.765377 -0.643582 0
    outer loop
      vertex 0.663757 4.49024 4.25
      vertex 0.653305 4.47781 4.55
      vertex 0.653305 4.47781 4.25
    endloop
  endfacet
  facet normal 0.696078 -0.717967 0
    outer loop
      vertex 0.641464 4.46633 4.25
      vertex 0.653305 4.47781 4.55
      vertex 0.641464 4.46633 4.55
    endloop
  endfacet
  facet normal 0.696078 -0.717967 0
    outer loop
      vertex 0.653305 4.47781 4.55
      vertex 0.641464 4.46633 4.25
      vertex 0.653305 4.47781 4.25
    endloop
  endfacet
  facet normal 0.617893 -0.786262 0
    outer loop
      vertex 0.628281 4.45597 4.25
      vertex 0.641464 4.46633 4.55
      vertex 0.628281 4.45597 4.55
    endloop
  endfacet
  facet normal 0.617893 -0.786262 0
    outer loop
      vertex 0.641464 4.46633 4.55
      vertex 0.628281 4.45597 4.25
      vertex 0.641464 4.46633 4.25
    endloop
  endfacet
  facet normal 0.533352 -0.845894 0
    outer loop
      vertex 0.613785 4.44683 4.25
      vertex 0.628281 4.45597 4.55
      vertex 0.613785 4.44683 4.55
    endloop
  endfacet
  facet normal 0.533352 -0.845894 0
    outer loop
      vertex 0.628281 4.45597 4.55
      vertex 0.613785 4.44683 4.25
      vertex 0.628281 4.45597 4.25
    endloop
  endfacet
  facet normal 0.447937 -0.894065 0
    outer loop
      vertex 0.597977 4.43891 4.25
      vertex 0.613785 4.44683 4.55
      vertex 0.597977 4.43891 4.55
    endloop
  endfacet
  facet normal 0.447937 -0.894065 0
    outer loop
      vertex 0.613785 4.44683 4.55
      vertex 0.597977 4.43891 4.25
      vertex 0.613785 4.44683 4.25
    endloop
  endfacet
  facet normal 0.364717 -0.931118 0
    outer loop
      vertex 0.580872 4.43221 4.25
      vertex 0.597977 4.43891 4.55
      vertex 0.580872 4.43221 4.55
    endloop
  endfacet
  facet normal 0.364717 -0.931118 0
    outer loop
      vertex 0.597977 4.43891 4.55
      vertex 0.580872 4.43221 4.25
      vertex 0.597977 4.43891 4.25
    endloop
  endfacet
  facet normal 0.285658 -0.958332 0
    outer loop
      vertex 0.562454 4.42672 4.25
      vertex 0.580872 4.43221 4.55
      vertex 0.562454 4.42672 4.55
    endloop
  endfacet
  facet normal 0.285658 -0.958332 0
    outer loop
      vertex 0.580872 4.43221 4.55
      vertex 0.562454 4.42672 4.25
      vertex 0.580872 4.43221 4.25
    endloop
  endfacet
  facet normal 0.211215 -0.97744 0
    outer loop
      vertex 0.54274 4.42246 4.25
      vertex 0.562454 4.42672 4.55
      vertex 0.54274 4.42246 4.55
    endloop
  endfacet
  facet normal 0.211215 -0.97744 0
    outer loop
      vertex 0.562454 4.42672 4.55
      vertex 0.54274 4.42246 4.25
      vertex 0.562454 4.42672 4.25
    endloop
  endfacet
  facet normal 0.143549 -0.989643 0
    outer loop
      vertex 0.521713 4.41941 4.25
      vertex 0.54274 4.42246 4.55
      vertex 0.521713 4.41941 4.55
    endloop
  endfacet
  facet normal 0.143549 -0.989643 0
    outer loop
      vertex 0.54274 4.42246 4.55
      vertex 0.521713 4.41941 4.25
      vertex 0.54274 4.42246 4.25
    endloop
  endfacet
  facet normal 0.0817041 -0.996657 0
    outer loop
      vertex 0.49939 4.41758 4.25
      vertex 0.521713 4.41941 4.55
      vertex 0.49939 4.41758 4.55
    endloop
  endfacet
  facet normal 0.0817041 -0.996657 0
    outer loop
      vertex 0.521713 4.41941 4.55
      vertex 0.49939 4.41758 4.25
      vertex 0.521713 4.41941 4.25
    endloop
  endfacet
  facet normal 0.0257995 -0.999667 0
    outer loop
      vertex 0.475754 4.41697 4.25
      vertex 0.49939 4.41758 4.55
      vertex 0.475754 4.41697 4.55
    endloop
  endfacet
  facet normal 0.0257995 -0.999667 0
    outer loop
      vertex 0.49939 4.41758 4.55
      vertex 0.475754 4.41697 4.25
      vertex 0.49939 4.41758 4.25
    endloop
  endfacet
  facet normal 0 -1 0
    outer loop
      vertex 0.135452 4.41697 4.25
      vertex 0.475754 4.41697 4.55
      vertex 0.135452 4.41697 4.55
    endloop
  endfacet
  facet normal 0 -1 -0
    outer loop
      vertex 0.475754 4.41697 4.55
      vertex 0.135452 4.41697 4.25
      vertex 0.475754 4.41697 4.25
    endloop
  endfacet
  facet normal 0 -1 0
    outer loop
      vertex 1.69708 3.92773 4.25
      vertex 1.98183 3.92773 4.55
      vertex 1.69708 3.92773 4.55
    endloop
  endfacet
  facet normal 0 -1 -0
    outer loop
      vertex 1.98183 3.92773 4.55
      vertex 1.69708 3.92773 4.25
      vertex 1.98183 3.92773 4.25
    endloop
  endfacet
  facet normal -1 0 0
    outer loop
      vertex 1.69708 3.92773 4.25
      vertex 1.69708 4.98559 4.55
      vertex 1.69708 4.98559 4.25
    endloop
  endfacet
  facet normal -1 -0 0
    outer loop
      vertex 1.69708 4.98559 4.55
      vertex 1.69708 3.92773 4.25
      vertex 1.69708 3.92773 4.55
    endloop
  endfacet
  facet normal 0 -1 0
    outer loop
      vertex 1.46259 4.98559 4.25
      vertex 1.69708 4.98559 4.55
      vertex 1.46259 4.98559 4.55
    endloop
  endfacet
  facet normal 0 -1 -0
    outer loop
      vertex 1.69708 4.98559 4.55
      vertex 1.46259 4.98559 4.25
      vertex 1.69708 4.98559 4.25
    endloop
  endfacet
  facet normal 0.544261 -0.838916 0
    outer loop
      vertex 1.1514 4.7837 4.25
      vertex 1.46259 4.98559 4.55
      vertex 1.1514 4.7837 4.55
    endloop
  endfacet
  facet normal 0.544261 -0.838916 0
    outer loop
      vertex 1.46259 4.98559 4.55
      vertex 1.1514 4.7837 4.25
      vertex 1.46259 4.98559 4.25
    endloop
  endfacet
  facet normal 1 -0 0
    outer loop
      vertex 1.1514 4.58888 4.55
      vertex 1.1514 4.7837 4.25
      vertex 1.1514 4.7837 4.55
    endloop
  endfacet
  facet normal 1 0 0
    outer loop
      vertex 1.1514 4.7837 4.25
      vertex 1.1514 4.58888 4.55
      vertex 1.1514 4.58888 4.25
    endloop
  endfacet
  facet normal -0.529579 0.84826 0
    outer loop
      vertex 1.44936 4.7749 4.25
      vertex 1.1514 4.58888 4.55
      vertex 1.44936 4.7749 4.55
    endloop
  endfacet
  facet normal -0.529579 0.84826 0
    outer loop
      vertex 1.1514 4.58888 4.55
      vertex 1.44936 4.7749 4.25
      vertex 1.1514 4.58888 4.25
    endloop
  endfacet
  facet normal 1 -0 0
    outer loop
      vertex 1.44936 3.92773 4.55
      vertex 1.44936 4.7749 4.25
      vertex 1.44936 4.7749 4.55
    endloop
  endfacet
  facet normal 1 0 0
    outer loop
      vertex 1.44936 4.7749 4.25
      vertex 1.44936 3.92773 4.55
      vertex 1.44936 3.92773 4.25
    endloop
  endfacet
  facet normal 0 -1 0
    outer loop
      vertex 1.14169 3.92773 4.25
      vertex 1.44936 3.92773 4.55
      vertex 1.14169 3.92773 4.55
    endloop
  endfacet
  facet normal 0 -1 -0
    outer loop
      vertex 1.44936 3.92773 4.55
      vertex 1.14169 3.92773 4.25
      vertex 1.44936 3.92773 4.25
    endloop
  endfacet
  facet normal 1 -0 0
    outer loop
      vertex 1.14169 3.74348 4.55
      vertex 1.14169 3.92773 4.25
      vertex 1.14169 3.92773 4.55
    endloop
  endfacet
  facet normal 1 0 0
    outer loop
      vertex 1.14169 3.92773 4.25
      vertex 1.14169 3.74348 4.55
      vertex 1.14169 3.74348 4.25
    endloop
  endfacet
  facet normal 0 1 -0
    outer loop
      vertex 1.98183 3.74348 4.25
      vertex 1.14169 3.74348 4.55
      vertex 1.98183 3.74348 4.55
    endloop
  endfacet
  facet normal 0 1 0
    outer loop
      vertex 1.14169 3.74348 4.55
      vertex 1.98183 3.74348 4.25
      vertex 1.14169 3.74348 4.25
    endloop
  endfacet
  facet normal -1 0 0
    outer loop
      vertex 1.98183 3.74348 4.25
      vertex 1.98183 3.92773 4.55
      vertex 1.98183 3.92773 4.25
    endloop
  endfacet
  facet normal -1 -0 0
    outer loop
      vertex 1.98183 3.92773 4.55
      vertex 1.98183 3.74348 4.25
      vertex 1.98183 3.74348 4.55
    endloop
  endfacet
  facet normal 0 -1 0
    outer loop
      vertex -0.762009 4.31915 4.25
      vertex -0.303589 4.31915 4.55
      vertex -0.762009 4.31915 4.55
    endloop
  endfacet
  facet normal 0 -1 -0
    outer loop
      vertex -0.303589 4.31915 4.55
      vertex -0.762009 4.31915 4.25
      vertex -0.303589 4.31915 4.25
    endloop
  endfacet
  facet normal 1 -0 0
    outer loop
      vertex -0.762009 4.10403 4.55
      vertex -0.762009 4.31915 4.25
      vertex -0.762009 4.31915 4.55
    endloop
  endfacet
  facet normal 1 0 0
    outer loop
      vertex -0.762009 4.31915 4.25
      vertex -0.762009 4.10403 4.55
      vertex -0.762009 4.10403 4.25
    endloop
  endfacet
  facet normal 0 1 -0
    outer loop
      vertex -0.303589 4.10403 4.25
      vertex -0.762009 4.10403 4.55
      vertex -0.303589 4.10403 4.55
    endloop
  endfacet
  facet normal 0 1 0
    outer loop
      vertex -0.762009 4.10403 4.55
      vertex -0.303589 4.10403 4.25
      vertex -0.762009 4.10403 4.25
    endloop
  endfacet
  facet normal -1 0 0
    outer loop
      vertex -0.303589 4.10403 4.25
      vertex -0.303589 4.31915 4.55
      vertex -0.303589 4.31915 4.25
    endloop
  endfacet
  facet normal -1 -0 0
    outer loop
      vertex -0.303589 4.31915 4.55
      vertex -0.303589 4.10403 4.25
      vertex -0.303589 4.10403 4.55
    endloop
  endfacet
endsolid OpenSCAD_Model
