solid OpenSCAD_Model
  facet normal 0 0 -1
    outer loop
      vertex -1.13838 0.448776 0
      vertex -1.62393 1.56453 0
      vertex -1.14964 0.514725 0
    endloop
  endfacet
  facet normal 0 0 -1
    outer loop
      vertex -1.62393 1.56453 0
      vertex -1.13838 0.448776 0
      vertex -1.62393 -1.493 0
    endloop
  endfacet
  facet normal -0 0 -1
    outer loop
      vertex -1.12263 0.38501 0
      vertex -1.62393 -1.493 0
      vertex -1.13838 0.448776 0
    endloop
  endfacet
  facet normal -0 0 -1
    outer loop
      vertex -1.10237 0.323395 0
      vertex -1.62393 -1.493 0
      vertex -1.12263 0.38501 0
    endloop
  endfacet
  facet normal -0 0 -1
    outer loop
      vertex -1.07762 0.263962 0
      vertex -1.62393 -1.493 0
      vertex -1.10237 0.323395 0
    endloop
  endfacet
  facet normal -0 0 -1
    outer loop
      vertex -1.04836 0.206696 0
      vertex -1.62393 -1.493 0
      vertex -1.07762 0.263962 0
    endloop
  endfacet
  facet normal -0 0 -1
    outer loop
      vertex -1.0146 0.151596 0
      vertex -1.62393 -1.493 0
      vertex -1.04836 0.206696 0
    endloop
  endfacet
  facet normal -0 0 -1
    outer loop
      vertex -0.976334 0.0986786 0
      vertex -1.62393 -1.493 0
      vertex -1.0146 0.151596 0
    endloop
  endfacet
  facet normal -0 0 -1
    outer loop
      vertex -0.93425 0.0488129 0
      vertex -1.62393 -1.493 0
      vertex -0.976334 0.0986786 0
    endloop
  endfacet
  facet normal -0 0 -1
    outer loop
      vertex -0.889008 0.00288391 0
      vertex -1.62393 -1.493 0
      vertex -0.93425 0.0488129 0
    endloop
  endfacet
  facet normal 0 0 -1
    outer loop
      vertex -1.62393 -1.493 0
      vertex -0.889008 0.00288391 0
      vertex -1.31055 -1.493 0
    endloop
  endfacet
  facet normal -0 0 -1
    outer loop
      vertex -0.840591 -0.039093 0
      vertex -1.31055 -1.493 0
      vertex -0.889008 0.00288391 0
    endloop
  endfacet
  facet normal -0 0 -1
    outer loop
      vertex -0.789032 -0.0771484 0
      vertex -1.31055 -1.493 0
      vertex -0.840591 -0.039093 0
    endloop
  endfacet
  facet normal -0 0 -1
    outer loop
      vertex -0.734299 -0.111267 0
      vertex -1.31055 -1.493 0
      vertex -0.789032 -0.0771484 0
    endloop
  endfacet
  facet normal -0 0 -1
    outer loop
      vertex -0.676407 -0.141434 0
      vertex -1.31055 -1.493 0
      vertex -0.734299 -0.111267 0
    endloop
  endfacet
  facet normal -0 0 -1
    outer loop
      vertex -0.615356 -0.167679 0
      vertex -1.31055 -1.493 0
      vertex -0.676407 -0.141434 0
    endloop
  endfacet
  facet normal -0 0 -1
    outer loop
      vertex -0.551132 -0.189987 0
      vertex -1.31055 -1.493 0
      vertex -0.615356 -0.167679 0
    endloop
  endfacet
  facet normal 0 0 -1
    outer loop
      vertex -1.31055 -1.493 0
      vertex -0.551132 -0.189987 0
      vertex -0.483765 -0.208359 0
    endloop
  endfacet
  facet normal 0 0 -1
    outer loop
      vertex 4.8315 -1.493 0
      vertex 7.6 -3 0
      vertex 7.59037 -3.19603 0
    endloop
  endfacet
  facet normal 0 0 -1
    outer loop
      vertex 7.6 -3 0
      vertex 4.8315 -1.493 0
      vertex 7.6 3 0
    endloop
  endfacet
  facet normal 0 0 -1
    outer loop
      vertex 4.8315 -1.493 0
      vertex 7.59037 -3.19603 0
      vertex 7.56157 -3.39018 0
    endloop
  endfacet
  facet normal 0 0 -1
    outer loop
      vertex 3.71609 1.56453 0
      vertex 7.6 3 0
      vertex 4.8315 -1.493 0
    endloop
  endfacet
  facet normal 0 0 -1
    outer loop
      vertex 4.8315 -1.493 0
      vertex 7.56157 -3.39018 0
      vertex 7.51388 -3.58057 0
    endloop
  endfacet
  facet normal -0 0 -1
    outer loop
      vertex 7.6 3 0
      vertex 3.71609 1.56453 0
      vertex 7.59037 3.19603 0
    endloop
  endfacet
  facet normal 0 0 -1
    outer loop
      vertex 4.8315 -1.493 0
      vertex 7.51388 -3.58057 0
      vertex 7.44776 -3.76537 0
    endloop
  endfacet
  facet normal -0 0 -1
    outer loop
      vertex 7.59037 3.19603 0
      vertex 3.71609 1.56453 0
      vertex 7.56157 3.39018 0
    endloop
  endfacet
  facet normal 0 0 -1
    outer loop
      vertex 4.8315 -1.493 0
      vertex 7.44776 -3.76537 0
      vertex 7.36384 -3.94279 0
    endloop
  endfacet
  facet normal -0 0 -1
    outer loop
      vertex 7.56157 3.39018 0
      vertex 3.71609 1.56453 0
      vertex 7.51388 3.58057 0
    endloop
  endfacet
  facet normal 0 0 -1
    outer loop
      vertex 4.8315 -1.493 0
      vertex 7.36384 -3.94279 0
      vertex 7.26294 -4.11114 0
    endloop
  endfacet
  facet normal -0 0 -1
    outer loop
      vertex 7.51388 3.58057 0
      vertex 3.71609 1.56453 0
      vertex 7.44776 3.76537 0
    endloop
  endfacet
  facet normal 0 0 -1
    outer loop
      vertex 4.8315 -1.493 0
      vertex 7.26294 -4.11114 0
      vertex 7.14602 -4.26879 0
    endloop
  endfacet
  facet normal -0 0 -1
    outer loop
      vertex 7.44776 3.76537 0
      vertex 3.71609 1.56453 0
      vertex 7.36384 3.94279 0
    endloop
  endfacet
  facet normal 0 0 -1
    outer loop
      vertex 4.8315 -1.493 0
      vertex 7.14602 -4.26879 0
      vertex 7.01421 -4.41421 0
    endloop
  endfacet
  facet normal -0 0 -1
    outer loop
      vertex 7.36384 3.94279 0
      vertex 3.71609 1.56453 0
      vertex 7.26294 4.11114 0
    endloop
  endfacet
  facet normal 0 0 -1
    outer loop
      vertex 4.8315 -1.493 0
      vertex 7.01421 -4.41421 0
      vertex 6.86879 -4.54602 0
    endloop
  endfacet
  facet normal -0 0 -1
    outer loop
      vertex 7.26294 4.11114 0
      vertex 3.71609 1.56453 0
      vertex 7.14602 4.26879 0
    endloop
  endfacet
  facet normal 0 0 -1
    outer loop
      vertex 4.8315 -1.493 0
      vertex 6.86879 -4.54602 0
      vertex 6.71114 -4.66294 0
    endloop
  endfacet
  facet normal -0 0 -1
    outer loop
      vertex 7.14602 4.26879 0
      vertex 3.71609 1.56453 0
      vertex 7.01421 4.41421 0
    endloop
  endfacet
  facet normal 0 0 -1
    outer loop
      vertex 4.8315 -1.493 0
      vertex 6.71114 -4.66294 0
      vertex 6.54279 -4.76384 0
    endloop
  endfacet
  facet normal -0 0 -1
    outer loop
      vertex 7.01421 4.41421 0
      vertex 3.71609 1.56453 0
      vertex 6.86879 4.54602 0
    endloop
  endfacet
  facet normal 0 0 -1
    outer loop
      vertex 4.8315 -1.493 0
      vertex 6.54279 -4.76384 0
      vertex 6.36537 -4.84776 0
    endloop
  endfacet
  facet normal -0 0 -1
    outer loop
      vertex 6.86879 4.54602 0
      vertex 3.71609 1.56453 0
      vertex 6.71114 4.66294 0
    endloop
  endfacet
  facet normal 0 0 -1
    outer loop
      vertex 4.8315 -1.493 0
      vertex 6.36537 -4.84776 0
      vertex 6.18057 -4.91388 0
    endloop
  endfacet
  facet normal -0 0 -1
    outer loop
      vertex 6.71114 4.66294 0
      vertex 3.71609 1.56453 0
      vertex 6.54279 4.76384 0
    endloop
  endfacet
  facet normal 0 0 -1
    outer loop
      vertex 4.8315 -1.493 0
      vertex 6.18057 -4.91388 0
      vertex 5.99018 -4.96157 0
    endloop
  endfacet
  facet normal -0 0 -1
    outer loop
      vertex 6.54279 4.76384 0
      vertex 3.71609 1.56453 0
      vertex 6.36537 4.84776 0
    endloop
  endfacet
  facet normal 0 0 -1
    outer loop
      vertex 4.8315 -1.493 0
      vertex 5.99018 -4.96157 0
      vertex 5.79603 -4.99037 0
    endloop
  endfacet
  facet normal -0 0 -1
    outer loop
      vertex 6.36537 4.84776 0
      vertex 3.71609 1.56453 0
      vertex 6.18057 4.91388 0
    endloop
  endfacet
  facet normal 0 0 -1
    outer loop
      vertex 4.8315 -1.493 0
      vertex 5.79603 -4.99037 0
      vertex 5.6 -5 0
    endloop
  endfacet
  facet normal -0 0 -1
    outer loop
      vertex 6.18057 4.91388 0
      vertex 3.71609 1.56453 0
      vertex 5.99018 4.96157 0
    endloop
  endfacet
  facet normal -0 0 -1
    outer loop
      vertex 5.99018 4.96157 0
      vertex 3.71609 1.56453 0
      vertex 5.79603 4.99037 0
    endloop
  endfacet
  facet normal 0 0 -1
    outer loop
      vertex 5.6 -5 0
      vertex 4.19133 -1.493 0
      vertex 4.8315 -1.493 0
    endloop
  endfacet
  facet normal 0 0 -1
    outer loop
      vertex 4.19133 -1.493 0
      vertex 2.75479 -0.711777 0
      vertex 3.92007 -0.711777 0
    endloop
  endfacet
  facet normal 0 0 -1
    outer loop
      vertex 2.48352 -1.493 0
      vertex 4.19133 -1.493 0
      vertex 5.6 -5 0
    endloop
  endfacet
  facet normal 0 0 -1
    outer loop
      vertex 4.19133 -1.493 0
      vertex 2.48352 -1.493 0
      vertex 2.75479 -0.711777 0
    endloop
  endfacet
  facet normal 0 0 -1
    outer loop
      vertex 5.6 -5 0
      vertex 1.8499 -1.493 0
      vertex 2.48352 -1.493 0
    endloop
  endfacet
  facet normal 0 0 -1
    outer loop
      vertex 5.6 -5 0
      vertex 1.51047 -1.493 0
      vertex 1.8499 -1.493 0
    endloop
  endfacet
  facet normal 0 0 -1
    outer loop
      vertex 5.6 -5 0
      vertex 0.8703 -1.493 0
      vertex 1.51047 -1.493 0
    endloop
  endfacet
  facet normal 0 0 -1
    outer loop
      vertex 0.8703 -1.493 0
      vertex 0.119492 -0.332031 0
      vertex 0.8703 -0.332031 0
    endloop
  endfacet
  facet normal 0 0 -1
    outer loop
      vertex 0.8703 -1.493 0
      vertex -0.590103 -1.493 0
      vertex 0.119492 -0.332031 0
    endloop
  endfacet
  facet normal 0 0 -1
    outer loop
      vertex 5.6 -5 0
      vertex -0.590103 -1.493 0
      vertex 0.8703 -1.493 0
    endloop
  endfacet
  facet normal 0 0 -1
    outer loop
      vertex -5.6 -5 0
      vertex -0.590103 -1.493 0
      vertex 5.6 -5 0
    endloop
  endfacet
  facet normal -0 0 -1
    outer loop
      vertex -0.590103 -1.493 0
      vertex -5.6 -5 0
      vertex -1.31055 -1.493 0
    endloop
  endfacet
  facet normal -0 0 -1
    outer loop
      vertex -1.31055 -1.493 0
      vertex -5.6 -5 0
      vertex -1.62393 -1.493 0
    endloop
  endfacet
  facet normal 0 0 -1
    outer loop
      vertex -2.19247 -1.493 0
      vertex -2.39862 0.212631 0
      vertex -2.19247 0.360184 0
    endloop
  endfacet
  facet normal 0 0 -1
    outer loop
      vertex -2.19247 -1.493 0
      vertex -2.94981 -1.493 0
      vertex -2.39862 0.212631 0
    endloop
  endfacet
  facet normal -0 0 -1
    outer loop
      vertex -1.62393 -1.493 0
      vertex -5.6 -5 0
      vertex -2.19247 -1.493 0
    endloop
  endfacet
  facet normal -0 0 -1
    outer loop
      vertex -2.19247 -1.493 0
      vertex -5.6 -5 0
      vertex -2.94981 -1.493 0
    endloop
  endfacet
  facet normal 0 0 -1
    outer loop
      vertex -4.1635 0.458054 0
      vertex -4.03813 0.486954 0
      vertex -4.16318 0.430084 0
    endloop
  endfacet
  facet normal 0 0 -1
    outer loop
      vertex -4.0148 0.405273 0
      vertex -4.16318 0.430084 0
      vertex -4.03813 0.486954 0
    endloop
  endfacet
  facet normal 0 0 -1
    outer loop
      vertex -4.16318 0.430084 0
      vertex -4.0148 0.405273 0
      vertex -4.16289 0.388138 0
    endloop
  endfacet
  facet normal 0 0 -1
    outer loop
      vertex -4.16289 0.388138 0
      vertex -4.0148 0.405273 0
      vertex -4.16284 0.360184 0
    endloop
  endfacet
  facet normal 0 0 -1
    outer loop
      vertex -3.99344 0.332321 0
      vertex -4.16284 0.360184 0
      vertex -4.0148 0.405273 0
    endloop
  endfacet
  facet normal 0 0 -1
    outer loop
      vertex -3.97408 0.268112 0
      vertex -4.16284 0.360184 0
      vertex -3.99344 0.332321 0
    endloop
  endfacet
  facet normal 0 0 -1
    outer loop
      vertex -3.9567 0.212631 0
      vertex -4.16284 0.360184 0
      vertex -3.97408 0.268112 0
    endloop
  endfacet
  facet normal 0 0 -1
    outer loop
      vertex -4.16284 0.360184 0
      vertex -3.9567 0.212631 0
      vertex -4.16284 -1.493 0
    endloop
  endfacet
  facet normal 0 0 -1
    outer loop
      vertex -3.4055 -1.493 0
      vertex -4.16284 -1.493 0
      vertex -3.9567 0.212631 0
    endloop
  endfacet
  facet normal -0 0 -1
    outer loop
      vertex -2.94981 -1.493 0
      vertex -5.6 -5 0
      vertex -3.4055 -1.493 0
    endloop
  endfacet
  facet normal -0 0 -1
    outer loop
      vertex -3.4055 -1.493 0
      vertex -5.6 -5 0
      vertex -4.16284 -1.493 0
    endloop
  endfacet
  facet normal 0 0 -1
    outer loop
      vertex -5.79603 -4.99037 0
      vertex -4.73138 -1.493 0
      vertex -5.6 -5 0
    endloop
  endfacet
  facet normal -0 0 -1
    outer loop
      vertex -4.16284 -1.493 0
      vertex -5.6 -5 0
      vertex -4.73138 -1.493 0
    endloop
  endfacet
  facet normal -0 0 -1
    outer loop
      vertex 5.79603 4.99037 0
      vertex 3.71609 1.56453 0
      vertex 5.6 5 0
    endloop
  endfacet
  facet normal 0 0 -1
    outer loop
      vertex 2.96094 1.56453 0
      vertex 5.6 5 0
      vertex 3.71609 1.56453 0
    endloop
  endfacet
  facet normal 0 0 -1
    outer loop
      vertex 1.51047 1.56453 0
      vertex 1.8499 -1.493 0
      vertex 1.51047 -1.493 0
    endloop
  endfacet
  facet normal 0 0 -1
    outer loop
      vertex 1.8499 -1.493 0
      vertex 1.51047 1.56453 0
      vertex 2.96094 1.56453 0
    endloop
  endfacet
  facet normal 0 0 -1
    outer loop
      vertex 1.51047 1.56453 0
      vertex 5.6 5 0
      vertex 2.96094 1.56453 0
    endloop
  endfacet
  facet normal 0 0 -1
    outer loop
      vertex -0.0171967 1.56453 0
      vertex 5.6 5 0
      vertex 1.51047 1.56453 0
    endloop
  endfacet
  facet normal 0 0 -1
    outer loop
      vertex -5.6 5 0
      vertex -0.0171967 1.56453 0
      vertex -0.135651 1.56161 0
    endloop
  endfacet
  facet normal 0 0 -1
    outer loop
      vertex -5.6 5 0
      vertex -0.135651 1.56161 0
      vertex -0.247925 1.5529 0
    endloop
  endfacet
  facet normal 0 0 -1
    outer loop
      vertex -1.62393 1.56453 0
      vertex -0.247925 1.5529 0
      vertex -0.354034 1.53836 0
    endloop
  endfacet
  facet normal 0 0 -1
    outer loop
      vertex -1.62393 1.56453 0
      vertex -0.354034 1.53836 0
      vertex -0.453995 1.51802 0
    endloop
  endfacet
  facet normal 0 0 -1
    outer loop
      vertex -1.62393 1.56453 0
      vertex -0.453995 1.51802 0
      vertex -0.547791 1.49185 0
    endloop
  endfacet
  facet normal 0 0 -1
    outer loop
      vertex -1.62393 1.56453 0
      vertex -0.547791 1.49185 0
      vertex -0.635406 1.45988 0
    endloop
  endfacet
  facet normal 0 0 -1
    outer loop
      vertex -1.62393 1.56453 0
      vertex -0.635406 1.45988 0
      vertex -0.716888 1.42209 0
    endloop
  endfacet
  facet normal 0 0 -1
    outer loop
      vertex -1.14964 0.514725 0
      vertex -1.62393 1.56453 0
      vertex -1.15639 0.58284 0
    endloop
  endfacet
  facet normal 0 0 -1
    outer loop
      vertex -1.15639 0.58284 0
      vertex -1.62393 1.56453 0
      vertex -1.15865 0.653137 0
    endloop
  endfacet
  facet normal 0 0 -1
    outer loop
      vertex -1.15865 0.653137 0
      vertex -1.62393 1.56453 0
      vertex -1.15497 0.748489 0
    endloop
  endfacet
  facet normal 0 0 -1
    outer loop
      vertex -1.15497 0.748489 0
      vertex -1.62393 1.56453 0
      vertex -1.14397 0.838791 0
    endloop
  endfacet
  facet normal 0 0 -1
    outer loop
      vertex -1.62393 1.56453 0
      vertex -1.12561 0.924026 0
      vertex -1.14397 0.838791 0
    endloop
  endfacet
  facet normal 0 0 -1
    outer loop
      vertex -1.62393 1.56453 0
      vertex -1.09991 1.0042 0
      vertex -1.12561 0.924026 0
    endloop
  endfacet
  facet normal 0 0 -1
    outer loop
      vertex -1.62393 1.56453 0
      vertex -1.06688 1.0793 0
      vertex -1.09991 1.0042 0
    endloop
  endfacet
  facet normal 0 0 -1
    outer loop
      vertex -1.62393 1.56453 0
      vertex -1.0265 1.14934 0
      vertex -1.06688 1.0793 0
    endloop
  endfacet
  facet normal 0 0 -1
    outer loop
      vertex -1.62393 1.56453 0
      vertex -0.97879 1.21431 0
      vertex -1.0265 1.14934 0
    endloop
  endfacet
  facet normal 0 0 -1
    outer loop
      vertex -1.62393 1.56453 0
      vertex -0.923737 1.27423 0
      vertex -0.97879 1.21431 0
    endloop
  endfacet
  facet normal 0 0 -1
    outer loop
      vertex -1.62393 1.56453 0
      vertex -0.861328 1.32907 0
      vertex -0.923737 1.27423 0
    endloop
  endfacet
  facet normal 0 0 -1
    outer loop
      vertex -1.62393 1.56453 0
      vertex -0.792191 1.37849 0
      vertex -0.861328 1.32907 0
    endloop
  endfacet
  facet normal 0 0 -1
    outer loop
      vertex -1.62393 1.56453 0
      vertex -0.716888 1.42209 0
      vertex -0.792191 1.37849 0
    endloop
  endfacet
  facet normal 0 0 -1
    outer loop
      vertex -0.247925 1.5529 0
      vertex -1.62393 1.56453 0
      vertex -5.6 5 0
    endloop
  endfacet
  facet normal 0 0 -1
    outer loop
      vertex -5.6 5 0
      vertex -1.62393 1.56453 0
      vertex -2.48108 1.56453 0
    endloop
  endfacet
  facet normal 0 0 -1
    outer loop
      vertex -3.31654 -0.230042 0
      vertex -3.07567 -0.310333 0
      vertex -3.17984 -0.720474 0
    endloop
  endfacet
  facet normal 0 0 -1
    outer loop
      vertex -3.31654 -0.230042 0
      vertex -3.02792 -0.145401 0
      vertex -3.07567 -0.310333 0
    endloop
  endfacet
  facet normal 0 0 -1
    outer loop
      vertex -3.87859 1.56453 0
      vertex -3.02792 -0.145401 0
      vertex -3.31654 -0.230042 0
    endloop
  endfacet
  facet normal 0 0 -1
    outer loop
      vertex -3.02792 -0.145401 0
      vertex -3.87859 1.56453 0
      vertex -2.48108 1.56453 0
    endloop
  endfacet
  facet normal 0 0 -1
    outer loop
      vertex -5.6 5 0
      vertex -2.48108 1.56453 0
      vertex -3.87859 1.56453 0
    endloop
  endfacet
  facet normal 0 0 -1
    outer loop
      vertex -5.6 5 0
      vertex -3.87859 1.56453 0
      vertex -4.73138 1.56453 0
    endloop
  endfacet
  facet normal 0 0 -1
    outer loop
      vertex -0.0171967 1.56453 0
      vertex -5.6 5 0
      vertex 5.6 5 0
    endloop
  endfacet
  facet normal 0 0 -1
    outer loop
      vertex -7.6 3 0
      vertex -4.73138 -1.493 0
      vertex -7.6 -3 0
    endloop
  endfacet
  facet normal 0 0 -1
    outer loop
      vertex -5.99018 -4.96157 0
      vertex -4.73138 -1.493 0
      vertex -5.79603 -4.99037 0
    endloop
  endfacet
  facet normal 0 0 -1
    outer loop
      vertex -4.73138 -1.493 0
      vertex -7.6 3 0
      vertex -4.73138 1.56453 0
    endloop
  endfacet
  facet normal 0 0 -1
    outer loop
      vertex -6.18057 -4.91388 0
      vertex -4.73138 -1.493 0
      vertex -5.99018 -4.96157 0
    endloop
  endfacet
  facet normal 0 -0 -1
    outer loop
      vertex -7.59037 3.19603 0
      vertex -4.73138 1.56453 0
      vertex -7.6 3 0
    endloop
  endfacet
  facet normal 0 0 -1
    outer loop
      vertex -6.36537 -4.84776 0
      vertex -4.73138 -1.493 0
      vertex -6.18057 -4.91388 0
    endloop
  endfacet
  facet normal 0 0 -1
    outer loop
      vertex -4.73138 1.56453 0
      vertex -5.79603 4.99037 0
      vertex -5.6 5 0
    endloop
  endfacet
  facet normal 0 0 -1
    outer loop
      vertex -6.54279 -4.76384 0
      vertex -4.73138 -1.493 0
      vertex -6.36537 -4.84776 0
    endloop
  endfacet
  facet normal 0 0 -1
    outer loop
      vertex -4.73138 1.56453 0
      vertex -5.99018 4.96157 0
      vertex -5.79603 4.99037 0
    endloop
  endfacet
  facet normal 0 0 -1
    outer loop
      vertex -6.71114 -4.66294 0
      vertex -4.73138 -1.493 0
      vertex -6.54279 -4.76384 0
    endloop
  endfacet
  facet normal 0 0 -1
    outer loop
      vertex -4.73138 1.56453 0
      vertex -6.18057 4.91388 0
      vertex -5.99018 4.96157 0
    endloop
  endfacet
  facet normal 0 0 -1
    outer loop
      vertex -6.86879 -4.54602 0
      vertex -4.73138 -1.493 0
      vertex -6.71114 -4.66294 0
    endloop
  endfacet
  facet normal 0 0 -1
    outer loop
      vertex -4.73138 1.56453 0
      vertex -6.36537 4.84776 0
      vertex -6.18057 4.91388 0
    endloop
  endfacet
  facet normal 0 0 -1
    outer loop
      vertex -7.01421 -4.41421 0
      vertex -4.73138 -1.493 0
      vertex -6.86879 -4.54602 0
    endloop
  endfacet
  facet normal 0 0 -1
    outer loop
      vertex -4.73138 1.56453 0
      vertex -6.54279 4.76384 0
      vertex -6.36537 4.84776 0
    endloop
  endfacet
  facet normal 0 0 -1
    outer loop
      vertex -7.14602 -4.26879 0
      vertex -4.73138 -1.493 0
      vertex -7.01421 -4.41421 0
    endloop
  endfacet
  facet normal 0 0 -1
    outer loop
      vertex -4.73138 1.56453 0
      vertex -6.71114 4.66294 0
      vertex -6.54279 4.76384 0
    endloop
  endfacet
  facet normal 0 0 -1
    outer loop
      vertex -7.26294 -4.11114 0
      vertex -4.73138 -1.493 0
      vertex -7.14602 -4.26879 0
    endloop
  endfacet
  facet normal 0 0 -1
    outer loop
      vertex -4.73138 1.56453 0
      vertex -6.86879 4.54602 0
      vertex -6.71114 4.66294 0
    endloop
  endfacet
  facet normal 0 0 -1
    outer loop
      vertex -7.36384 -3.94279 0
      vertex -4.73138 -1.493 0
      vertex -7.26294 -4.11114 0
    endloop
  endfacet
  facet normal 0 0 -1
    outer loop
      vertex -4.73138 1.56453 0
      vertex -7.01421 4.41421 0
      vertex -6.86879 4.54602 0
    endloop
  endfacet
  facet normal 0 0 -1
    outer loop
      vertex -7.44776 -3.76537 0
      vertex -4.73138 -1.493 0
      vertex -7.36384 -3.94279 0
    endloop
  endfacet
  facet normal 0 0 -1
    outer loop
      vertex -4.73138 1.56453 0
      vertex -7.14602 4.26879 0
      vertex -7.01421 4.41421 0
    endloop
  endfacet
  facet normal 0 0 -1
    outer loop
      vertex -7.51388 -3.58057 0
      vertex -4.73138 -1.493 0
      vertex -7.44776 -3.76537 0
    endloop
  endfacet
  facet normal 0 0 -1
    outer loop
      vertex -4.73138 1.56453 0
      vertex -7.26294 4.11114 0
      vertex -7.14602 4.26879 0
    endloop
  endfacet
  facet normal 0 0 -1
    outer loop
      vertex -7.56157 -3.39018 0
      vertex -4.73138 -1.493 0
      vertex -7.51388 -3.58057 0
    endloop
  endfacet
  facet normal 0 0 -1
    outer loop
      vertex -4.73138 1.56453 0
      vertex -7.36384 3.94279 0
      vertex -7.26294 4.11114 0
    endloop
  endfacet
  facet normal 0 0 -1
    outer loop
      vertex -4.73138 -1.493 0
      vertex -7.56157 -3.39018 0
      vertex -7.6 -3 0
    endloop
  endfacet
  facet normal 0 0 -1
    outer loop
      vertex -4.73138 1.56453 0
      vertex -7.44776 3.76537 0
      vertex -7.36384 3.94279 0
    endloop
  endfacet
  facet normal 0 0 -1
    outer loop
      vertex -7.6 -3 0
      vertex -7.56157 -3.39018 0
      vertex -7.59037 -3.19603 0
    endloop
  endfacet
  facet normal 0 0 -1
    outer loop
      vertex -4.73138 1.56453 0
      vertex -7.51388 3.58057 0
      vertex -7.44776 3.76537 0
    endloop
  endfacet
  facet normal 0 0 -1
    outer loop
      vertex -4.73138 1.56453 0
      vertex -7.56157 3.39018 0
      vertex -7.51388 3.58057 0
    endloop
  endfacet
  facet normal 0 0 -1
    outer loop
      vertex -4.73138 1.56453 0
      vertex -7.59037 3.19603 0
      vertex -7.56157 3.39018 0
    endloop
  endfacet
  facet normal -0 0 -1
    outer loop
      vertex -2.17189 0.918686 0
      vertex -2.39862 0.212631 0
      vertex -2.16643 1.02635 0
    endloop
  endfacet
  facet normal -0 0 -1
    outer loop
      vertex -2.17671 0.819427 0
      vertex -2.39862 0.212631 0
      vertex -2.17189 0.918686 0
    endloop
  endfacet
  facet normal -0 0 -1
    outer loop
      vertex -2.18089 0.728592 0
      vertex -2.39862 0.212631 0
      vertex -2.17671 0.819427 0
    endloop
  endfacet
  facet normal -0 0 -1
    outer loop
      vertex -2.18443 0.646164 0
      vertex -2.39862 0.212631 0
      vertex -2.18089 0.728592 0
    endloop
  endfacet
  facet normal -0 0 -1
    outer loop
      vertex -2.18733 0.572144 0
      vertex -2.39862 0.212631 0
      vertex -2.18443 0.646164 0
    endloop
  endfacet
  facet normal -0 0 -1
    outer loop
      vertex -2.18958 0.506531 0
      vertex -2.39862 0.212631 0
      vertex -2.18733 0.572144 0
    endloop
  endfacet
  facet normal -0 0 -1
    outer loop
      vertex -2.19119 0.449341 0
      vertex -2.39862 0.212631 0
      vertex -2.18958 0.506531 0
    endloop
  endfacet
  facet normal -0 0 -1
    outer loop
      vertex -2.19215 0.400543 0
      vertex -2.39862 0.212631 0
      vertex -2.19119 0.449341 0
    endloop
  endfacet
  facet normal 0 0 -1
    outer loop
      vertex -2.39862 0.212631 0
      vertex -2.19215 0.400543 0
      vertex -2.19247 0.360184 0
    endloop
  endfacet
  facet normal 0 0 -1
    outer loop
      vertex -4.16393 0.486038 0
      vertex -4.03813 0.486954 0
      vertex -4.1635 0.458054 0
    endloop
  endfacet
  facet normal 0 0 -1
    outer loop
      vertex -4.1644 0.505142 0
      vertex -4.03813 0.486954 0
      vertex -4.16393 0.486038 0
    endloop
  endfacet
  facet normal 0 0 -1
    outer loop
      vertex -4.03813 0.486954 0
      vertex -4.1644 0.505142 0
      vertex -4.06345 0.577362 0
    endloop
  endfacet
  facet normal 0 0 -1
    outer loop
      vertex -4.16533 0.53447 0
      vertex -4.06345 0.577362 0
      vertex -4.1644 0.505142 0
    endloop
  endfacet
  facet normal 0 0 -1
    outer loop
      vertex -4.1667 0.574036 0
      vertex -4.06345 0.577362 0
      vertex -4.16533 0.53447 0
    endloop
  endfacet
  facet normal 0 0 -1
    outer loop
      vertex -4.16853 0.62384 0
      vertex -4.06345 0.577362 0
      vertex -4.1667 0.574036 0
    endloop
  endfacet
  facet normal 0 0 -1
    outer loop
      vertex -4.06345 0.577362 0
      vertex -4.16853 0.62384 0
      vertex -4.09074 0.676514 0
    endloop
  endfacet
  facet normal 0 0 -1
    outer loop
      vertex -4.17082 0.683884 0
      vertex -4.09074 0.676514 0
      vertex -4.16853 0.62384 0
    endloop
  endfacet
  facet normal 0 0 -1
    outer loop
      vertex -4.17357 0.75415 0
      vertex -4.09074 0.676514 0
      vertex -4.17082 0.683884 0
    endloop
  endfacet
  facet normal 0 0 -1
    outer loop
      vertex -4.09074 0.676514 0
      vertex -4.17357 0.75415 0
      vertex -4.12003 0.784393 0
    endloop
  endfacet
  facet normal -0 0 -1
    outer loop
      vertex -4.12003 0.784393 0
      vertex -4.17357 0.75415 0
      vertex -4.15129 0.901001 0
    endloop
  endfacet
  facet normal 0 0 -1
    outer loop
      vertex -4.18042 0.925385 0
      vertex -4.15129 0.901001 0
      vertex -4.17357 0.75415 0
    endloop
  endfacet
  facet normal 0 0 -1
    outer loop
      vertex -4.15129 0.901001 0
      vertex -4.18042 0.925385 0
      vertex -4.18454 1.02635 0
    endloop
  endfacet
  facet normal -0 0 -1
    outer loop
      vertex 3.35153 1.0459 0
      vertex 3.29294 0.943893 0
      vertex 3.33853 1.09364 0
    endloop
  endfacet
  facet normal -0 0 -1
    outer loop
      vertex 3.35646 1.02827 0
      vertex 3.29294 0.943893 0
      vertex 3.35153 1.0459 0
    endloop
  endfacet
  facet normal -0 0 -1
    outer loop
      vertex 3.3616 1.0101 0
      vertex 3.29294 0.943893 0
      vertex 3.35646 1.02827 0
    endloop
  endfacet
  facet normal -0 0 -1
    outer loop
      vertex 3.36697 0.991394 0
      vertex 3.29294 0.943893 0
      vertex 3.3616 1.0101 0
    endloop
  endfacet
  facet normal -0 0 -1
    outer loop
      vertex 3.37254 0.972168 0
      vertex 3.29294 0.943893 0
      vertex 3.36697 0.991394 0
    endloop
  endfacet
  facet normal -0 0 -1
    outer loop
      vertex 3.37833 0.952393 0
      vertex 3.29294 0.943893 0
      vertex 3.37254 0.972168 0
    endloop
  endfacet
  facet normal 0 0 -1
    outer loop
      vertex 3.39055 0.91124 0
      vertex 3.29294 0.943893 0
      vertex 3.37833 0.952393 0
    endloop
  endfacet
  facet normal 0 0 -1
    outer loop
      vertex 3.39697 0.889862 0
      vertex 3.29294 0.943893 0
      vertex 3.39055 0.91124 0
    endloop
  endfacet
  facet normal 0 0 -1
    outer loop
      vertex 3.40363 0.86795 0
      vertex 3.29294 0.943893 0
      vertex 3.39697 0.889862 0
    endloop
  endfacet
  facet normal 0 0 -1
    outer loop
      vertex 3.41423 0.834686 0
      vertex 3.29294 0.943893 0
      vertex 3.40363 0.86795 0
    endloop
  endfacet
  facet normal 0 0 -1
    outer loop
      vertex 3.19965 0.648788 0
      vertex 3.41423 0.834686 0
      vertex 3.43256 0.779221 0
    endloop
  endfacet
  facet normal 0 0 -1
    outer loop
      vertex 3.19965 0.648788 0
      vertex 3.43256 0.779221 0
      vertex 3.45859 0.701584 0
    endloop
  endfacet
  facet normal 0 0 -1
    outer loop
      vertex 3.19965 0.648788 0
      vertex 3.45859 0.701584 0
      vertex 3.49234 0.601776 0
    endloop
  endfacet
  facet normal 0 0 -1
    outer loop
      vertex 3.19965 0.648788 0
      vertex 3.49234 0.601776 0
      vertex 3.53381 0.479767 0
    endloop
  endfacet
  facet normal 0 0 -1
    outer loop
      vertex 3.19965 0.648788 0
      vertex 3.53381 0.479767 0
      vertex 3.58301 0.335587 0
    endloop
  endfacet
  facet normal 0 0 -1
    outer loop
      vertex 2.89803 -0.230042 0
      vertex 3.58301 0.335587 0
      vertex 3.63991 0.16922 0
    endloop
  endfacet
  facet normal 0 0 -1
    outer loop
      vertex 2.89803 -0.230042 0
      vertex 3.63991 0.16922 0
      vertex 3.70453 -0.0193176 0
    endloop
  endfacet
  facet normal 0 0 -1
    outer loop
      vertex 2.89803 -0.230042 0
      vertex 3.70453 -0.0193176 0
      vertex 3.77687 -0.230042 0
    endloop
  endfacet
  facet normal -0 0 -1
    outer loop
      vertex 3.41423 0.834686 0
      vertex 3.19965 0.648788 0
      vertex 3.29294 0.943893 0
    endloop
  endfacet
  facet normal -0 0 -1
    outer loop
      vertex 3.58301 0.335587 0
      vertex 2.89803 -0.230042 0
      vertex 3.19965 0.648788 0
    endloop
  endfacet
  facet normal 0 0 -1
    outer loop
      vertex 0.8703 0.164886 0
      vertex 0.0500488 1.0676 0
      vertex 0.8703 1.0676 0
    endloop
  endfacet
  facet normal 0 0 -1
    outer loop
      vertex 0.0326691 0.164886 0
      vertex 0.0500488 1.0676 0
      vertex 0.8703 0.164886 0
    endloop
  endfacet
  facet normal 0 0 -1
    outer loop
      vertex -0.0254974 0.166382 0
      vertex 0.0500488 1.0676 0
      vertex 0.0326691 0.164886 0
    endloop
  endfacet
  facet normal 0 0 -1
    outer loop
      vertex -0.0254974 0.166382 0
      vertex -0.0683441 1.06216 0
      vertex 0.0500488 1.0676 0
    endloop
  endfacet
  facet normal 0 0 -1
    outer loop
      vertex -0.0804596 0.170883 0
      vertex -0.0683441 1.06216 0
      vertex -0.0254974 0.166382 0
    endloop
  endfacet
  facet normal 0 0 -1
    outer loop
      vertex -0.132217 0.178375 0
      vertex -0.0683441 1.06216 0
      vertex -0.0804596 0.170883 0
    endloop
  endfacet
  facet normal 0 0 -1
    outer loop
      vertex -0.132217 0.178375 0
      vertex -0.172836 1.04585 0
      vertex -0.0683441 1.06216 0
    endloop
  endfacet
  facet normal 0 0 -1
    outer loop
      vertex -0.180756 0.188889 0
      vertex -0.172836 1.04585 0
      vertex -0.132217 0.178375 0
    endloop
  endfacet
  facet normal 0 0 -1
    outer loop
      vertex -0.512421 0.57959 0
      vertex -0.180756 0.188889 0
      vertex -0.226089 0.202377 0
    endloop
  endfacet
  facet normal 0 0 -1
    outer loop
      vertex -0.180756 0.188889 0
      vertex -0.51413 0.62709 0
      vertex -0.172836 1.04585 0
    endloop
  endfacet
  facet normal 0 0 -1
    outer loop
      vertex -0.507278 0.5345 0
      vertex -0.226089 0.202377 0
      vertex -0.268204 0.218887 0
    endloop
  endfacet
  facet normal 0 0 -1
    outer loop
      vertex -0.507278 0.5345 0
      vertex -0.268204 0.218887 0
      vertex -0.307098 0.238388 0
    endloop
  endfacet
  facet normal 0 0 -1
    outer loop
      vertex -0.172836 1.04585 0
      vertex -0.51413 0.62709 0
      vertex -0.263382 1.01866 0
    endloop
  endfacet
  facet normal 0 0 -1
    outer loop
      vertex -0.498703 0.491821 0
      vertex -0.307098 0.238388 0
      vertex -0.342773 0.26088 0
    endloop
  endfacet
  facet normal 0 0 -1
    outer loop
      vertex -0.498703 0.491821 0
      vertex -0.342773 0.26088 0
      vertex -0.375244 0.286377 0
    endloop
  endfacet
  facet normal 0 -0 -1
    outer loop
      vertex -0.507172 0.719543 0
      vertex -0.263382 1.01866 0
      vertex -0.51413 0.62709 0
    endloop
  endfacet
  facet normal 0 0 -1
    outer loop
      vertex -0.498703 0.491821 0
      vertex -0.375244 0.286377 0
      vertex -0.404404 0.31459 0
    endloop
  endfacet
  facet normal 0 0 -1
    outer loop
      vertex -0.498703 0.491821 0
      vertex -0.404404 0.31459 0
      vertex -0.430115 0.345215 0
    endloop
  endfacet
  facet normal 0 0 -1
    outer loop
      vertex -0.263382 1.01866 0
      vertex -0.507172 0.719543 0
      vertex -0.339996 0.980591 0
    endloop
  endfacet
  facet normal 0 0 -1
    outer loop
      vertex -0.498703 0.491821 0
      vertex -0.430115 0.345215 0
      vertex -0.452408 0.37825 0
    endloop
  endfacet
  facet normal 0 0 -1
    outer loop
      vertex -0.486694 0.451553 0
      vertex -0.452408 0.37825 0
      vertex -0.471268 0.413696 0
    endloop
  endfacet
  facet normal 0 0 -1
    outer loop
      vertex -0.180756 0.188889 0
      vertex -0.512421 0.57959 0
      vertex -0.51413 0.62709 0
    endloop
  endfacet
  facet normal 0 0 -1
    outer loop
      vertex -0.498703 0.491821 0
      vertex -0.452408 0.37825 0
      vertex -0.486694 0.451553 0
    endloop
  endfacet
  facet normal 0 0 -1
    outer loop
      vertex -0.307098 0.238388 0
      vertex -0.498703 0.491821 0
      vertex -0.507278 0.5345 0
    endloop
  endfacet
  facet normal 0 -0 -1
    outer loop
      vertex -0.486267 0.801117 0
      vertex -0.339996 0.980591 0
      vertex -0.507172 0.719543 0
    endloop
  endfacet
  facet normal 0 0 -1
    outer loop
      vertex -0.226089 0.202377 0
      vertex -0.507278 0.5345 0
      vertex -0.512421 0.57959 0
    endloop
  endfacet
  facet normal 0 0 -1
    outer loop
      vertex -0.339996 0.980591 0
      vertex -0.486267 0.801117 0
      vertex -0.402679 0.931641 0
    endloop
  endfacet
  facet normal 0 0 -1
    outer loop
      vertex -0.402679 0.931641 0
      vertex -0.486267 0.801117 0
      vertex -0.451447 0.871811 0
    endloop
  endfacet
  facet normal 0.998796 0.049066 0
    outer loop
      vertex 7.6 3 3.55
      vertex 7.59037 3.19603 0
      vertex 7.59037 3.19603 3.55
    endloop
  endfacet
  facet normal 0.998796 0.049066 0
    outer loop
      vertex 7.59037 3.19603 0
      vertex 7.6 3 3.55
      vertex 7.6 3 0
    endloop
  endfacet
  facet normal -0.595695 -0.80321 0
    outer loop
      vertex -6.86879 -4.54602 0
      vertex -6.71114 -4.66294 3.55
      vertex -6.86879 -4.54602 3.55
    endloop
  endfacet
  facet normal -0.595695 -0.80321 -0
    outer loop
      vertex -6.71114 -4.66294 3.55
      vertex -6.86879 -4.54602 0
      vertex -6.71114 -4.66294 0
    endloop
  endfacet
  facet normal 0.146733 0.989176 -0
    outer loop
      vertex 5.99018 4.96157 0
      vertex 5.79603 4.99037 3.55
      vertex 5.99018 4.96157 3.55
    endloop
  endfacet
  facet normal 0.146733 0.989176 0
    outer loop
      vertex 5.79603 4.99037 3.55
      vertex 5.99018 4.96157 0
      vertex 5.79603 4.99037 0
    endloop
  endfacet
  facet normal -0.998796 -0.049066 0
    outer loop
      vertex -7.59037 -3.19603 0
      vertex -7.6 -3 3.55
      vertex -7.6 -3 0
    endloop
  endfacet
  facet normal -0.998796 -0.049066 0
    outer loop
      vertex -7.6 -3 3.55
      vertex -7.59037 -3.19603 0
      vertex -7.59037 -3.19603 3.55
    endloop
  endfacet
  facet normal -0.80321 0.595695 0
    outer loop
      vertex -7.26294 4.11114 0
      vertex -7.14602 4.26879 3.55
      vertex -7.14602 4.26879 0
    endloop
  endfacet
  facet normal -0.80321 0.595695 0
    outer loop
      vertex -7.14602 4.26879 3.55
      vertex -7.26294 4.11114 0
      vertex -7.26294 4.11114 3.55
    endloop
  endfacet
  facet normal -0.740928 -0.671584 0
    outer loop
      vertex -7.01421 -4.41421 0
      vertex -7.14602 -4.26879 3.55
      vertex -7.14602 -4.26879 0
    endloop
  endfacet
  facet normal -0.740928 -0.671584 0
    outer loop
      vertex -7.14602 -4.26879 3.55
      vertex -7.01421 -4.41421 0
      vertex -7.01421 -4.41421 3.55
    endloop
  endfacet
  facet normal 0.998796 -0.049066 0
    outer loop
      vertex 7.59037 -3.19603 3.55
      vertex 7.6 -3 0
      vertex 7.6 -3 3.55
    endloop
  endfacet
  facet normal 0.998796 -0.049066 0
    outer loop
      vertex 7.6 -3 0
      vertex 7.59037 -3.19603 3.55
      vertex 7.59037 -3.19603 0
    endloop
  endfacet
  facet normal -0.989176 -0.146733 0
    outer loop
      vertex -7.56157 -3.39018 0
      vertex -7.59037 -3.19603 3.55
      vertex -7.59037 -3.19603 0
    endloop
  endfacet
  facet normal -0.989176 -0.146733 0
    outer loop
      vertex -7.59037 -3.19603 3.55
      vertex -7.56157 -3.39018 0
      vertex -7.56157 -3.39018 3.55
    endloop
  endfacet
  facet normal -1 0 0
    outer loop
      vertex -7.6 -3 0
      vertex -7.6 3 3.55
      vertex -7.6 3 0
    endloop
  endfacet
  facet normal -1 -0 0
    outer loop
      vertex -7.6 3 3.55
      vertex -7.6 -3 0
      vertex -7.6 -3 3.55
    endloop
  endfacet
  facet normal -0.998796 0.049066 0
    outer loop
      vertex -7.6 3 0
      vertex -7.59037 3.19603 3.55
      vertex -7.59037 3.19603 0
    endloop
  endfacet
  facet normal -0.998796 0.049066 0
    outer loop
      vertex -7.59037 3.19603 3.55
      vertex -7.6 3 0
      vertex -7.6 3 3.55
    endloop
  endfacet
  facet normal -0.989176 0.146733 0
    outer loop
      vertex -7.59037 3.19603 0
      vertex -7.56157 3.39018 3.55
      vertex -7.56157 3.39018 0
    endloop
  endfacet
  facet normal -0.989176 0.146733 0
    outer loop
      vertex -7.56157 3.39018 3.55
      vertex -7.59037 3.19603 0
      vertex -7.59037 3.19603 3.55
    endloop
  endfacet
  facet normal -0.595695 0.80321 0
    outer loop
      vertex -6.71114 4.66294 0
      vertex -6.86879 4.54602 3.55
      vertex -6.71114 4.66294 3.55
    endloop
  endfacet
  facet normal -0.595695 0.80321 0
    outer loop
      vertex -6.86879 4.54602 3.55
      vertex -6.71114 4.66294 0
      vertex -6.86879 4.54602 0
    endloop
  endfacet
  facet normal -0.514084 -0.85774 0
    outer loop
      vertex -6.71114 -4.66294 0
      vertex -6.54279 -4.76384 3.55
      vertex -6.71114 -4.66294 3.55
    endloop
  endfacet
  facet normal -0.514084 -0.85774 -0
    outer loop
      vertex -6.54279 -4.76384 3.55
      vertex -6.71114 -4.66294 0
      vertex -6.54279 -4.76384 0
    endloop
  endfacet
  facet normal -0.336879 0.941548 0
    outer loop
      vertex -6.18057 4.91388 0
      vertex -6.36537 4.84776 3.55
      vertex -6.18057 4.91388 3.55
    endloop
  endfacet
  facet normal -0.336879 0.941548 0
    outer loop
      vertex -6.36537 4.84776 3.55
      vertex -6.18057 4.91388 0
      vertex -6.36537 4.84776 0
    endloop
  endfacet
  facet normal 0 1 -0
    outer loop
      vertex 5.6 5 0
      vertex -5.6 5 3.55
      vertex 5.6 5 3.55
    endloop
  endfacet
  facet normal 0 1 0
    outer loop
      vertex -5.6 5 3.55
      vertex 5.6 5 0
      vertex -5.6 5 0
    endloop
  endfacet
  facet normal 0.049066 0.998796 -0
    outer loop
      vertex 5.79603 4.99037 0
      vertex 5.6 5 3.55
      vertex 5.79603 4.99037 3.55
    endloop
  endfacet
  facet normal 0.049066 0.998796 0
    outer loop
      vertex 5.6 5 3.55
      vertex 5.79603 4.99037 0
      vertex 5.6 5 0
    endloop
  endfacet
  facet normal 0.80321 0.595695 0
    outer loop
      vertex 7.26294 4.11114 3.55
      vertex 7.14602 4.26879 0
      vertex 7.14602 4.26879 3.55
    endloop
  endfacet
  facet normal 0.80321 0.595695 0
    outer loop
      vertex 7.14602 4.26879 0
      vertex 7.26294 4.11114 3.55
      vertex 7.26294 4.11114 0
    endloop
  endfacet
  facet normal -0.242979 -0.970032 0
    outer loop
      vertex -6.18057 -4.91388 0
      vertex -5.99018 -4.96157 3.55
      vertex -6.18057 -4.91388 3.55
    endloop
  endfacet
  facet normal -0.242979 -0.970032 -0
    outer loop
      vertex -5.99018 -4.96157 3.55
      vertex -6.18057 -4.91388 0
      vertex -5.99018 -4.96157 0
    endloop
  endfacet
  facet normal -0.049066 -0.998796 0
    outer loop
      vertex -5.79603 -4.99037 0
      vertex -5.6 -5 3.55
      vertex -5.79603 -4.99037 3.55
    endloop
  endfacet
  facet normal -0.049066 -0.998796 -0
    outer loop
      vertex -5.6 -5 3.55
      vertex -5.79603 -4.99037 0
      vertex -5.6 -5 0
    endloop
  endfacet
  facet normal 0 -1 0
    outer loop
      vertex -5.6 -5 0
      vertex 5.6 -5 3.55
      vertex -5.6 -5 3.55
    endloop
  endfacet
  facet normal 0 -1 -0
    outer loop
      vertex 5.6 -5 3.55
      vertex -5.6 -5 0
      vertex 5.6 -5 0
    endloop
  endfacet
  facet normal 1 -0 0
    outer loop
      vertex 7.6 -3 3.55
      vertex 7.6 3 0
      vertex 7.6 3 3.55
    endloop
  endfacet
  facet normal 1 0 0
    outer loop
      vertex 7.6 3 0
      vertex 7.6 -3 3.55
      vertex 7.6 -3 0
    endloop
  endfacet
  facet normal 0.740928 -0.671584 0
    outer loop
      vertex 7.01421 -4.41421 3.55
      vertex 7.14602 -4.26879 0
      vertex 7.14602 -4.26879 3.55
    endloop
  endfacet
  facet normal 0.740928 -0.671584 0
    outer loop
      vertex 7.14602 -4.26879 0
      vertex 7.01421 -4.41421 3.55
      vertex 7.01421 -4.41421 0
    endloop
  endfacet
  facet normal 0.514084 -0.85774 0
    outer loop
      vertex 6.54279 -4.76384 0
      vertex 6.71114 -4.66294 3.55
      vertex 6.54279 -4.76384 3.55
    endloop
  endfacet
  facet normal 0.514084 -0.85774 0
    outer loop
      vertex 6.71114 -4.66294 3.55
      vertex 6.54279 -4.76384 0
      vertex 6.71114 -4.66294 0
    endloop
  endfacet
  facet normal 0.85774 -0.514084 0
    outer loop
      vertex 7.26294 -4.11114 3.55
      vertex 7.36384 -3.94279 0
      vertex 7.36384 -3.94279 3.55
    endloop
  endfacet
  facet normal 0.85774 -0.514084 0
    outer loop
      vertex 7.36384 -3.94279 0
      vertex 7.26294 -4.11114 3.55
      vertex 7.26294 -4.11114 0
    endloop
  endfacet
  facet normal 0.989176 -0.146733 0
    outer loop
      vertex 7.56157 -3.39018 3.55
      vertex 7.59037 -3.19603 0
      vertex 7.59037 -3.19603 3.55
    endloop
  endfacet
  facet normal 0.989176 -0.146733 0
    outer loop
      vertex 7.59037 -3.19603 0
      vertex 7.56157 -3.39018 3.55
      vertex 7.56157 -3.39018 0
    endloop
  endfacet
  facet normal -0.427583 0.903976 0
    outer loop
      vertex -6.36537 4.84776 0
      vertex -6.54279 4.76384 3.55
      vertex -6.36537 4.84776 3.55
    endloop
  endfacet
  facet normal -0.427583 0.903976 0
    outer loop
      vertex -6.54279 4.76384 3.55
      vertex -6.36537 4.84776 0
      vertex -6.54279 4.76384 0
    endloop
  endfacet
  facet normal -0.671584 -0.740928 0
    outer loop
      vertex -7.01421 -4.41421 0
      vertex -6.86879 -4.54602 3.55
      vertex -7.01421 -4.41421 3.55
    endloop
  endfacet
  facet normal -0.671584 -0.740928 -0
    outer loop
      vertex -6.86879 -4.54602 3.55
      vertex -7.01421 -4.41421 0
      vertex -6.86879 -4.54602 0
    endloop
  endfacet
  facet normal -0.146733 0.989176 0
    outer loop
      vertex -5.79603 4.99037 0
      vertex -5.99018 4.96157 3.55
      vertex -5.79603 4.99037 3.55
    endloop
  endfacet
  facet normal -0.146733 0.989176 0
    outer loop
      vertex -5.99018 4.96157 3.55
      vertex -5.79603 4.99037 0
      vertex -5.99018 4.96157 0
    endloop
  endfacet
  facet normal -0.049066 0.998796 0
    outer loop
      vertex -5.6 5 0
      vertex -5.79603 4.99037 3.55
      vertex -5.6 5 3.55
    endloop
  endfacet
  facet normal -0.049066 0.998796 0
    outer loop
      vertex -5.79603 4.99037 3.55
      vertex -5.6 5 0
      vertex -5.79603 4.99037 0
    endloop
  endfacet
  facet normal -0.242979 0.970032 0
    outer loop
      vertex -5.99018 4.96157 0
      vertex -6.18057 4.91388 3.55
      vertex -5.99018 4.96157 3.55
    endloop
  endfacet
  facet normal -0.242979 0.970032 0
    outer loop
      vertex -6.18057 4.91388 3.55
      vertex -5.99018 4.96157 0
      vertex -6.18057 4.91388 0
    endloop
  endfacet
  facet normal 0.514084 0.85774 -0
    outer loop
      vertex 6.71114 4.66294 0
      vertex 6.54279 4.76384 3.55
      vertex 6.71114 4.66294 3.55
    endloop
  endfacet
  facet normal 0.514084 0.85774 0
    outer loop
      vertex 6.54279 4.76384 3.55
      vertex 6.71114 4.66294 0
      vertex 6.54279 4.76384 0
    endloop
  endfacet
  facet normal 0.941548 0.336879 0
    outer loop
      vertex 7.51388 3.58057 3.55
      vertex 7.44776 3.76537 0
      vertex 7.44776 3.76537 3.55
    endloop
  endfacet
  facet normal 0.941548 0.336879 0
    outer loop
      vertex 7.44776 3.76537 0
      vertex 7.51388 3.58057 3.55
      vertex 7.51388 3.58057 0
    endloop
  endfacet
  facet normal 0.903976 0.427583 0
    outer loop
      vertex 7.44776 3.76537 3.55
      vertex 7.36384 3.94279 0
      vertex 7.36384 3.94279 3.55
    endloop
  endfacet
  facet normal 0.903976 0.427583 0
    outer loop
      vertex 7.36384 3.94279 0
      vertex 7.44776 3.76537 3.55
      vertex 7.44776 3.76537 0
    endloop
  endfacet
  facet normal 0.336879 -0.941548 0
    outer loop
      vertex 6.18057 -4.91388 0
      vertex 6.36537 -4.84776 3.55
      vertex 6.18057 -4.91388 3.55
    endloop
  endfacet
  facet normal 0.336879 -0.941548 0
    outer loop
      vertex 6.36537 -4.84776 3.55
      vertex 6.18057 -4.91388 0
      vertex 6.36537 -4.84776 0
    endloop
  endfacet
  facet normal 0.427583 -0.903976 0
    outer loop
      vertex 6.36537 -4.84776 0
      vertex 6.54279 -4.76384 3.55
      vertex 6.36537 -4.84776 3.55
    endloop
  endfacet
  facet normal 0.427583 -0.903976 0
    outer loop
      vertex 6.54279 -4.76384 3.55
      vertex 6.36537 -4.84776 0
      vertex 6.54279 -4.76384 0
    endloop
  endfacet
  facet normal 0.80321 -0.595695 0
    outer loop
      vertex 7.14602 -4.26879 3.55
      vertex 7.26294 -4.11114 0
      vertex 7.26294 -4.11114 3.55
    endloop
  endfacet
  facet normal 0.80321 -0.595695 0
    outer loop
      vertex 7.26294 -4.11114 0
      vertex 7.14602 -4.26879 3.55
      vertex 7.14602 -4.26879 0
    endloop
  endfacet
  facet normal 0.595695 -0.80321 0
    outer loop
      vertex 6.71114 -4.66294 0
      vertex 6.86879 -4.54602 3.55
      vertex 6.71114 -4.66294 3.55
    endloop
  endfacet
  facet normal 0.595695 -0.80321 0
    outer loop
      vertex 6.86879 -4.54602 3.55
      vertex 6.71114 -4.66294 0
      vertex 6.86879 -4.54602 0
    endloop
  endfacet
  facet normal 0.671584 -0.740928 0
    outer loop
      vertex 6.86879 -4.54602 0
      vertex 7.01421 -4.41421 3.55
      vertex 6.86879 -4.54602 3.55
    endloop
  endfacet
  facet normal 0.671584 -0.740928 0
    outer loop
      vertex 7.01421 -4.41421 3.55
      vertex 6.86879 -4.54602 0
      vertex 7.01421 -4.41421 0
    endloop
  endfacet
  facet normal 0.903976 -0.427583 0
    outer loop
      vertex 7.36384 -3.94279 3.55
      vertex 7.44776 -3.76537 0
      vertex 7.44776 -3.76537 3.55
    endloop
  endfacet
  facet normal 0.903976 -0.427583 0
    outer loop
      vertex 7.44776 -3.76537 0
      vertex 7.36384 -3.94279 3.55
      vertex 7.36384 -3.94279 0
    endloop
  endfacet
  facet normal 0.970032 -0.242979 0
    outer loop
      vertex 7.51388 -3.58057 3.55
      vertex 7.56157 -3.39018 0
      vertex 7.56157 -3.39018 3.55
    endloop
  endfacet
  facet normal 0.970032 -0.242979 0
    outer loop
      vertex 7.56157 -3.39018 0
      vertex 7.51388 -3.58057 3.55
      vertex 7.51388 -3.58057 0
    endloop
  endfacet
  facet normal 0.941548 -0.336879 0
    outer loop
      vertex 7.44776 -3.76537 3.55
      vertex 7.51388 -3.58057 0
      vertex 7.51388 -3.58057 3.55
    endloop
  endfacet
  facet normal 0.941548 -0.336879 0
    outer loop
      vertex 7.51388 -3.58057 0
      vertex 7.44776 -3.76537 3.55
      vertex 7.44776 -3.76537 0
    endloop
  endfacet
  facet normal -0.941548 0.336879 0
    outer loop
      vertex -7.51388 3.58057 0
      vertex -7.44776 3.76537 3.55
      vertex -7.44776 3.76537 0
    endloop
  endfacet
  facet normal -0.941548 0.336879 0
    outer loop
      vertex -7.44776 3.76537 3.55
      vertex -7.51388 3.58057 0
      vertex -7.51388 3.58057 3.55
    endloop
  endfacet
  facet normal -0.514084 0.85774 0
    outer loop
      vertex -6.54279 4.76384 0
      vertex -6.71114 4.66294 3.55
      vertex -6.54279 4.76384 3.55
    endloop
  endfacet
  facet normal -0.514084 0.85774 0
    outer loop
      vertex -6.71114 4.66294 3.55
      vertex -6.54279 4.76384 0
      vertex -6.71114 4.66294 0
    endloop
  endfacet
  facet normal -0.85774 -0.514084 0
    outer loop
      vertex -7.26294 -4.11114 0
      vertex -7.36384 -3.94279 3.55
      vertex -7.36384 -3.94279 0
    endloop
  endfacet
  facet normal -0.85774 -0.514084 0
    outer loop
      vertex -7.36384 -3.94279 3.55
      vertex -7.26294 -4.11114 0
      vertex -7.26294 -4.11114 3.55
    endloop
  endfacet
  facet normal -0.903976 -0.427583 0
    outer loop
      vertex -7.36384 -3.94279 0
      vertex -7.44776 -3.76537 3.55
      vertex -7.44776 -3.76537 0
    endloop
  endfacet
  facet normal -0.903976 -0.427583 0
    outer loop
      vertex -7.44776 -3.76537 3.55
      vertex -7.36384 -3.94279 0
      vertex -7.36384 -3.94279 3.55
    endloop
  endfacet
  facet normal 0.242979 0.970032 -0
    outer loop
      vertex 6.18057 4.91388 0
      vertex 5.99018 4.96157 3.55
      vertex 6.18057 4.91388 3.55
    endloop
  endfacet
  facet normal 0.242979 0.970032 0
    outer loop
      vertex 5.99018 4.96157 3.55
      vertex 6.18057 4.91388 0
      vertex 5.99018 4.96157 0
    endloop
  endfacet
  facet normal 0.336879 0.941548 -0
    outer loop
      vertex 6.36537 4.84776 0
      vertex 6.18057 4.91388 3.55
      vertex 6.36537 4.84776 3.55
    endloop
  endfacet
  facet normal 0.336879 0.941548 0
    outer loop
      vertex 6.18057 4.91388 3.55
      vertex 6.36537 4.84776 0
      vertex 6.18057 4.91388 0
    endloop
  endfacet
  facet normal 0.427583 0.903976 -0
    outer loop
      vertex 6.54279 4.76384 0
      vertex 6.36537 4.84776 3.55
      vertex 6.54279 4.76384 3.55
    endloop
  endfacet
  facet normal 0.427583 0.903976 0
    outer loop
      vertex 6.36537 4.84776 3.55
      vertex 6.54279 4.76384 0
      vertex 6.36537 4.84776 0
    endloop
  endfacet
  facet normal 0.671584 0.740928 -0
    outer loop
      vertex 7.01421 4.41421 0
      vertex 6.86879 4.54602 3.55
      vertex 7.01421 4.41421 3.55
    endloop
  endfacet
  facet normal 0.671584 0.740928 0
    outer loop
      vertex 6.86879 4.54602 3.55
      vertex 7.01421 4.41421 0
      vertex 6.86879 4.54602 0
    endloop
  endfacet
  facet normal 0.740928 0.671584 0
    outer loop
      vertex 7.14602 4.26879 3.55
      vertex 7.01421 4.41421 0
      vertex 7.01421 4.41421 3.55
    endloop
  endfacet
  facet normal 0.740928 0.671584 0
    outer loop
      vertex 7.01421 4.41421 0
      vertex 7.14602 4.26879 3.55
      vertex 7.14602 4.26879 0
    endloop
  endfacet
  facet normal 0.595695 0.80321 -0
    outer loop
      vertex 6.86879 4.54602 0
      vertex 6.71114 4.66294 3.55
      vertex 6.86879 4.54602 3.55
    endloop
  endfacet
  facet normal 0.595695 0.80321 0
    outer loop
      vertex 6.71114 4.66294 3.55
      vertex 6.86879 4.54602 0
      vertex 6.71114 4.66294 0
    endloop
  endfacet
  facet normal 0.970032 0.242979 0
    outer loop
      vertex 7.56157 3.39018 3.55
      vertex 7.51388 3.58057 0
      vertex 7.51388 3.58057 3.55
    endloop
  endfacet
  facet normal 0.970032 0.242979 0
    outer loop
      vertex 7.51388 3.58057 0
      vertex 7.56157 3.39018 3.55
      vertex 7.56157 3.39018 0
    endloop
  endfacet
  facet normal 0.989176 0.146733 0
    outer loop
      vertex 7.59037 3.19603 3.55
      vertex 7.56157 3.39018 0
      vertex 7.56157 3.39018 3.55
    endloop
  endfacet
  facet normal 0.989176 0.146733 0
    outer loop
      vertex 7.56157 3.39018 0
      vertex 7.59037 3.19603 3.55
      vertex 7.59037 3.19603 0
    endloop
  endfacet
  facet normal 0.85774 0.514084 0
    outer loop
      vertex 7.36384 3.94279 3.55
      vertex 7.26294 4.11114 0
      vertex 7.26294 4.11114 3.55
    endloop
  endfacet
  facet normal 0.85774 0.514084 0
    outer loop
      vertex 7.26294 4.11114 0
      vertex 7.36384 3.94279 3.55
      vertex 7.36384 3.94279 0
    endloop
  endfacet
  facet normal -0.336879 -0.941548 0
    outer loop
      vertex -6.36537 -4.84776 0
      vertex -6.18057 -4.91388 3.55
      vertex -6.36537 -4.84776 3.55
    endloop
  endfacet
  facet normal -0.336879 -0.941548 -0
    outer loop
      vertex -6.18057 -4.91388 3.55
      vertex -6.36537 -4.84776 0
      vertex -6.18057 -4.91388 0
    endloop
  endfacet
  facet normal -0.427583 -0.903976 0
    outer loop
      vertex -6.54279 -4.76384 0
      vertex -6.36537 -4.84776 3.55
      vertex -6.54279 -4.76384 3.55
    endloop
  endfacet
  facet normal -0.427583 -0.903976 -0
    outer loop
      vertex -6.36537 -4.84776 3.55
      vertex -6.54279 -4.76384 0
      vertex -6.36537 -4.84776 0
    endloop
  endfacet
  facet normal -0.146733 -0.989176 0
    outer loop
      vertex -5.99018 -4.96157 0
      vertex -5.79603 -4.99037 3.55
      vertex -5.99018 -4.96157 3.55
    endloop
  endfacet
  facet normal -0.146733 -0.989176 -0
    outer loop
      vertex -5.79603 -4.99037 3.55
      vertex -5.99018 -4.96157 0
      vertex -5.79603 -4.99037 0
    endloop
  endfacet
  facet normal -0.970032 0.242979 0
    outer loop
      vertex -7.56157 3.39018 0
      vertex -7.51388 3.58057 3.55
      vertex -7.51388 3.58057 0
    endloop
  endfacet
  facet normal -0.970032 0.242979 0
    outer loop
      vertex -7.51388 3.58057 3.55
      vertex -7.56157 3.39018 0
      vertex -7.56157 3.39018 3.55
    endloop
  endfacet
  facet normal -0.740928 0.671584 0
    outer loop
      vertex -7.14602 4.26879 0
      vertex -7.01421 4.41421 3.55
      vertex -7.01421 4.41421 0
    endloop
  endfacet
  facet normal -0.740928 0.671584 0
    outer loop
      vertex -7.01421 4.41421 3.55
      vertex -7.14602 4.26879 0
      vertex -7.14602 4.26879 3.55
    endloop
  endfacet
  facet normal -0.671584 0.740928 0
    outer loop
      vertex -6.86879 4.54602 0
      vertex -7.01421 4.41421 3.55
      vertex -6.86879 4.54602 3.55
    endloop
  endfacet
  facet normal -0.671584 0.740928 0
    outer loop
      vertex -7.01421 4.41421 3.55
      vertex -6.86879 4.54602 0
      vertex -7.01421 4.41421 0
    endloop
  endfacet
  facet normal -0.80321 -0.595695 0
    outer loop
      vertex -7.14602 -4.26879 0
      vertex -7.26294 -4.11114 3.55
      vertex -7.26294 -4.11114 0
    endloop
  endfacet
  facet normal -0.80321 -0.595695 0
    outer loop
      vertex -7.26294 -4.11114 3.55
      vertex -7.14602 -4.26879 0
      vertex -7.14602 -4.26879 3.55
    endloop
  endfacet
  facet normal -0.941548 -0.336879 0
    outer loop
      vertex -7.44776 -3.76537 0
      vertex -7.51388 -3.58057 3.55
      vertex -7.51388 -3.58057 0
    endloop
  endfacet
  facet normal -0.941548 -0.336879 0
    outer loop
      vertex -7.51388 -3.58057 3.55
      vertex -7.44776 -3.76537 0
      vertex -7.44776 -3.76537 3.55
    endloop
  endfacet
  facet normal -0.970032 -0.242979 0
    outer loop
      vertex -7.51388 -3.58057 0
      vertex -7.56157 -3.39018 3.55
      vertex -7.56157 -3.39018 0
    endloop
  endfacet
  facet normal -0.970032 -0.242979 0
    outer loop
      vertex -7.56157 -3.39018 3.55
      vertex -7.51388 -3.58057 0
      vertex -7.51388 -3.58057 3.55
    endloop
  endfacet
  facet normal 0.049066 -0.998796 0
    outer loop
      vertex 5.6 -5 0
      vertex 5.79603 -4.99037 3.55
      vertex 5.6 -5 3.55
    endloop
  endfacet
  facet normal 0.049066 -0.998796 0
    outer loop
      vertex 5.79603 -4.99037 3.55
      vertex 5.6 -5 0
      vertex 5.79603 -4.99037 0
    endloop
  endfacet
  facet normal 0.146733 -0.989176 0
    outer loop
      vertex 5.79603 -4.99037 0
      vertex 5.99018 -4.96157 3.55
      vertex 5.79603 -4.99037 3.55
    endloop
  endfacet
  facet normal 0.146733 -0.989176 0
    outer loop
      vertex 5.99018 -4.96157 3.55
      vertex 5.79603 -4.99037 0
      vertex 5.99018 -4.96157 0
    endloop
  endfacet
  facet normal 0.242979 -0.970032 0
    outer loop
      vertex 5.99018 -4.96157 0
      vertex 6.18057 -4.91388 3.55
      vertex 5.99018 -4.96157 3.55
    endloop
  endfacet
  facet normal 0.242979 -0.970032 0
    outer loop
      vertex 6.18057 -4.91388 3.55
      vertex 5.99018 -4.96157 0
      vertex 6.18057 -4.91388 0
    endloop
  endfacet
  facet normal -0.85774 0.514084 0
    outer loop
      vertex -7.36384 3.94279 0
      vertex -7.26294 4.11114 3.55
      vertex -7.26294 4.11114 0
    endloop
  endfacet
  facet normal -0.85774 0.514084 0
    outer loop
      vertex -7.26294 4.11114 3.55
      vertex -7.36384 3.94279 0
      vertex -7.36384 3.94279 3.55
    endloop
  endfacet
  facet normal -0.903976 0.427583 0
    outer loop
      vertex -7.44776 3.76537 0
      vertex -7.36384 3.94279 3.55
      vertex -7.36384 3.94279 0
    endloop
  endfacet
  facet normal -0.903976 0.427583 0
    outer loop
      vertex -7.36384 3.94279 3.55
      vertex -7.44776 3.76537 0
      vertex -7.44776 3.76537 3.55
    endloop
  endfacet
  facet normal 0.740988 -0.671519 0
    outer loop
      vertex 8.32635 -5.72635 4.55
      vertex 8.47792 -5.5591 3.55
      vertex 8.47792 -5.5591 4.55
    endloop
  endfacet
  facet normal 0.740988 -0.671519 0
    outer loop
      vertex 8.47792 -5.5591 3.55
      vertex 8.32635 -5.72635 4.55
      vertex 8.32635 -5.72635 3.55
    endloop
  endfacet
  facet normal 0.998794 -0.0490891 0
    outer loop
      vertex 8.98892 -4.32544 4.55
      vertex 9 -4.1 3.55
      vertex 9 -4.1 4.55
    endloop
  endfacet
  facet normal 0.998794 -0.0490891 0
    outer loop
      vertex 9 -4.1 3.55
      vertex 8.98892 -4.32544 4.55
      vertex 8.98892 -4.32544 3.55
    endloop
  endfacet
  facet normal -0.970022 0.243015 0
    outer loop
      vertex -8.95581 4.54871 3.55
      vertex -8.90096 4.76765 4.55
      vertex -8.90096 4.76765 3.55
    endloop
  endfacet
  facet normal -0.970022 0.243015 0
    outer loop
      vertex -8.90096 4.76765 4.55
      vertex -8.95581 4.54871 3.55
      vertex -8.95581 4.54871 4.55
    endloop
  endfacet
  facet normal 0 1 -0
    outer loop
      vertex 6.7 6.4 3.55
      vertex -6.7 6.4 4.55
      vertex 6.7 6.4 4.55
    endloop
  endfacet
  facet normal 0 1 0
    outer loop
      vertex -6.7 6.4 4.55
      vertex 6.7 6.4 3.55
      vertex -6.7 6.4 3.55
    endloop
  endfacet
  facet normal 0.336886 -0.941545 0
    outer loop
      vertex 7.36765 -6.30096 3.55
      vertex 7.58017 -6.22492 4.55
      vertex 7.36765 -6.30096 4.55
    endloop
  endfacet
  facet normal 0.336886 -0.941545 0
    outer loop
      vertex 7.58017 -6.22492 4.55
      vertex 7.36765 -6.30096 3.55
      vertex 7.58017 -6.22492 3.55
    endloop
  endfacet
  facet normal 0 -1 0
    outer loop
      vertex -6.7 -6.4 3.55
      vertex 6.7 -6.4 4.55
      vertex -6.7 -6.4 4.55
    endloop
  endfacet
  facet normal 0 -1 -0
    outer loop
      vertex 6.7 -6.4 4.55
      vertex -6.7 -6.4 3.55
      vertex 6.7 -6.4 3.55
    endloop
  endfacet
  facet normal -0.595717 0.803194 0
    outer loop
      vertex -7.97781 6.01238 3.55
      vertex -8.1591 5.87792 4.55
      vertex -7.97781 6.01238 4.55
    endloop
  endfacet
  facet normal -0.595717 0.803194 0
    outer loop
      vertex -8.1591 5.87792 4.55
      vertex -7.97781 6.01238 3.55
      vertex -8.1591 5.87792 3.55
    endloop
  endfacet
  facet normal -0.989182 0.146692 0
    outer loop
      vertex -8.98892 4.32544 3.55
      vertex -8.95581 4.54871 4.55
      vertex -8.95581 4.54871 3.55
    endloop
  endfacet
  facet normal -0.989182 0.146692 0
    outer loop
      vertex -8.95581 4.54871 4.55
      vertex -8.98892 4.32544 3.55
      vertex -8.98892 4.32544 4.55
    endloop
  endfacet
  facet normal 0.857727 -0.514105 0
    outer loop
      vertex 8.61238 -5.37781 4.55
      vertex 8.72842 -5.18421 3.55
      vertex 8.72842 -5.18421 4.55
    endloop
  endfacet
  facet normal 0.857727 -0.514105 0
    outer loop
      vertex 8.72842 -5.18421 3.55
      vertex 8.61238 -5.37781 4.55
      vertex 8.61238 -5.37781 3.55
    endloop
  endfacet
  facet normal 0.970022 0.243015 0
    outer loop
      vertex 8.95581 4.54871 4.55
      vertex 8.90096 4.76765 3.55
      vertex 8.90096 4.76765 4.55
    endloop
  endfacet
  facet normal 0.970022 0.243015 0
    outer loop
      vertex 8.90096 4.76765 3.55
      vertex 8.95581 4.54871 4.55
      vertex 8.95581 4.54871 3.55
    endloop
  endfacet
  facet normal 0.427542 -0.903996 0
    outer loop
      vertex 7.58017 -6.22492 3.55
      vertex 7.78421 -6.12842 4.55
      vertex 7.58017 -6.22492 4.55
    endloop
  endfacet
  facet normal 0.427542 -0.903996 0
    outer loop
      vertex 7.78421 -6.12842 4.55
      vertex 7.58017 -6.22492 3.55
      vertex 7.78421 -6.12842 3.55
    endloop
  endfacet
  facet normal 0.0490891 -0.998794 0
    outer loop
      vertex 6.7 -6.4 3.55
      vertex 6.92544 -6.38892 4.55
      vertex 6.7 -6.4 4.55
    endloop
  endfacet
  facet normal 0.0490891 -0.998794 0
    outer loop
      vertex 6.92544 -6.38892 4.55
      vertex 6.7 -6.4 3.55
      vertex 6.92544 -6.38892 3.55
    endloop
  endfacet
  facet normal 0 0 1
    outer loop
      vertex 6.7 6.4 4.55
      vertex 9 4.1 4.55
      vertex 8.98892 4.32544 4.55
    endloop
  endfacet
  facet normal 0 0 1
    outer loop
      vertex 9 4.1 4.55
      vertex 2.75 0 4.55
      vertex 9 -4.1 4.55
    endloop
  endfacet
  facet normal 0 0 1
    outer loop
      vertex 6.7 6.4 4.55
      vertex 8.98892 4.32544 4.55
      vertex 8.95581 4.54871 4.55
    endloop
  endfacet
  facet normal -0 0 1
    outer loop
      vertex 2.73676 -0.269547 4.55
      vertex 9 -4.1 4.55
      vertex 2.75 0 4.55
    endloop
  endfacet
  facet normal 0 0 1
    outer loop
      vertex 6.7 6.4 4.55
      vertex 8.95581 4.54871 4.55
      vertex 8.90096 4.76765 4.55
    endloop
  endfacet
  facet normal -0 0 1
    outer loop
      vertex 2.69716 -0.536498 4.55
      vertex 9 -4.1 4.55
      vertex 2.73676 -0.269547 4.55
    endloop
  endfacet
  facet normal 0 0 1
    outer loop
      vertex 6.7 6.4 4.55
      vertex 8.90096 4.76765 4.55
      vertex 8.82492 4.98017 4.55
    endloop
  endfacet
  facet normal -0 0 1
    outer loop
      vertex 2.63159 -0.798283 4.55
      vertex 9 -4.1 4.55
      vertex 2.69716 -0.536498 4.55
    endloop
  endfacet
  facet normal 0 0 1
    outer loop
      vertex 6.7 6.4 4.55
      vertex 8.82492 4.98017 4.55
      vertex 8.72842 5.18421 4.55
    endloop
  endfacet
  facet normal -0 0 1
    outer loop
      vertex 2.54067 -1.05238 4.55
      vertex 9 -4.1 4.55
      vertex 2.63159 -0.798283 4.55
    endloop
  endfacet
  facet normal 0 0 1
    outer loop
      vertex 6.7 6.4 4.55
      vertex 8.72842 5.18421 4.55
      vertex 8.61238 5.37781 4.55
    endloop
  endfacet
  facet normal -0 0 1
    outer loop
      vertex 2.42528 -1.29634 4.55
      vertex 9 -4.1 4.55
      vertex 2.54067 -1.05238 4.55
    endloop
  endfacet
  facet normal 0 0 1
    outer loop
      vertex 6.7 6.4 4.55
      vertex 8.61238 5.37781 4.55
      vertex 8.47792 5.5591 4.55
    endloop
  endfacet
  facet normal 0 -0 1
    outer loop
      vertex 6.7 -6.4 4.55
      vertex 9 -4.1 4.55
      vertex 2.42528 -1.29634 4.55
    endloop
  endfacet
  facet normal 0 0 1
    outer loop
      vertex 6.7 6.4 4.55
      vertex 8.47792 5.5591 4.55
      vertex 8.32635 5.72635 4.55
    endloop
  endfacet
  facet normal 0 0 1
    outer loop
      vertex 9 -4.1 4.55
      vertex 6.7 -6.4 4.55
      vertex 8.98892 -4.32544 4.55
    endloop
  endfacet
  facet normal 0 0 1
    outer loop
      vertex 6.7 6.4 4.55
      vertex 8.32635 5.72635 4.55
      vertex 8.1591 5.87792 4.55
    endloop
  endfacet
  facet normal 0 0 1
    outer loop
      vertex 8.98892 -4.32544 4.55
      vertex 6.7 -6.4 4.55
      vertex 8.95581 -4.54871 4.55
    endloop
  endfacet
  facet normal 0 0 1
    outer loop
      vertex 6.7 6.4 4.55
      vertex 8.1591 5.87792 4.55
      vertex 7.97781 6.01238 4.55
    endloop
  endfacet
  facet normal 0 0 1
    outer loop
      vertex 8.90096 -4.76765 4.55
      vertex 6.7 -6.4 4.55
      vertex 8.82492 -4.98017 4.55
    endloop
  endfacet
  facet normal 0 0 1
    outer loop
      vertex 6.7 6.4 4.55
      vertex 7.97781 6.01238 4.55
      vertex 7.78421 6.12842 4.55
    endloop
  endfacet
  facet normal 0 0 1
    outer loop
      vertex 8.82492 -4.98017 4.55
      vertex 6.7 -6.4 4.55
      vertex 8.72842 -5.18421 4.55
    endloop
  endfacet
  facet normal 0 0 1
    outer loop
      vertex 6.7 6.4 4.55
      vertex 7.78421 6.12842 4.55
      vertex 7.58017 6.22492 4.55
    endloop
  endfacet
  facet normal 0 0 1
    outer loop
      vertex 8.72842 -5.18421 4.55
      vertex 6.7 -6.4 4.55
      vertex 8.61238 -5.37781 4.55
    endloop
  endfacet
  facet normal 0 0 1
    outer loop
      vertex 6.7 6.4 4.55
      vertex 7.58017 6.22492 4.55
      vertex 7.36765 6.30096 4.55
    endloop
  endfacet
  facet normal 0 0 1
    outer loop
      vertex 8.61238 -5.37781 4.55
      vertex 6.7 -6.4 4.55
      vertex 8.47792 -5.5591 4.55
    endloop
  endfacet
  facet normal 0 0 1
    outer loop
      vertex 6.7 6.4 4.55
      vertex 7.36765 6.30096 4.55
      vertex 7.14871 6.35581 4.55
    endloop
  endfacet
  facet normal 0 0 1
    outer loop
      vertex 8.47792 -5.5591 4.55
      vertex 6.7 -6.4 4.55
      vertex 8.32635 -5.72635 4.55
    endloop
  endfacet
  facet normal 0 0 1
    outer loop
      vertex 6.7 6.4 4.55
      vertex 7.14871 6.35581 4.55
      vertex 6.92544 6.38892 4.55
    endloop
  endfacet
  facet normal 0 0 1
    outer loop
      vertex 8.32635 -5.72635 4.55
      vertex 6.7 -6.4 4.55
      vertex 8.1591 -5.87792 4.55
    endloop
  endfacet
  facet normal 0 0 1
    outer loop
      vertex 9 4.1 4.55
      vertex 6.7 6.4 4.55
      vertex 2.42528 1.29634 4.55
    endloop
  endfacet
  facet normal 0 0 1
    outer loop
      vertex 8.1591 -5.87792 4.55
      vertex 6.7 -6.4 4.55
      vertex 7.97781 -6.01238 4.55
    endloop
  endfacet
  facet normal 0 0 1
    outer loop
      vertex 7.97781 -6.01238 4.55
      vertex 6.7 -6.4 4.55
      vertex 7.78421 -6.12842 4.55
    endloop
  endfacet
  facet normal 0 0 1
    outer loop
      vertex 9 4.1 4.55
      vertex 2.73676 0.269547 4.55
      vertex 2.75 0 4.55
    endloop
  endfacet
  facet normal 0 0 1
    outer loop
      vertex 9 4.1 4.55
      vertex 2.69716 0.536498 4.55
      vertex 2.73676 0.269547 4.55
    endloop
  endfacet
  facet normal 0 0 1
    outer loop
      vertex 9 4.1 4.55
      vertex 2.63159 0.798283 4.55
      vertex 2.69716 0.536498 4.55
    endloop
  endfacet
  facet normal 0 0 1
    outer loop
      vertex 9 4.1 4.55
      vertex 2.54067 1.05238 4.55
      vertex 2.63159 0.798283 4.55
    endloop
  endfacet
  facet normal 0 0 1
    outer loop
      vertex 9 4.1 4.55
      vertex 2.42528 1.29634 4.55
      vertex 2.54067 1.05238 4.55
    endloop
  endfacet
  facet normal -0 0 1
    outer loop
      vertex 2.03047 3.74348 4.55
      vertex 2.42528 1.29634 4.55
      vertex 6.7 6.4 4.55
    endloop
  endfacet
  facet normal 0 0 1
    outer loop
      vertex 2.42528 1.29634 4.55
      vertex 2.03047 3.74348 4.55
      vertex 2.28654 1.52782 4.55
    endloop
  endfacet
  facet normal 0 0 1
    outer loop
      vertex 2.03047 3.74348 4.55
      vertex 6.7 6.4 4.55
      vertex 2.03047 3.92773 4.55
    endloop
  endfacet
  facet normal 0 0 1
    outer loop
      vertex 6.7 6.4 4.55
      vertex 1.74573 4.98559 4.55
      vertex 2.03047 3.92773 4.55
    endloop
  endfacet
  facet normal 0 0 1
    outer loop
      vertex 6.7 6.4 4.55
      vertex 1.51123 4.98559 4.55
      vertex 1.74573 4.98559 4.55
    endloop
  endfacet
  facet normal -0 0 1
    outer loop
      vertex 1.00688 4.65408 4.55
      vertex 1.20004 4.58888 4.55
      vertex 1.20004 4.7837 4.55
    endloop
  endfacet
  facet normal 0 0 1
    outer loop
      vertex 1.19034 3.92773 4.55
      vertex 1.07008 3.74348 4.55
      vertex 1.19034 3.74348 4.55
    endloop
  endfacet
  facet normal 0 0 1
    outer loop
      vertex 0.985504 4.48138 4.55
      vertex 1.20004 4.58888 4.55
      vertex 0.993744 4.5064 4.55
    endloop
  endfacet
  facet normal 0 0 1
    outer loop
      vertex 1.20004 4.58888 4.55
      vertex 1.00836 4.61533 4.55
      vertex 1.00745 4.58677 4.55
    endloop
  endfacet
  facet normal 0 0 1
    outer loop
      vertex 1.20004 4.58888 4.55
      vertex 1.00688 4.65408 4.55
      vertex 1.00836 4.61533 4.55
    endloop
  endfacet
  facet normal 0 0 1
    outer loop
      vertex 1.20004 4.7837 4.55
      vertex 1.0024 4.69076 4.55
      vertex 1.00688 4.65408 4.55
    endloop
  endfacet
  facet normal -0 0 1
    outer loop
      vertex 0.887589 4.88993 4.55
      vertex 1.20004 4.7837 4.55
      vertex 1.51123 4.98559 4.55
    endloop
  endfacet
  facet normal 0 0 1
    outer loop
      vertex 1.20004 4.7837 4.55
      vertex 0.994949 4.72538 4.55
      vertex 1.0024 4.69076 4.55
    endloop
  endfacet
  facet normal 0 0 1
    outer loop
      vertex 1.20004 4.7837 4.55
      vertex 0.984512 4.75794 4.55
      vertex 0.994949 4.72538 4.55
    endloop
  endfacet
  facet normal 0 0 1
    outer loop
      vertex 1.20004 4.7837 4.55
      vertex 0.971085 4.78846 4.55
      vertex 0.984512 4.75794 4.55
    endloop
  endfacet
  facet normal 0 0 1
    outer loop
      vertex 1.20004 4.7837 4.55
      vertex 0.954681 4.81692 4.55
      vertex 0.971085 4.78846 4.55
    endloop
  endfacet
  facet normal 0 0 1
    outer loop
      vertex 1.20004 4.7837 4.55
      vertex 0.935303 4.84332 4.55
      vertex 0.954681 4.81692 4.55
    endloop
  endfacet
  facet normal 0 0 1
    outer loop
      vertex 0.592773 4.9844 4.55
      vertex 1.51123 4.98559 4.55
      vertex 6.7 6.4 4.55
    endloop
  endfacet
  facet normal 0 0 1
    outer loop
      vertex 1.20004 4.7837 4.55
      vertex 0.912933 4.86765 4.55
      vertex 0.935303 4.84332 4.55
    endloop
  endfacet
  facet normal 0 0 1
    outer loop
      vertex 1.20004 4.7837 4.55
      vertex 0.887589 4.88993 4.55
      vertex 0.912933 4.86765 4.55
    endloop
  endfacet
  facet normal 0 0 1
    outer loop
      vertex 1.51123 4.98559 4.55
      vertex 0.859497 4.91001 4.55
      vertex 0.887589 4.88993 4.55
    endloop
  endfacet
  facet normal 0 0 1
    outer loop
      vertex 1.51123 4.98559 4.55
      vertex 0.828903 4.92771 4.55
      vertex 0.859497 4.91001 4.55
    endloop
  endfacet
  facet normal 0 0 1
    outer loop
      vertex 1.51123 4.98559 4.55
      vertex 0.795807 4.94308 4.55
      vertex 0.828903 4.92771 4.55
    endloop
  endfacet
  facet normal 0 0 1
    outer loop
      vertex 1.51123 4.98559 4.55
      vertex 0.760208 4.95606 4.55
      vertex 0.795807 4.94308 4.55
    endloop
  endfacet
  facet normal 0 0 1
    outer loop
      vertex 1.51123 4.98559 4.55
      vertex 0.722107 4.96668 4.55
      vertex 0.760208 4.95606 4.55
    endloop
  endfacet
  facet normal 0 0 1
    outer loop
      vertex 1.51123 4.98559 4.55
      vertex 0.681488 4.97495 4.55
      vertex 0.722107 4.96668 4.55
    endloop
  endfacet
  facet normal 0 0 1
    outer loop
      vertex 1.51123 4.98559 4.55
      vertex 0.638382 4.98086 4.55
      vertex 0.681488 4.97495 4.55
    endloop
  endfacet
  facet normal 0 0 1
    outer loop
      vertex 1.51123 4.98559 4.55
      vertex 0.592773 4.9844 4.55
      vertex 0.638382 4.98086 4.55
    endloop
  endfacet
  facet normal 0 0 1
    outer loop
      vertex 6.7 6.4 4.55
      vertex 0.544662 4.98559 4.55
      vertex 0.592773 4.9844 4.55
    endloop
  endfacet
  facet normal 0 0 1
    outer loop
      vertex 6.7 6.4 4.55
      vertex -0.075943 4.98559 4.55
      vertex 0.544662 4.98559 4.55
    endloop
  endfacet
  facet normal 0 0 1
    outer loop
      vertex -0.075943 4.98559 4.55
      vertex -0.254944 4.31915 4.55
      vertex -0.075943 3.74348 4.55
    endloop
  endfacet
  facet normal 0 0 1
    outer loop
      vertex -0.075943 4.98559 4.55
      vertex -0.713364 4.31915 4.55
      vertex -0.254944 4.31915 4.55
    endloop
  endfacet
  facet normal 0 0 1
    outer loop
      vertex -1.25238 4.98559 4.55
      vertex -0.713364 4.10403 4.55
      vertex -0.713364 4.31915 4.55
    endloop
  endfacet
  facet normal 0 0 1
    outer loop
      vertex -0.713364 4.10403 4.55
      vertex -0.80101 3.74348 4.55
      vertex -0.798283 2.63159 4.55
    endloop
  endfacet
  facet normal 0 0 1
    outer loop
      vertex -0.713364 4.10403 4.55
      vertex -1.25238 4.98559 4.55
      vertex -0.80101 3.74348 4.55
    endloop
  endfacet
  facet normal 0 0 1
    outer loop
      vertex -0.075943 4.98559 4.55
      vertex -1.25238 4.98559 4.55
      vertex -0.713364 4.31915 4.55
    endloop
  endfacet
  facet normal -0 0 1
    outer loop
      vertex -6.7 6.4 4.55
      vertex -0.075943 4.98559 4.55
      vertex 6.7 6.4 4.55
    endloop
  endfacet
  facet normal 0 0 1
    outer loop
      vertex -0.075943 4.98559 4.55
      vertex -6.7 6.4 4.55
      vertex -1.25238 4.98559 4.55
    endloop
  endfacet
  facet normal 0 0 1
    outer loop
      vertex -2.01228 3.74348 4.55
      vertex -2.28654 1.52782 4.55
      vertex -2.12578 1.74458 4.55
    endloop
  endfacet
  facet normal 0 0 1
    outer loop
      vertex -2.01228 3.74348 4.55
      vertex -2.42528 1.29634 4.55
      vertex -2.28654 1.52782 4.55
    endloop
  endfacet
  facet normal 0 0 1
    outer loop
      vertex -6.7 6.4 4.55
      vertex -2.42528 1.29634 4.55
      vertex -2.01228 3.74348 4.55
    endloop
  endfacet
  facet normal -0 0 1
    outer loop
      vertex -9 4.1 4.55
      vertex -2.42528 1.29634 4.55
      vertex -6.7 6.4 4.55
    endloop
  endfacet
  facet normal 0 0 1
    outer loop
      vertex -2.54067 1.05238 4.55
      vertex -9 4.1 4.55
      vertex -2.63159 0.798283 4.55
    endloop
  endfacet
  facet normal 0 0 1
    outer loop
      vertex -2.69716 0.536498 4.55
      vertex -9 4.1 4.55
      vertex -2.73676 0.269547 4.55
    endloop
  endfacet
  facet normal 0 0 1
    outer loop
      vertex -2.63159 0.798283 4.55
      vertex -9 4.1 4.55
      vertex -2.69716 0.536498 4.55
    endloop
  endfacet
  facet normal 0 0 1
    outer loop
      vertex -2.42528 1.29634 4.55
      vertex -9 4.1 4.55
      vertex -2.54067 1.05238 4.55
    endloop
  endfacet
  facet normal 0 0 1
    outer loop
      vertex -1.55916 4.98559 4.55
      vertex -6.7 6.4 4.55
      vertex -2.01228 3.74348 4.55
    endloop
  endfacet
  facet normal 0 0 1
    outer loop
      vertex -1.25238 4.98559 4.55
      vertex -6.7 6.4 4.55
      vertex -1.55916 4.98559 4.55
    endloop
  endfacet
  facet normal 0 0 1
    outer loop
      vertex 7.58017 -6.22492 4.55
      vertex 6.7 -6.4 4.55
      vertex 7.36765 -6.30096 4.55
    endloop
  endfacet
  facet normal 0 0 1
    outer loop
      vertex 7.36765 -6.30096 4.55
      vertex 6.7 -6.4 4.55
      vertex 7.14871 -6.35581 4.55
    endloop
  endfacet
  facet normal 0 0 1
    outer loop
      vertex 7.14871 -6.35581 4.55
      vertex 6.7 -6.4 4.55
      vertex 6.92544 -6.38892 4.55
    endloop
  endfacet
  facet normal 0 0 1
    outer loop
      vertex 7.78421 -6.12842 4.55
      vertex 6.7 -6.4 4.55
      vertex 7.58017 -6.22492 4.55
    endloop
  endfacet
  facet normal 0 0 1
    outer loop
      vertex 8.95581 -4.54871 4.55
      vertex 6.7 -6.4 4.55
      vertex 8.90096 -4.76765 4.55
    endloop
  endfacet
  facet normal -0 0 1
    outer loop
      vertex 2.28654 -1.52782 4.55
      vertex 6.7 -6.4 4.55
      vertex 2.42528 -1.29634 4.55
    endloop
  endfacet
  facet normal -0 0 1
    outer loop
      vertex 2.12578 -1.74458 4.55
      vertex 6.7 -6.4 4.55
      vertex 2.28654 -1.52782 4.55
    endloop
  endfacet
  facet normal -0 0 1
    outer loop
      vertex 1.94454 -1.94454 4.55
      vertex 6.7 -6.4 4.55
      vertex 2.12578 -1.74458 4.55
    endloop
  endfacet
  facet normal -0 0 1
    outer loop
      vertex 1.74458 -2.12578 4.55
      vertex 6.7 -6.4 4.55
      vertex 1.94454 -1.94454 4.55
    endloop
  endfacet
  facet normal -0 0 1
    outer loop
      vertex 1.52782 -2.28654 4.55
      vertex 6.7 -6.4 4.55
      vertex 1.74458 -2.12578 4.55
    endloop
  endfacet
  facet normal -0 0 1
    outer loop
      vertex 1.29634 -2.42528 4.55
      vertex 6.7 -6.4 4.55
      vertex 1.52782 -2.28654 4.55
    endloop
  endfacet
  facet normal -0 0 1
    outer loop
      vertex 1.05238 -2.54067 4.55
      vertex 6.7 -6.4 4.55
      vertex 1.29634 -2.42528 4.55
    endloop
  endfacet
  facet normal -0 0 1
    outer loop
      vertex 0.798283 -2.63159 4.55
      vertex 6.7 -6.4 4.55
      vertex 1.05238 -2.54067 4.55
    endloop
  endfacet
  facet normal -0 0 1
    outer loop
      vertex 0.536498 -2.69716 4.55
      vertex 6.7 -6.4 4.55
      vertex 0.798283 -2.63159 4.55
    endloop
  endfacet
  facet normal -0 0 1
    outer loop
      vertex 0.269547 -2.73676 4.55
      vertex 6.7 -6.4 4.55
      vertex 0.536498 -2.69716 4.55
    endloop
  endfacet
  facet normal -0 0 1
    outer loop
      vertex 0 -2.75 4.55
      vertex 6.7 -6.4 4.55
      vertex 0.269547 -2.73676 4.55
    endloop
  endfacet
  facet normal 0 0 1
    outer loop
      vertex -6.7 -6.4 4.55
      vertex 0 -2.75 4.55
      vertex -0.269547 -2.73676 4.55
    endloop
  endfacet
  facet normal 0 0 1
    outer loop
      vertex -6.7 -6.4 4.55
      vertex -0.269547 -2.73676 4.55
      vertex -0.536498 -2.69716 4.55
    endloop
  endfacet
  facet normal 0 0 1
    outer loop
      vertex -6.7 -6.4 4.55
      vertex -0.536498 -2.69716 4.55
      vertex -0.798283 -2.63159 4.55
    endloop
  endfacet
  facet normal 0 0 1
    outer loop
      vertex -6.7 -6.4 4.55
      vertex -0.798283 -2.63159 4.55
      vertex -1.05238 -2.54067 4.55
    endloop
  endfacet
  facet normal 0 0 1
    outer loop
      vertex -6.7 -6.4 4.55
      vertex -1.05238 -2.54067 4.55
      vertex -1.29634 -2.42528 4.55
    endloop
  endfacet
  facet normal 0 0 1
    outer loop
      vertex -2.73676 0.269547 4.55
      vertex -9 4.1 4.55
      vertex -2.75 0 4.55
    endloop
  endfacet
  facet normal 0 0 1
    outer loop
      vertex -9 -4.1 4.55
      vertex -2.75 0 4.55
      vertex -9 4.1 4.55
    endloop
  endfacet
  facet normal 0 0 1
    outer loop
      vertex -2.75 0 4.55
      vertex -9 -4.1 4.55
      vertex -2.73676 -0.269547 4.55
    endloop
  endfacet
  facet normal 0 0 1
    outer loop
      vertex -2.73676 -0.269547 4.55
      vertex -9 -4.1 4.55
      vertex -2.69716 -0.536498 4.55
    endloop
  endfacet
  facet normal 0 0 1
    outer loop
      vertex -2.69716 -0.536498 4.55
      vertex -9 -4.1 4.55
      vertex -2.63159 -0.798283 4.55
    endloop
  endfacet
  facet normal 0 0 1
    outer loop
      vertex 0 -2.75 4.55
      vertex -6.7 -6.4 4.55
      vertex 6.7 -6.4 4.55
    endloop
  endfacet
  facet normal 0 0 1
    outer loop
      vertex -1.52782 -2.28654 4.55
      vertex -6.7 -6.4 4.55
      vertex -1.29634 -2.42528 4.55
    endloop
  endfacet
  facet normal 0 0 1
    outer loop
      vertex -1.74458 -2.12578 4.55
      vertex -6.7 -6.4 4.55
      vertex -1.52782 -2.28654 4.55
    endloop
  endfacet
  facet normal 0 0 1
    outer loop
      vertex -1.94454 -1.94454 4.55
      vertex -6.7 -6.4 4.55
      vertex -1.74458 -2.12578 4.55
    endloop
  endfacet
  facet normal 0 0 1
    outer loop
      vertex -2.12578 -1.74458 4.55
      vertex -6.7 -6.4 4.55
      vertex -1.94454 -1.94454 4.55
    endloop
  endfacet
  facet normal 0 0 1
    outer loop
      vertex -2.28654 -1.52782 4.55
      vertex -6.7 -6.4 4.55
      vertex -2.12578 -1.74458 4.55
    endloop
  endfacet
  facet normal 0 0 1
    outer loop
      vertex -2.42528 -1.29634 4.55
      vertex -6.7 -6.4 4.55
      vertex -2.28654 -1.52782 4.55
    endloop
  endfacet
  facet normal 0 0 1
    outer loop
      vertex -2.63159 -0.798283 4.55
      vertex -9 -4.1 4.55
      vertex -2.54067 -1.05238 4.55
    endloop
  endfacet
  facet normal 0 0 1
    outer loop
      vertex -9 4.1 4.55
      vertex -6.7 6.4 4.55
      vertex -6.92544 6.38892 4.55
    endloop
  endfacet
  facet normal 0 0 1
    outer loop
      vertex -2.54067 -1.05238 4.55
      vertex -9 -4.1 4.55
      vertex -2.42528 -1.29634 4.55
    endloop
  endfacet
  facet normal 0 0 1
    outer loop
      vertex -9 4.1 4.55
      vertex -6.92544 6.38892 4.55
      vertex -7.14871 6.35581 4.55
    endloop
  endfacet
  facet normal 0 0 1
    outer loop
      vertex -2.42528 -1.29634 4.55
      vertex -9 -4.1 4.55
      vertex -6.7 -6.4 4.55
    endloop
  endfacet
  facet normal 0 0 1
    outer loop
      vertex -9 4.1 4.55
      vertex -7.14871 6.35581 4.55
      vertex -7.36765 6.30096 4.55
    endloop
  endfacet
  facet normal 0 0 1
    outer loop
      vertex -6.7 -6.4 4.55
      vertex -9 -4.1 4.55
      vertex -6.92544 -6.38892 4.55
    endloop
  endfacet
  facet normal 0 0 1
    outer loop
      vertex -9 4.1 4.55
      vertex -7.36765 6.30096 4.55
      vertex -7.58017 6.22492 4.55
    endloop
  endfacet
  facet normal 0 0 1
    outer loop
      vertex -6.92544 -6.38892 4.55
      vertex -9 -4.1 4.55
      vertex -7.14871 -6.35581 4.55
    endloop
  endfacet
  facet normal 0 0 1
    outer loop
      vertex -9 4.1 4.55
      vertex -7.58017 6.22492 4.55
      vertex -7.78421 6.12842 4.55
    endloop
  endfacet
  facet normal 0 0 1
    outer loop
      vertex -7.14871 -6.35581 4.55
      vertex -9 -4.1 4.55
      vertex -7.36765 -6.30096 4.55
    endloop
  endfacet
  facet normal 0 0 1
    outer loop
      vertex -9 4.1 4.55
      vertex -7.78421 6.12842 4.55
      vertex -7.97781 6.01238 4.55
    endloop
  endfacet
  facet normal 0 0 1
    outer loop
      vertex -7.36765 -6.30096 4.55
      vertex -9 -4.1 4.55
      vertex -7.58017 -6.22492 4.55
    endloop
  endfacet
  facet normal 0 0 1
    outer loop
      vertex -9 4.1 4.55
      vertex -7.97781 6.01238 4.55
      vertex -8.1591 5.87792 4.55
    endloop
  endfacet
  facet normal 0 0 1
    outer loop
      vertex -7.58017 -6.22492 4.55
      vertex -9 -4.1 4.55
      vertex -7.78421 -6.12842 4.55
    endloop
  endfacet
  facet normal 0 0 1
    outer loop
      vertex -9 4.1 4.55
      vertex -8.1591 5.87792 4.55
      vertex -8.32635 5.72635 4.55
    endloop
  endfacet
  facet normal 0 0 1
    outer loop
      vertex -7.78421 -6.12842 4.55
      vertex -9 -4.1 4.55
      vertex -7.97781 -6.01238 4.55
    endloop
  endfacet
  facet normal 0 0 1
    outer loop
      vertex -9 4.1 4.55
      vertex -8.32635 5.72635 4.55
      vertex -8.47792 5.5591 4.55
    endloop
  endfacet
  facet normal 0 0 1
    outer loop
      vertex -7.97781 -6.01238 4.55
      vertex -9 -4.1 4.55
      vertex -8.1591 -5.87792 4.55
    endloop
  endfacet
  facet normal 0 0 1
    outer loop
      vertex -9 4.1 4.55
      vertex -8.47792 5.5591 4.55
      vertex -8.61238 5.37781 4.55
    endloop
  endfacet
  facet normal 0 0 1
    outer loop
      vertex -8.1591 -5.87792 4.55
      vertex -9 -4.1 4.55
      vertex -8.32635 -5.72635 4.55
    endloop
  endfacet
  facet normal 0 0 1
    outer loop
      vertex -9 4.1 4.55
      vertex -8.61238 5.37781 4.55
      vertex -8.72842 5.18421 4.55
    endloop
  endfacet
  facet normal 0 0 1
    outer loop
      vertex -8.32635 -5.72635 4.55
      vertex -9 -4.1 4.55
      vertex -8.47792 -5.5591 4.55
    endloop
  endfacet
  facet normal 0 0 1
    outer loop
      vertex -9 4.1 4.55
      vertex -8.72842 5.18421 4.55
      vertex -8.82492 4.98017 4.55
    endloop
  endfacet
  facet normal 0 0 1
    outer loop
      vertex -8.47792 -5.5591 4.55
      vertex -9 -4.1 4.55
      vertex -8.61238 -5.37781 4.55
    endloop
  endfacet
  facet normal 0 0 1
    outer loop
      vertex -9 4.1 4.55
      vertex -8.82492 4.98017 4.55
      vertex -8.90096 4.76765 4.55
    endloop
  endfacet
  facet normal 0 0 1
    outer loop
      vertex -8.61238 -5.37781 4.55
      vertex -9 -4.1 4.55
      vertex -8.72842 -5.18421 4.55
    endloop
  endfacet
  facet normal 0 0 1
    outer loop
      vertex -9 4.1 4.55
      vertex -8.90096 4.76765 4.55
      vertex -8.95581 4.54871 4.55
    endloop
  endfacet
  facet normal 0 0 1
    outer loop
      vertex -8.72842 -5.18421 4.55
      vertex -9 -4.1 4.55
      vertex -8.82492 -4.98017 4.55
    endloop
  endfacet
  facet normal 0 0 1
    outer loop
      vertex -9 4.1 4.55
      vertex -8.95581 4.54871 4.55
      vertex -8.98892 4.32544 4.55
    endloop
  endfacet
  facet normal 0 0 1
    outer loop
      vertex -8.82492 -4.98017 4.55
      vertex -9 -4.1 4.55
      vertex -8.90096 -4.76765 4.55
    endloop
  endfacet
  facet normal 0 0 1
    outer loop
      vertex -8.90096 -4.76765 4.55
      vertex -9 -4.1 4.55
      vertex -8.95581 -4.54871 4.55
    endloop
  endfacet
  facet normal 0 0 1
    outer loop
      vertex -8.95581 -4.54871 4.55
      vertex -9 -4.1 4.55
      vertex -8.98892 -4.32544 4.55
    endloop
  endfacet
  facet normal 0 0 1
    outer loop
      vertex 2.28654 1.52782 4.55
      vertex 2.03047 3.74348 4.55
      vertex 2.12578 1.74458 4.55
    endloop
  endfacet
  facet normal 0 0 1
    outer loop
      vertex 2.03047 3.74348 4.55
      vertex 1.94454 1.94454 4.55
      vertex 2.12578 1.74458 4.55
    endloop
  endfacet
  facet normal 0 0 1
    outer loop
      vertex 2.03047 3.74348 4.55
      vertex 1.74458 2.12578 4.55
      vertex 1.94454 1.94454 4.55
    endloop
  endfacet
  facet normal 0 0 1
    outer loop
      vertex 2.03047 3.74348 4.55
      vertex 1.52782 2.28654 4.55
      vertex 1.74458 2.12578 4.55
    endloop
  endfacet
  facet normal 0 0 1
    outer loop
      vertex 2.03047 3.74348 4.55
      vertex 1.29634 2.42528 4.55
      vertex 1.52782 2.28654 4.55
    endloop
  endfacet
  facet normal -0 0 1
    outer loop
      vertex 1.19034 3.74348 4.55
      vertex 1.29634 2.42528 4.55
      vertex 2.03047 3.74348 4.55
    endloop
  endfacet
  facet normal 0 0 1
    outer loop
      vertex 1.05238 2.54067 4.55
      vertex 1.19034 3.74348 4.55
      vertex 1.07008 3.74348 4.55
    endloop
  endfacet
  facet normal 0 0 1
    outer loop
      vertex 1.19034 3.74348 4.55
      vertex 1.05238 2.54067 4.55
      vertex 1.29634 2.42528 4.55
    endloop
  endfacet
  facet normal 0 0 1
    outer loop
      vertex 1.07008 3.74348 4.55
      vertex 0.798283 2.63159 4.55
      vertex 1.05238 2.54067 4.55
    endloop
  endfacet
  facet normal -0 0 1
    outer loop
      vertex 0.77739 3.74348 4.55
      vertex 0.798283 2.63159 4.55
      vertex 1.07008 3.74348 4.55
    endloop
  endfacet
  facet normal 0 0 1
    outer loop
      vertex 0.77739 3.74348 4.55
      vertex 0.536498 2.69716 4.55
      vertex 0.798283 2.63159 4.55
    endloop
  endfacet
  facet normal 0 0 1
    outer loop
      vertex 0.184097 3.74348 4.55
      vertex 0.77739 3.74348 4.55
      vertex 0.48912 4.21511 4.55
    endloop
  endfacet
  facet normal 0 0 1
    outer loop
      vertex 0.77739 3.74348 4.55
      vertex 0.184097 3.74348 4.55
      vertex 0.536498 2.69716 4.55
    endloop
  endfacet
  facet normal 0 0 1
    outer loop
      vertex 0.184097 3.74348 4.55
      vertex 0.48912 4.21511 4.55
      vertex 0.184097 4.21511 4.55
    endloop
  endfacet
  facet normal 0 0 1
    outer loop
      vertex 0.536498 2.69716 4.55
      vertex 0.184097 3.74348 4.55
      vertex 0.269547 2.73676 4.55
    endloop
  endfacet
  facet normal 0 0 1
    outer loop
      vertex 0.184097 3.74348 4.55
      vertex 0 2.75 4.55
      vertex 0.269547 2.73676 4.55
    endloop
  endfacet
  facet normal -0 0 1
    outer loop
      vertex -0.075943 3.74348 4.55
      vertex 0 2.75 4.55
      vertex 0.184097 3.74348 4.55
    endloop
  endfacet
  facet normal -0 0 1
    outer loop
      vertex -0.254944 4.10403 4.55
      vertex -0.075943 3.74348 4.55
      vertex -0.254944 4.31915 4.55
    endloop
  endfacet
  facet normal -0 0 1
    outer loop
      vertex -0.713364 4.10403 4.55
      vertex -0.075943 3.74348 4.55
      vertex -0.254944 4.10403 4.55
    endloop
  endfacet
  facet normal 0 0 1
    outer loop
      vertex -0.075943 3.74348 4.55
      vertex -0.269547 2.73676 4.55
      vertex 0 2.75 4.55
    endloop
  endfacet
  facet normal 0 -0 1
    outer loop
      vertex -0.536498 2.69716 4.55
      vertex -0.075943 3.74348 4.55
      vertex -0.713364 4.10403 4.55
    endloop
  endfacet
  facet normal 0 0 1
    outer loop
      vertex -0.075943 3.74348 4.55
      vertex -0.536498 2.69716 4.55
      vertex -0.269547 2.73676 4.55
    endloop
  endfacet
  facet normal 0 0 1
    outer loop
      vertex -0.536498 2.69716 4.55
      vertex -0.713364 4.10403 4.55
      vertex -0.798283 2.63159 4.55
    endloop
  endfacet
  facet normal 0 0 1
    outer loop
      vertex 2.03047 3.92773 4.55
      vertex 1.74573 4.98559 4.55
      vertex 1.74573 3.92773 4.55
    endloop
  endfacet
  facet normal -0 0 1
    outer loop
      vertex 1.20004 4.58888 4.55
      vertex 1.498 3.92773 4.55
      vertex 1.498 4.7749 4.55
    endloop
  endfacet
  facet normal 0 0 1
    outer loop
      vertex 1.498 3.92773 4.55
      vertex 1.20004 4.58888 4.55
      vertex 1.19034 3.92773 4.55
    endloop
  endfacet
  facet normal 0 0 1
    outer loop
      vertex 1.20004 4.58888 4.55
      vertex 1.00745 4.58677 4.55
      vertex 1.00471 4.55911 4.55
    endloop
  endfacet
  facet normal 0 0 1
    outer loop
      vertex 1.20004 4.58888 4.55
      vertex 1.00471 4.55911 4.55
      vertex 1.00014 4.53231 4.55
    endloop
  endfacet
  facet normal 0 0 1
    outer loop
      vertex 1.20004 4.58888 4.55
      vertex 1.00014 4.53231 4.55
      vertex 0.993744 4.5064 4.55
    endloop
  endfacet
  facet normal 0 0 1
    outer loop
      vertex 0.975449 4.45722 4.55
      vertex 1.20004 4.58888 4.55
      vertex 0.985504 4.48138 4.55
    endloop
  endfacet
  facet normal 0 0 1
    outer loop
      vertex 0.963562 4.43397 4.55
      vertex 1.20004 4.58888 4.55
      vertex 0.975449 4.45722 4.55
    endloop
  endfacet
  facet normal 0 0 1
    outer loop
      vertex 1.20004 4.58888 4.55
      vertex 0.963562 4.43397 4.55
      vertex 1.19034 3.92773 4.55
    endloop
  endfacet
  facet normal -0 0 1
    outer loop
      vertex 0.949844 4.41158 4.55
      vertex 1.19034 3.92773 4.55
      vertex 0.963562 4.43397 4.55
    endloop
  endfacet
  facet normal -0 0 1
    outer loop
      vertex 0.934311 4.39008 4.55
      vertex 1.19034 3.92773 4.55
      vertex 0.949844 4.41158 4.55
    endloop
  endfacet
  facet normal -0 0 1
    outer loop
      vertex 0.917206 4.36982 4.55
      vertex 1.19034 3.92773 4.55
      vertex 0.934311 4.39008 4.55
    endloop
  endfacet
  facet normal -0 0 1
    outer loop
      vertex 0.898819 4.35116 4.55
      vertex 1.19034 3.92773 4.55
      vertex 0.917206 4.36982 4.55
    endloop
  endfacet
  facet normal -0 0 1
    outer loop
      vertex 0.879166 4.33412 4.55
      vertex 1.19034 3.92773 4.55
      vertex 0.898819 4.35116 4.55
    endloop
  endfacet
  facet normal -0 0 1
    outer loop
      vertex 0.858215 4.31866 4.55
      vertex 1.19034 3.92773 4.55
      vertex 0.879166 4.33412 4.55
    endloop
  endfacet
  facet normal -0 0 1
    outer loop
      vertex 0.835983 4.3048 4.55
      vertex 1.19034 3.92773 4.55
      vertex 0.858215 4.31866 4.55
    endloop
  endfacet
  facet normal -0 0 1
    outer loop
      vertex 0.812454 4.29255 4.55
      vertex 1.19034 3.92773 4.55
      vertex 0.835983 4.3048 4.55
    endloop
  endfacet
  facet normal -0 0 1
    outer loop
      vertex 0.787659 4.28188 4.55
      vertex 1.19034 3.92773 4.55
      vertex 0.812454 4.29255 4.55
    endloop
  endfacet
  facet normal 0 0 1
    outer loop
      vertex 1.19034 3.92773 4.55
      vertex 0.787659 4.28188 4.55
      vertex 1.07008 3.74348 4.55
    endloop
  endfacet
  facet normal -0 0 1
    outer loop
      vertex 0.761566 4.27282 4.55
      vertex 1.07008 3.74348 4.55
      vertex 0.787659 4.28188 4.55
    endloop
  endfacet
  facet normal 0 0 1
    outer loop
      vertex 1.07008 3.74348 4.55
      vertex 0.761566 4.27282 4.55
      vertex 0.734192 4.26536 4.55
    endloop
  endfacet
  facet normal -0 0 1
    outer loop
      vertex -1.05843 3.74348 4.55
      vertex -0.798283 2.63159 4.55
      vertex -0.80101 3.74348 4.55
    endloop
  endfacet
  facet normal 0 0 1
    outer loop
      vertex -0.798283 2.63159 4.55
      vertex -1.05843 3.74348 4.55
      vertex -1.05238 2.54067 4.55
    endloop
  endfacet
  facet normal 0 0 1
    outer loop
      vertex -1.75223 3.74348 4.55
      vertex -1.05843 3.74348 4.55
      vertex -1.16862 4.06085 4.55
    endloop
  endfacet
  facet normal 0 0 1
    outer loop
      vertex -1.05843 3.74348 4.55
      vertex -1.75223 3.74348 4.55
      vertex -1.05238 2.54067 4.55
    endloop
  endfacet
  facet normal 0 0 1
    outer loop
      vertex -1.05238 2.54067 4.55
      vertex -1.75223 3.74348 4.55
      vertex -1.29634 2.42528 4.55
    endloop
  endfacet
  facet normal 0 0 1
    outer loop
      vertex -1.75223 3.74348 4.55
      vertex -1.16862 4.06085 4.55
      vertex -1.64203 4.06085 4.55
    endloop
  endfacet
  facet normal 0 0 1
    outer loop
      vertex -1.29634 2.42528 4.55
      vertex -1.75223 3.74348 4.55
      vertex -1.52782 2.28654 4.55
    endloop
  endfacet
  facet normal -0 0 1
    outer loop
      vertex -2.01228 3.74348 4.55
      vertex -1.52782 2.28654 4.55
      vertex -1.75223 3.74348 4.55
    endloop
  endfacet
  facet normal 0 0 1
    outer loop
      vertex -1.52782 2.28654 4.55
      vertex -2.01228 3.74348 4.55
      vertex -1.74458 2.12578 4.55
    endloop
  endfacet
  facet normal 0 0 1
    outer loop
      vertex -1.74458 2.12578 4.55
      vertex -2.01228 3.74348 4.55
      vertex -1.94454 1.94454 4.55
    endloop
  endfacet
  facet normal 0 0 1
    outer loop
      vertex -1.94454 1.94454 4.55
      vertex -2.01228 3.74348 4.55
      vertex -2.12578 1.74458 4.55
    endloop
  endfacet
  facet normal -0 0 1
    outer loop
      vertex -1.41106 4.7749 4.55
      vertex -1.38725 4.73345 4.55
      vertex -1.40578 4.79429 4.55
    endloop
  endfacet
  facet normal -0 0 1
    outer loop
      vertex -1.41306 4.76772 4.55
      vertex -1.38725 4.73345 4.55
      vertex -1.41106 4.7749 4.55
    endloop
  endfacet
  facet normal -0 0 1
    outer loop
      vertex -1.41959 4.74494 4.55
      vertex -1.38725 4.73345 4.55
      vertex -1.41306 4.76772 4.55
    endloop
  endfacet
  facet normal 0 0 1
    outer loop
      vertex -1.42438 4.72866 4.55
      vertex -1.38725 4.73345 4.55
      vertex -1.41959 4.74494 4.55
    endloop
  endfacet
  facet normal 0 0 1
    outer loop
      vertex -1.43222 4.7026 4.55
      vertex -1.38725 4.73345 4.55
      vertex -1.42438 4.72866 4.55
    endloop
  endfacet
  facet normal 0 0 1
    outer loop
      vertex -1.43652 4.68908 4.55
      vertex -1.38725 4.73345 4.55
      vertex -1.43222 4.7026 4.55
    endloop
  endfacet
  facet normal 0 0 1
    outer loop
      vertex -1.38725 4.73345 4.55
      vertex -1.43652 4.68908 4.55
      vertex -1.34935 4.61356 4.55
    endloop
  endfacet
  facet normal -0 0 1
    outer loop
      vertex -1.44397 4.66656 4.55
      vertex -1.34935 4.61356 4.55
      vertex -1.43652 4.68908 4.55
    endloop
  endfacet
  facet normal -0 0 1
    outer loop
      vertex -1.45454 4.63502 4.55
      vertex -1.34935 4.61356 4.55
      vertex -1.44397 4.66656 4.55
    endloop
  endfacet
  facet normal 0 0 1
    outer loop
      vertex -1.46826 4.59446 4.55
      vertex -1.34935 4.61356 4.55
      vertex -1.45454 4.63502 4.55
    endloop
  endfacet
  facet normal 0 0 1
    outer loop
      vertex -1.48511 4.5449 4.55
      vertex -1.34935 4.61356 4.55
      vertex -1.46826 4.59446 4.55
    endloop
  endfacet
  facet normal 0 0 1
    outer loop
      vertex -1.5051 4.48632 4.55
      vertex -1.34935 4.61356 4.55
      vertex -1.48511 4.5449 4.55
    endloop
  endfacet
  facet normal 0 0 1
    outer loop
      vertex -1.34935 4.61356 4.55
      vertex -1.5051 4.48632 4.55
      vertex -1.22682 4.25654 4.55
    endloop
  endfacet
  facet normal -0 0 1
    outer loop
      vertex -1.52821 4.41874 4.55
      vertex -1.22682 4.25654 4.55
      vertex -1.5051 4.48632 4.55
    endloop
  endfacet
  facet normal 0 0 1
    outer loop
      vertex -1.22682 4.25654 4.55
      vertex -1.52821 4.41874 4.55
      vertex -1.58385 4.25654 4.55
    endloop
  endfacet
  facet normal 0 0 1
    outer loop
      vertex 0.60788 4.77487 4.55
      vertex 0.745834 4.58546 4.55
      vertex 0.746536 4.60474 4.55
    endloop
  endfacet
  facet normal 0 0 1
    outer loop
      vertex 0.644669 4.76382 4.55
      vertex 0.746536 4.60474 4.55
      vertex 0.743698 4.64231 4.55
    endloop
  endfacet
  facet normal 0 -0 1
    outer loop
      vertex 0.611099 4.42672 4.55
      vertex 0.745834 4.58546 4.55
      vertex 0.60788 4.77487 4.55
    endloop
  endfacet
  facet normal 0 0 1
    outer loop
      vertex 0.745834 4.58546 4.55
      vertex 0.629517 4.43221 4.55
      vertex 0.743744 4.56713 4.55
    endloop
  endfacet
  facet normal 0 0 1
    outer loop
      vertex 0.644669 4.76382 4.55
      vertex 0.743698 4.64231 4.55
      vertex 0.735214 4.67545 4.55
    endloop
  endfacet
  facet normal 0 0 1
    outer loop
      vertex 0.746536 4.60474 4.55
      vertex 0.644669 4.76382 4.55
      vertex 0.60788 4.77487 4.55
    endloop
  endfacet
  facet normal 0 0 1
    outer loop
      vertex 0.743744 4.56713 4.55
      vertex 0.629517 4.43221 4.55
      vertex 0.740265 4.5498 4.55
    endloop
  endfacet
  facet normal 0 0 1
    outer loop
      vertex 0.675797 4.74836 4.55
      vertex 0.735214 4.67545 4.55
      vertex 0.721069 4.70417 4.55
    endloop
  endfacet
  facet normal 0 -0 1
    outer loop
      vertex 0.646622 4.43891 4.55
      vertex 0.740265 4.5498 4.55
      vertex 0.629517 4.43221 4.55
    endloop
  endfacet
  facet normal 0 0 1
    outer loop
      vertex 0.740265 4.5498 4.55
      vertex 0.646622 4.43891 4.55
      vertex 0.735382 4.53344 4.55
    endloop
  endfacet
  facet normal 0 0 1
    outer loop
      vertex 0.675797 4.74836 4.55
      vertex 0.721069 4.70417 4.55
      vertex 0.701263 4.72848 4.55
    endloop
  endfacet
  facet normal 0 0 1
    outer loop
      vertex 0.735214 4.67545 4.55
      vertex 0.675797 4.74836 4.55
      vertex 0.644669 4.76382 4.55
    endloop
  endfacet
  facet normal 0 0 1
    outer loop
      vertex 0.735382 4.53344 4.55
      vertex 0.66243 4.44683 4.55
      vertex 0.729126 4.51806 4.55
    endloop
  endfacet
  facet normal 0 0 1
    outer loop
      vertex 0.712402 4.49024 4.55
      vertex 0.66243 4.44683 4.55
      vertex 0.70195 4.47781 4.55
    endloop
  endfacet
  facet normal 0 0 1
    outer loop
      vertex 0.70195 4.47781 4.55
      vertex 0.676926 4.45597 4.55
      vertex 0.690109 4.46633 4.55
    endloop
  endfacet
  facet normal 0 0 1
    outer loop
      vertex 0.70195 4.47781 4.55
      vertex 0.66243 4.44683 4.55
      vertex 0.676926 4.45597 4.55
    endloop
  endfacet
  facet normal 0 0 1
    outer loop
      vertex 0.721451 4.50366 4.55
      vertex 0.66243 4.44683 4.55
      vertex 0.712402 4.49024 4.55
    endloop
  endfacet
  facet normal 0 0 1
    outer loop
      vertex 0.729126 4.51806 4.55
      vertex 0.66243 4.44683 4.55
      vertex 0.721451 4.50366 4.55
    endloop
  endfacet
  facet normal 0 -0 1
    outer loop
      vertex 0.66243 4.44683 4.55
      vertex 0.735382 4.53344 4.55
      vertex 0.646622 4.43891 4.55
    endloop
  endfacet
  facet normal 0 0 1
    outer loop
      vertex 0.745834 4.58546 4.55
      vertex 0.611099 4.42672 4.55
      vertex 0.629517 4.43221 4.55
    endloop
  endfacet
  facet normal 0 0 1
    outer loop
      vertex 0.60788 4.77487 4.55
      vertex 0.591385 4.42246 4.55
      vertex 0.611099 4.42672 4.55
    endloop
  endfacet
  facet normal 0 0 1
    outer loop
      vertex 0.56543 4.7815 4.55
      vertex 0.591385 4.42246 4.55
      vertex 0.60788 4.77487 4.55
    endloop
  endfacet
  facet normal 0 0 1
    outer loop
      vertex 0.591385 4.42246 4.55
      vertex 0.56543 4.7815 4.55
      vertex 0.570358 4.41941 4.55
    endloop
  endfacet
  facet normal 0 0 1
    outer loop
      vertex 0.56543 4.7815 4.55
      vertex 0.548019 4.41758 4.55
      vertex 0.570358 4.41941 4.55
    endloop
  endfacet
  facet normal 0 0 1
    outer loop
      vertex 0.56543 4.7815 4.55
      vertex 0.524384 4.41697 4.55
      vertex 0.548019 4.41758 4.55
    endloop
  endfacet
  facet normal 0 0 1
    outer loop
      vertex 0.517334 4.7837 4.55
      vertex 0.524384 4.41697 4.55
      vertex 0.56543 4.7815 4.55
    endloop
  endfacet
  facet normal 0 0 1
    outer loop
      vertex 0.184097 4.41697 4.55
      vertex 0.517334 4.7837 4.55
      vertex 0.184097 4.7837 4.55
    endloop
  endfacet
  facet normal 0 0 1
    outer loop
      vertex 0.517334 4.7837 4.55
      vertex 0.184097 4.41697 4.55
      vertex 0.524384 4.41697 4.55
    endloop
  endfacet
  facet normal 0.989182 -0.146692 0
    outer loop
      vertex 8.95581 -4.54871 4.55
      vertex 8.98892 -4.32544 3.55
      vertex 8.98892 -4.32544 4.55
    endloop
  endfacet
  facet normal 0.989182 -0.146692 0
    outer loop
      vertex 8.98892 -4.32544 3.55
      vertex 8.95581 -4.54871 4.55
      vertex 8.95581 -4.54871 3.55
    endloop
  endfacet
  facet normal 0.989182 0.146692 0
    outer loop
      vertex 8.98892 4.32544 4.55
      vertex 8.95581 4.54871 3.55
      vertex 8.95581 4.54871 4.55
    endloop
  endfacet
  facet normal 0.989182 0.146692 0
    outer loop
      vertex 8.95581 4.54871 3.55
      vertex 8.98892 4.32544 4.55
      vertex 8.98892 4.32544 3.55
    endloop
  endfacet
  facet normal 0.998794 0.0490891 0
    outer loop
      vertex 9 4.1 4.55
      vertex 8.98892 4.32544 3.55
      vertex 8.98892 4.32544 4.55
    endloop
  endfacet
  facet normal 0.998794 0.0490891 0
    outer loop
      vertex 8.98892 4.32544 3.55
      vertex 9 4.1 4.55
      vertex 9 4.1 3.55
    endloop
  endfacet
  facet normal 1 -0 0
    outer loop
      vertex 9 -4.1 4.55
      vertex 9 4.1 3.55
      vertex 9 4.1 4.55
    endloop
  endfacet
  facet normal 1 0 0
    outer loop
      vertex 9 4.1 3.55
      vertex 9 -4.1 4.55
      vertex 9 -4.1 3.55
    endloop
  endfacet
  facet normal 0.671519 -0.740988 0
    outer loop
      vertex 8.1591 -5.87792 3.55
      vertex 8.32635 -5.72635 4.55
      vertex 8.1591 -5.87792 4.55
    endloop
  endfacet
  facet normal 0.671519 -0.740988 0
    outer loop
      vertex 8.32635 -5.72635 4.55
      vertex 8.1591 -5.87792 3.55
      vertex 8.32635 -5.72635 3.55
    endloop
  endfacet
  facet normal 0.514105 -0.857727 0
    outer loop
      vertex 7.78421 -6.12842 3.55
      vertex 7.97781 -6.01238 4.55
      vertex 7.78421 -6.12842 4.55
    endloop
  endfacet
  facet normal 0.514105 -0.857727 0
    outer loop
      vertex 7.97781 -6.01238 4.55
      vertex 7.78421 -6.12842 3.55
      vertex 7.97781 -6.01238 3.55
    endloop
  endfacet
  facet normal -0.0490891 -0.998794 0
    outer loop
      vertex -6.92544 -6.38892 3.55
      vertex -6.7 -6.4 4.55
      vertex -6.92544 -6.38892 4.55
    endloop
  endfacet
  facet normal -0.0490891 -0.998794 -0
    outer loop
      vertex -6.7 -6.4 4.55
      vertex -6.92544 -6.38892 3.55
      vertex -6.7 -6.4 3.55
    endloop
  endfacet
  facet normal -0.243015 -0.970022 0
    outer loop
      vertex -7.36765 -6.30096 3.55
      vertex -7.14871 -6.35581 4.55
      vertex -7.36765 -6.30096 4.55
    endloop
  endfacet
  facet normal -0.243015 -0.970022 -0
    outer loop
      vertex -7.14871 -6.35581 4.55
      vertex -7.36765 -6.30096 3.55
      vertex -7.14871 -6.35581 3.55
    endloop
  endfacet
  facet normal -0.427542 -0.903996 0
    outer loop
      vertex -7.78421 -6.12842 3.55
      vertex -7.58017 -6.22492 4.55
      vertex -7.78421 -6.12842 4.55
    endloop
  endfacet
  facet normal -0.427542 -0.903996 -0
    outer loop
      vertex -7.58017 -6.22492 4.55
      vertex -7.78421 -6.12842 3.55
      vertex -7.58017 -6.22492 3.55
    endloop
  endfacet
  facet normal -0.998794 0.0490891 0
    outer loop
      vertex -9 4.1 3.55
      vertex -8.98892 4.32544 4.55
      vertex -8.98892 4.32544 3.55
    endloop
  endfacet
  facet normal -0.998794 0.0490891 0
    outer loop
      vertex -8.98892 4.32544 4.55
      vertex -9 4.1 3.55
      vertex -9 4.1 4.55
    endloop
  endfacet
  facet normal -1 0 0
    outer loop
      vertex -9 -4.1 3.55
      vertex -9 4.1 4.55
      vertex -9 4.1 3.55
    endloop
  endfacet
  facet normal -1 -0 0
    outer loop
      vertex -9 4.1 4.55
      vertex -9 -4.1 3.55
      vertex -9 -4.1 4.55
    endloop
  endfacet
  facet normal -0.243015 0.970022 0
    outer loop
      vertex -7.14871 6.35581 3.55
      vertex -7.36765 6.30096 4.55
      vertex -7.14871 6.35581 4.55
    endloop
  endfacet
  facet normal -0.243015 0.970022 0
    outer loop
      vertex -7.36765 6.30096 4.55
      vertex -7.14871 6.35581 3.55
      vertex -7.36765 6.30096 3.55
    endloop
  endfacet
  facet normal 0.595717 0.803194 -0
    outer loop
      vertex 8.1591 5.87792 3.55
      vertex 7.97781 6.01238 4.55
      vertex 8.1591 5.87792 4.55
    endloop
  endfacet
  facet normal 0.595717 0.803194 0
    outer loop
      vertex 7.97781 6.01238 4.55
      vertex 8.1591 5.87792 3.55
      vertex 7.97781 6.01238 3.55
    endloop
  endfacet
  facet normal 0.0490891 0.998794 -0
    outer loop
      vertex 6.92544 6.38892 3.55
      vertex 6.7 6.4 4.55
      vertex 6.92544 6.38892 4.55
    endloop
  endfacet
  facet normal 0.0490891 0.998794 0
    outer loop
      vertex 6.7 6.4 4.55
      vertex 6.92544 6.38892 3.55
      vertex 6.7 6.4 3.55
    endloop
  endfacet
  facet normal 0.903996 -0.427542 0
    outer loop
      vertex 8.72842 -5.18421 4.55
      vertex 8.82492 -4.98017 3.55
      vertex 8.82492 -4.98017 4.55
    endloop
  endfacet
  facet normal 0.903996 -0.427542 0
    outer loop
      vertex 8.82492 -4.98017 3.55
      vertex 8.72842 -5.18421 4.55
      vertex 8.72842 -5.18421 3.55
    endloop
  endfacet
  facet normal 0.941545 -0.336886 0
    outer loop
      vertex 8.82492 -4.98017 4.55
      vertex 8.90096 -4.76765 3.55
      vertex 8.90096 -4.76765 4.55
    endloop
  endfacet
  facet normal 0.941545 -0.336886 0
    outer loop
      vertex 8.90096 -4.76765 3.55
      vertex 8.82492 -4.98017 4.55
      vertex 8.82492 -4.98017 3.55
    endloop
  endfacet
  facet normal 0.595717 -0.803194 0
    outer loop
      vertex 7.97781 -6.01238 3.55
      vertex 8.1591 -5.87792 4.55
      vertex 7.97781 -6.01238 4.55
    endloop
  endfacet
  facet normal 0.595717 -0.803194 0
    outer loop
      vertex 8.1591 -5.87792 4.55
      vertex 7.97781 -6.01238 3.55
      vertex 8.1591 -5.87792 3.55
    endloop
  endfacet
  facet normal 0.146692 -0.989182 0
    outer loop
      vertex 6.92544 -6.38892 3.55
      vertex 7.14871 -6.35581 4.55
      vertex 6.92544 -6.38892 4.55
    endloop
  endfacet
  facet normal 0.146692 -0.989182 0
    outer loop
      vertex 7.14871 -6.35581 4.55
      vertex 6.92544 -6.38892 3.55
      vertex 7.14871 -6.35581 3.55
    endloop
  endfacet
  facet normal 0.243015 -0.970022 0
    outer loop
      vertex 7.14871 -6.35581 3.55
      vertex 7.36765 -6.30096 4.55
      vertex 7.14871 -6.35581 4.55
    endloop
  endfacet
  facet normal 0.243015 -0.970022 0
    outer loop
      vertex 7.36765 -6.30096 4.55
      vertex 7.14871 -6.35581 3.55
      vertex 7.36765 -6.30096 3.55
    endloop
  endfacet
  facet normal -0.671519 -0.740988 0
    outer loop
      vertex -8.32635 -5.72635 3.55
      vertex -8.1591 -5.87792 4.55
      vertex -8.32635 -5.72635 4.55
    endloop
  endfacet
  facet normal -0.671519 -0.740988 -0
    outer loop
      vertex -8.1591 -5.87792 4.55
      vertex -8.32635 -5.72635 3.55
      vertex -8.1591 -5.87792 3.55
    endloop
  endfacet
  facet normal -0.595717 -0.803194 0
    outer loop
      vertex -8.1591 -5.87792 3.55
      vertex -7.97781 -6.01238 4.55
      vertex -8.1591 -5.87792 4.55
    endloop
  endfacet
  facet normal -0.595717 -0.803194 -0
    outer loop
      vertex -7.97781 -6.01238 4.55
      vertex -8.1591 -5.87792 3.55
      vertex -7.97781 -6.01238 3.55
    endloop
  endfacet
  facet normal -0.336886 -0.941545 0
    outer loop
      vertex -7.58017 -6.22492 3.55
      vertex -7.36765 -6.30096 4.55
      vertex -7.58017 -6.22492 4.55
    endloop
  endfacet
  facet normal -0.336886 -0.941545 -0
    outer loop
      vertex -7.36765 -6.30096 4.55
      vertex -7.58017 -6.22492 3.55
      vertex -7.36765 -6.30096 3.55
    endloop
  endfacet
  facet normal -0.998794 -0.0490891 0
    outer loop
      vertex -8.98892 -4.32544 3.55
      vertex -9 -4.1 4.55
      vertex -9 -4.1 3.55
    endloop
  endfacet
  facet normal -0.998794 -0.0490891 0
    outer loop
      vertex -9 -4.1 4.55
      vertex -8.98892 -4.32544 3.55
      vertex -8.98892 -4.32544 4.55
    endloop
  endfacet
  facet normal 0 0 -1
    outer loop
      vertex 7.44776 -3.76537 3.55
      vertex 9 -4.1 3.55
      vertex 8.98892 -4.32544 3.55
    endloop
  endfacet
  facet normal 0 0 -1
    outer loop
      vertex 9 -4.1 3.55
      vertex 7.6 -3 3.55
      vertex 9 4.1 3.55
    endloop
  endfacet
  facet normal 0 0 -1
    outer loop
      vertex 7.36384 -3.94279 3.55
      vertex 8.98892 -4.32544 3.55
      vertex 8.95581 -4.54871 3.55
    endloop
  endfacet
  facet normal 0 0 -1
    outer loop
      vertex 7.6 3 3.55
      vertex 9 4.1 3.55
      vertex 7.6 -3 3.55
    endloop
  endfacet
  facet normal 0 0 -1
    outer loop
      vertex 7.36384 -3.94279 3.55
      vertex 8.95581 -4.54871 3.55
      vertex 8.90096 -4.76765 3.55
    endloop
  endfacet
  facet normal 0 0 -1
    outer loop
      vertex 7.59037 3.19603 3.55
      vertex 9 4.1 3.55
      vertex 7.6 3 3.55
    endloop
  endfacet
  facet normal 0 0 -1
    outer loop
      vertex 7.26294 -4.11114 3.55
      vertex 8.90096 -4.76765 3.55
      vertex 8.82492 -4.98017 3.55
    endloop
  endfacet
  facet normal 0 0 -1
    outer loop
      vertex 7.56157 3.39018 3.55
      vertex 9 4.1 3.55
      vertex 7.59037 3.19603 3.55
    endloop
  endfacet
  facet normal 0 0 -1
    outer loop
      vertex 7.26294 -4.11114 3.55
      vertex 8.82492 -4.98017 3.55
      vertex 8.72842 -5.18421 3.55
    endloop
  endfacet
  facet normal 0 0 -1
    outer loop
      vertex 7.51388 3.58057 3.55
      vertex 9 4.1 3.55
      vertex 7.56157 3.39018 3.55
    endloop
  endfacet
  facet normal 0 0 -1
    outer loop
      vertex 7.14602 -4.26879 3.55
      vertex 8.72842 -5.18421 3.55
      vertex 8.61238 -5.37781 3.55
    endloop
  endfacet
  facet normal 0 0 -1
    outer loop
      vertex 7.44776 3.76537 3.55
      vertex 9 4.1 3.55
      vertex 7.51388 3.58057 3.55
    endloop
  endfacet
  facet normal 0 0 -1
    outer loop
      vertex 7.14602 -4.26879 3.55
      vertex 8.61238 -5.37781 3.55
      vertex 8.47792 -5.5591 3.55
    endloop
  endfacet
  facet normal -0 0 -1
    outer loop
      vertex 9 4.1 3.55
      vertex 7.44776 3.76537 3.55
      vertex 8.98892 4.32544 3.55
    endloop
  endfacet
  facet normal 0 0 -1
    outer loop
      vertex 7.01421 -4.41421 3.55
      vertex 8.47792 -5.5591 3.55
      vertex 8.32635 -5.72635 3.55
    endloop
  endfacet
  facet normal 0 0 -1
    outer loop
      vertex 7.36384 3.94279 3.55
      vertex 8.98892 4.32544 3.55
      vertex 7.44776 3.76537 3.55
    endloop
  endfacet
  facet normal 0 0 -1
    outer loop
      vertex 7.01421 -4.41421 3.55
      vertex 8.32635 -5.72635 3.55
      vertex 8.1591 -5.87792 3.55
    endloop
  endfacet
  facet normal -0 0 -1
    outer loop
      vertex 8.98892 4.32544 3.55
      vertex 7.36384 3.94279 3.55
      vertex 8.95581 4.54871 3.55
    endloop
  endfacet
  facet normal 0 0 -1
    outer loop
      vertex 6.86879 -4.54602 3.55
      vertex 8.1591 -5.87792 3.55
      vertex 7.97781 -6.01238 3.55
    endloop
  endfacet
  facet normal -0 0 -1
    outer loop
      vertex 8.95581 4.54871 3.55
      vertex 7.36384 3.94279 3.55
      vertex 8.90096 4.76765 3.55
    endloop
  endfacet
  facet normal 0 0 -1
    outer loop
      vertex 6.86879 -4.54602 3.55
      vertex 7.97781 -6.01238 3.55
      vertex 7.78421 -6.12842 3.55
    endloop
  endfacet
  facet normal 0 0 -1
    outer loop
      vertex 7.26294 4.11114 3.55
      vertex 8.90096 4.76765 3.55
      vertex 7.36384 3.94279 3.55
    endloop
  endfacet
  facet normal -0 0 -1
    outer loop
      vertex 8.90096 4.76765 3.55
      vertex 7.26294 4.11114 3.55
      vertex 8.82492 4.98017 3.55
    endloop
  endfacet
  facet normal 0 0 -1
    outer loop
      vertex 9 -4.1 3.55
      vertex 7.59037 -3.19603 3.55
      vertex 7.6 -3 3.55
    endloop
  endfacet
  facet normal 0 0 -1
    outer loop
      vertex 6.71114 -4.66294 3.55
      vertex 7.78421 -6.12842 3.55
      vertex 7.58017 -6.22492 3.55
    endloop
  endfacet
  facet normal 0 0 -1
    outer loop
      vertex 9 -4.1 3.55
      vertex 7.56157 -3.39018 3.55
      vertex 7.59037 -3.19603 3.55
    endloop
  endfacet
  facet normal 0 0 -1
    outer loop
      vertex 9 -4.1 3.55
      vertex 7.51388 -3.58057 3.55
      vertex 7.56157 -3.39018 3.55
    endloop
  endfacet
  facet normal 0 0 -1
    outer loop
      vertex 9 -4.1 3.55
      vertex 7.44776 -3.76537 3.55
      vertex 7.51388 -3.58057 3.55
    endloop
  endfacet
  facet normal 0 0 -1
    outer loop
      vertex 6.71114 -4.66294 3.55
      vertex 7.58017 -6.22492 3.55
      vertex 7.36765 -6.30096 3.55
    endloop
  endfacet
  facet normal 0 0 -1
    outer loop
      vertex 8.98892 -4.32544 3.55
      vertex 7.36384 -3.94279 3.55
      vertex 7.44776 -3.76537 3.55
    endloop
  endfacet
  facet normal 0 0 -1
    outer loop
      vertex 8.90096 -4.76765 3.55
      vertex 7.26294 -4.11114 3.55
      vertex 7.36384 -3.94279 3.55
    endloop
  endfacet
  facet normal 0 0 -1
    outer loop
      vertex 6.54279 -4.76384 3.55
      vertex 7.36765 -6.30096 3.55
      vertex 7.14871 -6.35581 3.55
    endloop
  endfacet
  facet normal 0 0 -1
    outer loop
      vertex 8.72842 -5.18421 3.55
      vertex 7.14602 -4.26879 3.55
      vertex 7.26294 -4.11114 3.55
    endloop
  endfacet
  facet normal 0 0 -1
    outer loop
      vertex 8.47792 -5.5591 3.55
      vertex 7.01421 -4.41421 3.55
      vertex 7.14602 -4.26879 3.55
    endloop
  endfacet
  facet normal 0 0 -1
    outer loop
      vertex 6.54279 -4.76384 3.55
      vertex 7.14871 -6.35581 3.55
      vertex 6.92544 -6.38892 3.55
    endloop
  endfacet
  facet normal 0 0 -1
    outer loop
      vertex 8.1591 -5.87792 3.55
      vertex 6.86879 -4.54602 3.55
      vertex 7.01421 -4.41421 3.55
    endloop
  endfacet
  facet normal 0 0 -1
    outer loop
      vertex 7.78421 -6.12842 3.55
      vertex 6.71114 -4.66294 3.55
      vertex 6.86879 -4.54602 3.55
    endloop
  endfacet
  facet normal 0 0 -1
    outer loop
      vertex 6.36537 -4.84776 3.55
      vertex 6.92544 -6.38892 3.55
      vertex 6.7 -6.4 3.55
    endloop
  endfacet
  facet normal 0 0 -1
    outer loop
      vertex 7.36765 -6.30096 3.55
      vertex 6.54279 -4.76384 3.55
      vertex 6.71114 -4.66294 3.55
    endloop
  endfacet
  facet normal 0 0 -1
    outer loop
      vertex 6.92544 -6.38892 3.55
      vertex 6.36537 -4.84776 3.55
      vertex 6.54279 -4.76384 3.55
    endloop
  endfacet
  facet normal 0 0 -1
    outer loop
      vertex 6.7 -6.4 3.55
      vertex 6.18057 -4.91388 3.55
      vertex 6.36537 -4.84776 3.55
    endloop
  endfacet
  facet normal 0 0 -1
    outer loop
      vertex 6.7 -6.4 3.55
      vertex 5.99018 -4.96157 3.55
      vertex 6.18057 -4.91388 3.55
    endloop
  endfacet
  facet normal 0 0 -1
    outer loop
      vertex 6.7 -6.4 3.55
      vertex 5.79603 -4.99037 3.55
      vertex 5.99018 -4.96157 3.55
    endloop
  endfacet
  facet normal 0 0 -1
    outer loop
      vertex 6.7 -6.4 3.55
      vertex 5.6 -5 3.55
      vertex 5.79603 -4.99037 3.55
    endloop
  endfacet
  facet normal 0 0 -1
    outer loop
      vertex 6.7 -6.4 3.55
      vertex -5.6 -5 3.55
      vertex 5.6 -5 3.55
    endloop
  endfacet
  facet normal 0 0 -1
    outer loop
      vertex -6.7 -6.4 3.55
      vertex -5.6 -5 3.55
      vertex 6.7 -6.4 3.55
    endloop
  endfacet
  facet normal -0 0 -1
    outer loop
      vertex -5.6 -5 3.55
      vertex -6.7 -6.4 3.55
      vertex -5.79603 -4.99037 3.55
    endloop
  endfacet
  facet normal 0 0 -1
    outer loop
      vertex -6.7 -6.4 3.55
      vertex -5.99018 -4.96157 3.55
      vertex -5.79603 -4.99037 3.55
    endloop
  endfacet
  facet normal 0 0 -1
    outer loop
      vertex -6.7 -6.4 3.55
      vertex -6.18057 -4.91388 3.55
      vertex -5.99018 -4.96157 3.55
    endloop
  endfacet
  facet normal 0 0 -1
    outer loop
      vertex -6.7 -6.4 3.55
      vertex -6.36537 -4.84776 3.55
      vertex -6.18057 -4.91388 3.55
    endloop
  endfacet
  facet normal 0 0 -1
    outer loop
      vertex -6.92544 -6.38892 3.55
      vertex -6.36537 -4.84776 3.55
      vertex -6.7 -6.4 3.55
    endloop
  endfacet
  facet normal -0 0 -1
    outer loop
      vertex -6.36537 -4.84776 3.55
      vertex -6.92544 -6.38892 3.55
      vertex -6.54279 -4.76384 3.55
    endloop
  endfacet
  facet normal 0 0 -1
    outer loop
      vertex -7.14871 -6.35581 3.55
      vertex -6.54279 -4.76384 3.55
      vertex -6.92544 -6.38892 3.55
    endloop
  endfacet
  facet normal 0 0 -1
    outer loop
      vertex -7.36765 -6.30096 3.55
      vertex -6.54279 -4.76384 3.55
      vertex -7.14871 -6.35581 3.55
    endloop
  endfacet
  facet normal -0 0 -1
    outer loop
      vertex -6.54279 -4.76384 3.55
      vertex -7.36765 -6.30096 3.55
      vertex -6.71114 -4.66294 3.55
    endloop
  endfacet
  facet normal 0 0 -1
    outer loop
      vertex -7.58017 -6.22492 3.55
      vertex -6.71114 -4.66294 3.55
      vertex -7.36765 -6.30096 3.55
    endloop
  endfacet
  facet normal 0 0 -1
    outer loop
      vertex -7.78421 -6.12842 3.55
      vertex -6.71114 -4.66294 3.55
      vertex -7.58017 -6.22492 3.55
    endloop
  endfacet
  facet normal -0 0 -1
    outer loop
      vertex -6.71114 -4.66294 3.55
      vertex -7.78421 -6.12842 3.55
      vertex -6.86879 -4.54602 3.55
    endloop
  endfacet
  facet normal 0 0 -1
    outer loop
      vertex -7.97781 -6.01238 3.55
      vertex -6.86879 -4.54602 3.55
      vertex -7.78421 -6.12842 3.55
    endloop
  endfacet
  facet normal 0 0 -1
    outer loop
      vertex -8.1591 -5.87792 3.55
      vertex -6.86879 -4.54602 3.55
      vertex -7.97781 -6.01238 3.55
    endloop
  endfacet
  facet normal -0 0 -1
    outer loop
      vertex -6.86879 -4.54602 3.55
      vertex -8.1591 -5.87792 3.55
      vertex -7.01421 -4.41421 3.55
    endloop
  endfacet
  facet normal 0 0 -1
    outer loop
      vertex -8.32635 -5.72635 3.55
      vertex -7.01421 -4.41421 3.55
      vertex -8.1591 -5.87792 3.55
    endloop
  endfacet
  facet normal 0 0 -1
    outer loop
      vertex -8.47792 -5.5591 3.55
      vertex -7.01421 -4.41421 3.55
      vertex -8.32635 -5.72635 3.55
    endloop
  endfacet
  facet normal -0 0 -1
    outer loop
      vertex -7.01421 -4.41421 3.55
      vertex -8.47792 -5.5591 3.55
      vertex -7.14602 -4.26879 3.55
    endloop
  endfacet
  facet normal 0 0 -1
    outer loop
      vertex -8.61238 -5.37781 3.55
      vertex -7.14602 -4.26879 3.55
      vertex -8.47792 -5.5591 3.55
    endloop
  endfacet
  facet normal 0 0 -1
    outer loop
      vertex -8.72842 -5.18421 3.55
      vertex -7.14602 -4.26879 3.55
      vertex -8.61238 -5.37781 3.55
    endloop
  endfacet
  facet normal 0 0 -1
    outer loop
      vertex -8.82492 -4.98017 3.55
      vertex -7.26294 -4.11114 3.55
      vertex -8.72842 -5.18421 3.55
    endloop
  endfacet
  facet normal -0 0 -1
    outer loop
      vertex -7.14602 -4.26879 3.55
      vertex -8.72842 -5.18421 3.55
      vertex -7.26294 -4.11114 3.55
    endloop
  endfacet
  facet normal -0 0 -1
    outer loop
      vertex 8.82492 4.98017 3.55
      vertex 7.26294 4.11114 3.55
      vertex 8.72842 5.18421 3.55
    endloop
  endfacet
  facet normal 0 0 -1
    outer loop
      vertex 7.14602 4.26879 3.55
      vertex 8.72842 5.18421 3.55
      vertex 7.26294 4.11114 3.55
    endloop
  endfacet
  facet normal -0 0 -1
    outer loop
      vertex 8.72842 5.18421 3.55
      vertex 7.14602 4.26879 3.55
      vertex 8.61238 5.37781 3.55
    endloop
  endfacet
  facet normal -0 0 -1
    outer loop
      vertex 8.61238 5.37781 3.55
      vertex 7.14602 4.26879 3.55
      vertex 8.47792 5.5591 3.55
    endloop
  endfacet
  facet normal 0 0 -1
    outer loop
      vertex 7.01421 4.41421 3.55
      vertex 8.47792 5.5591 3.55
      vertex 7.14602 4.26879 3.55
    endloop
  endfacet
  facet normal -0 0 -1
    outer loop
      vertex 8.47792 5.5591 3.55
      vertex 7.01421 4.41421 3.55
      vertex 8.32635 5.72635 3.55
    endloop
  endfacet
  facet normal -0 0 -1
    outer loop
      vertex 8.32635 5.72635 3.55
      vertex 7.01421 4.41421 3.55
      vertex 8.1591 5.87792 3.55
    endloop
  endfacet
  facet normal 0 0 -1
    outer loop
      vertex 6.86879 4.54602 3.55
      vertex 8.1591 5.87792 3.55
      vertex 7.01421 4.41421 3.55
    endloop
  endfacet
  facet normal -0 0 -1
    outer loop
      vertex 8.1591 5.87792 3.55
      vertex 6.86879 4.54602 3.55
      vertex 7.97781 6.01238 3.55
    endloop
  endfacet
  facet normal -0 0 -1
    outer loop
      vertex 7.97781 6.01238 3.55
      vertex 6.86879 4.54602 3.55
      vertex 7.78421 6.12842 3.55
    endloop
  endfacet
  facet normal 0 0 -1
    outer loop
      vertex 6.71114 4.66294 3.55
      vertex 7.78421 6.12842 3.55
      vertex 6.86879 4.54602 3.55
    endloop
  endfacet
  facet normal -0 0 -1
    outer loop
      vertex 7.78421 6.12842 3.55
      vertex 6.71114 4.66294 3.55
      vertex 7.58017 6.22492 3.55
    endloop
  endfacet
  facet normal -0 0 -1
    outer loop
      vertex 7.58017 6.22492 3.55
      vertex 6.71114 4.66294 3.55
      vertex 7.36765 6.30096 3.55
    endloop
  endfacet
  facet normal 0 0 -1
    outer loop
      vertex 6.54279 4.76384 3.55
      vertex 7.36765 6.30096 3.55
      vertex 6.71114 4.66294 3.55
    endloop
  endfacet
  facet normal -0 0 -1
    outer loop
      vertex 7.36765 6.30096 3.55
      vertex 6.54279 4.76384 3.55
      vertex 7.14871 6.35581 3.55
    endloop
  endfacet
  facet normal -0 0 -1
    outer loop
      vertex 7.14871 6.35581 3.55
      vertex 6.54279 4.76384 3.55
      vertex 6.92544 6.38892 3.55
    endloop
  endfacet
  facet normal 0 0 -1
    outer loop
      vertex 6.36537 4.84776 3.55
      vertex 6.92544 6.38892 3.55
      vertex 6.54279 4.76384 3.55
    endloop
  endfacet
  facet normal -0 0 -1
    outer loop
      vertex 6.92544 6.38892 3.55
      vertex 6.36537 4.84776 3.55
      vertex 6.7 6.4 3.55
    endloop
  endfacet
  facet normal 0 0 -1
    outer loop
      vertex 6.18057 4.91388 3.55
      vertex 6.7 6.4 3.55
      vertex 6.36537 4.84776 3.55
    endloop
  endfacet
  facet normal 0 0 -1
    outer loop
      vertex 5.99018 4.96157 3.55
      vertex 6.7 6.4 3.55
      vertex 6.18057 4.91388 3.55
    endloop
  endfacet
  facet normal 0 0 -1
    outer loop
      vertex 5.79603 4.99037 3.55
      vertex 6.7 6.4 3.55
      vertex 5.99018 4.96157 3.55
    endloop
  endfacet
  facet normal 0 0 -1
    outer loop
      vertex 5.6 5 3.55
      vertex 6.7 6.4 3.55
      vertex 5.79603 4.99037 3.55
    endloop
  endfacet
  facet normal 0 0 -1
    outer loop
      vertex -5.6 5 3.55
      vertex 6.7 6.4 3.55
      vertex 5.6 5 3.55
    endloop
  endfacet
  facet normal 0 0 -1
    outer loop
      vertex -6.7 6.4 3.55
      vertex -5.6 5 3.55
      vertex -5.79603 4.99037 3.55
    endloop
  endfacet
  facet normal 0 0 -1
    outer loop
      vertex -5.6 5 3.55
      vertex -6.7 6.4 3.55
      vertex 6.7 6.4 3.55
    endloop
  endfacet
  facet normal 0 0 -1
    outer loop
      vertex -5.99018 4.96157 3.55
      vertex -6.7 6.4 3.55
      vertex -5.79603 4.99037 3.55
    endloop
  endfacet
  facet normal 0 0 -1
    outer loop
      vertex -6.18057 4.91388 3.55
      vertex -6.7 6.4 3.55
      vertex -5.99018 4.96157 3.55
    endloop
  endfacet
  facet normal 0 0 -1
    outer loop
      vertex -6.36537 4.84776 3.55
      vertex -6.7 6.4 3.55
      vertex -6.18057 4.91388 3.55
    endloop
  endfacet
  facet normal 0 0 -1
    outer loop
      vertex -6.92544 6.38892 3.55
      vertex -6.36537 4.84776 3.55
      vertex -6.54279 4.76384 3.55
    endloop
  endfacet
  facet normal 0 0 -1
    outer loop
      vertex -7.36765 6.30096 3.55
      vertex -6.54279 4.76384 3.55
      vertex -6.71114 4.66294 3.55
    endloop
  endfacet
  facet normal 0 0 -1
    outer loop
      vertex -7.78421 6.12842 3.55
      vertex -6.71114 4.66294 3.55
      vertex -6.86879 4.54602 3.55
    endloop
  endfacet
  facet normal 0 0 -1
    outer loop
      vertex -6.36537 4.84776 3.55
      vertex -6.92544 6.38892 3.55
      vertex -6.7 6.4 3.55
    endloop
  endfacet
  facet normal 0 0 -1
    outer loop
      vertex -8.1591 5.87792 3.55
      vertex -6.86879 4.54602 3.55
      vertex -7.01421 4.41421 3.55
    endloop
  endfacet
  facet normal 0 0 -1
    outer loop
      vertex -8.47792 5.5591 3.55
      vertex -7.01421 4.41421 3.55
      vertex -7.14602 4.26879 3.55
    endloop
  endfacet
  facet normal 0 0 -1
    outer loop
      vertex -6.54279 4.76384 3.55
      vertex -7.14871 6.35581 3.55
      vertex -6.92544 6.38892 3.55
    endloop
  endfacet
  facet normal 0 0 -1
    outer loop
      vertex -8.72842 5.18421 3.55
      vertex -7.14602 4.26879 3.55
      vertex -7.26294 4.11114 3.55
    endloop
  endfacet
  facet normal 0 0 -1
    outer loop
      vertex -8.90096 4.76765 3.55
      vertex -7.26294 4.11114 3.55
      vertex -7.36384 3.94279 3.55
    endloop
  endfacet
  facet normal 0 0 -1
    outer loop
      vertex -6.54279 4.76384 3.55
      vertex -7.36765 6.30096 3.55
      vertex -7.14871 6.35581 3.55
    endloop
  endfacet
  facet normal 0 0 -1
    outer loop
      vertex -8.98892 4.32544 3.55
      vertex -7.36384 3.94279 3.55
      vertex -7.44776 3.76537 3.55
    endloop
  endfacet
  facet normal 0 0 -1
    outer loop
      vertex -9 4.1 3.55
      vertex -7.44776 3.76537 3.55
      vertex -7.51388 3.58057 3.55
    endloop
  endfacet
  facet normal 0 0 -1
    outer loop
      vertex -9 4.1 3.55
      vertex -7.51388 3.58057 3.55
      vertex -7.56157 3.39018 3.55
    endloop
  endfacet
  facet normal 0 0 -1
    outer loop
      vertex -6.71114 4.66294 3.55
      vertex -7.58017 6.22492 3.55
      vertex -7.36765 6.30096 3.55
    endloop
  endfacet
  facet normal 0 0 -1
    outer loop
      vertex -9 4.1 3.55
      vertex -7.56157 3.39018 3.55
      vertex -7.59037 3.19603 3.55
    endloop
  endfacet
  facet normal 0 0 -1
    outer loop
      vertex -9 4.1 3.55
      vertex -7.59037 3.19603 3.55
      vertex -7.6 3 3.55
    endloop
  endfacet
  facet normal -0 0 -1
    outer loop
      vertex -7.6 -3 3.55
      vertex -9 -4.1 3.55
      vertex -7.6 3 3.55
    endloop
  endfacet
  facet normal 0 0 -1
    outer loop
      vertex -9 4.1 3.55
      vertex -7.6 3 3.55
      vertex -9 -4.1 3.55
    endloop
  endfacet
  facet normal 0 0 -1
    outer loop
      vertex -8.90096 -4.76765 3.55
      vertex -7.26294 -4.11114 3.55
      vertex -8.82492 -4.98017 3.55
    endloop
  endfacet
  facet normal 0 0 -1
    outer loop
      vertex -7.44776 3.76537 3.55
      vertex -9 4.1 3.55
      vertex -8.98892 4.32544 3.55
    endloop
  endfacet
  facet normal -0 0 -1
    outer loop
      vertex -7.26294 -4.11114 3.55
      vertex -8.90096 -4.76765 3.55
      vertex -7.36384 -3.94279 3.55
    endloop
  endfacet
  facet normal 0 0 -1
    outer loop
      vertex -6.71114 4.66294 3.55
      vertex -7.78421 6.12842 3.55
      vertex -7.58017 6.22492 3.55
    endloop
  endfacet
  facet normal 0 0 -1
    outer loop
      vertex -8.95581 -4.54871 3.55
      vertex -7.36384 -3.94279 3.55
      vertex -8.90096 -4.76765 3.55
    endloop
  endfacet
  facet normal 0 0 -1
    outer loop
      vertex -6.86879 4.54602 3.55
      vertex -7.97781 6.01238 3.55
      vertex -7.78421 6.12842 3.55
    endloop
  endfacet
  facet normal 0 0 -1
    outer loop
      vertex -8.98892 -4.32544 3.55
      vertex -7.36384 -3.94279 3.55
      vertex -8.95581 -4.54871 3.55
    endloop
  endfacet
  facet normal 0 0 -1
    outer loop
      vertex -6.86879 4.54602 3.55
      vertex -8.1591 5.87792 3.55
      vertex -7.97781 6.01238 3.55
    endloop
  endfacet
  facet normal -0 0 -1
    outer loop
      vertex -7.36384 -3.94279 3.55
      vertex -8.98892 -4.32544 3.55
      vertex -7.44776 -3.76537 3.55
    endloop
  endfacet
  facet normal 0 0 -1
    outer loop
      vertex -7.01421 4.41421 3.55
      vertex -8.32635 5.72635 3.55
      vertex -8.1591 5.87792 3.55
    endloop
  endfacet
  facet normal 0 0 -1
    outer loop
      vertex -9 -4.1 3.55
      vertex -7.44776 -3.76537 3.55
      vertex -8.98892 -4.32544 3.55
    endloop
  endfacet
  facet normal 0 0 -1
    outer loop
      vertex -7.01421 4.41421 3.55
      vertex -8.47792 5.5591 3.55
      vertex -8.32635 5.72635 3.55
    endloop
  endfacet
  facet normal -0 0 -1
    outer loop
      vertex -7.44776 -3.76537 3.55
      vertex -9 -4.1 3.55
      vertex -7.51388 -3.58057 3.55
    endloop
  endfacet
  facet normal 0 0 -1
    outer loop
      vertex -7.14602 4.26879 3.55
      vertex -8.61238 5.37781 3.55
      vertex -8.47792 5.5591 3.55
    endloop
  endfacet
  facet normal -0 0 -1
    outer loop
      vertex -7.51388 -3.58057 3.55
      vertex -9 -4.1 3.55
      vertex -7.56157 -3.39018 3.55
    endloop
  endfacet
  facet normal 0 0 -1
    outer loop
      vertex -7.14602 4.26879 3.55
      vertex -8.72842 5.18421 3.55
      vertex -8.61238 5.37781 3.55
    endloop
  endfacet
  facet normal -0 0 -1
    outer loop
      vertex -7.56157 -3.39018 3.55
      vertex -9 -4.1 3.55
      vertex -7.59037 -3.19603 3.55
    endloop
  endfacet
  facet normal 0 0 -1
    outer loop
      vertex -7.26294 4.11114 3.55
      vertex -8.82492 4.98017 3.55
      vertex -8.72842 5.18421 3.55
    endloop
  endfacet
  facet normal -0 0 -1
    outer loop
      vertex -7.59037 -3.19603 3.55
      vertex -9 -4.1 3.55
      vertex -7.6 -3 3.55
    endloop
  endfacet
  facet normal 0 0 -1
    outer loop
      vertex -7.26294 4.11114 3.55
      vertex -8.90096 4.76765 3.55
      vertex -8.82492 4.98017 3.55
    endloop
  endfacet
  facet normal 0 0 -1
    outer loop
      vertex -7.36384 3.94279 3.55
      vertex -8.95581 4.54871 3.55
      vertex -8.90096 4.76765 3.55
    endloop
  endfacet
  facet normal 0 0 -1
    outer loop
      vertex -7.36384 3.94279 3.55
      vertex -8.98892 4.32544 3.55
      vertex -8.95581 4.54871 3.55
    endloop
  endfacet
  facet normal -0.803194 0.595717 0
    outer loop
      vertex -8.61238 5.37781 3.55
      vertex -8.47792 5.5591 4.55
      vertex -8.47792 5.5591 3.55
    endloop
  endfacet
  facet normal -0.803194 0.595717 0
    outer loop
      vertex -8.47792 5.5591 4.55
      vertex -8.61238 5.37781 3.55
      vertex -8.61238 5.37781 4.55
    endloop
  endfacet
  facet normal -0.857727 0.514105 0
    outer loop
      vertex -8.72842 5.18421 3.55
      vertex -8.61238 5.37781 4.55
      vertex -8.61238 5.37781 3.55
    endloop
  endfacet
  facet normal -0.857727 0.514105 0
    outer loop
      vertex -8.61238 5.37781 4.55
      vertex -8.72842 5.18421 3.55
      vertex -8.72842 5.18421 4.55
    endloop
  endfacet
  facet normal -0.671519 0.740988 0
    outer loop
      vertex -8.1591 5.87792 3.55
      vertex -8.32635 5.72635 4.55
      vertex -8.1591 5.87792 4.55
    endloop
  endfacet
  facet normal -0.671519 0.740988 0
    outer loop
      vertex -8.32635 5.72635 4.55
      vertex -8.1591 5.87792 3.55
      vertex -8.32635 5.72635 3.55
    endloop
  endfacet
  facet normal -0.0490891 0.998794 0
    outer loop
      vertex -6.7 6.4 3.55
      vertex -6.92544 6.38892 4.55
      vertex -6.7 6.4 4.55
    endloop
  endfacet
  facet normal -0.0490891 0.998794 0
    outer loop
      vertex -6.92544 6.38892 4.55
      vertex -6.7 6.4 3.55
      vertex -6.92544 6.38892 3.55
    endloop
  endfacet
  facet normal 0.671519 0.740988 -0
    outer loop
      vertex 8.32635 5.72635 3.55
      vertex 8.1591 5.87792 4.55
      vertex 8.32635 5.72635 4.55
    endloop
  endfacet
  facet normal 0.671519 0.740988 0
    outer loop
      vertex 8.1591 5.87792 4.55
      vertex 8.32635 5.72635 3.55
      vertex 8.1591 5.87792 3.55
    endloop
  endfacet
  facet normal 0.336886 0.941545 -0
    outer loop
      vertex 7.58017 6.22492 3.55
      vertex 7.36765 6.30096 4.55
      vertex 7.58017 6.22492 4.55
    endloop
  endfacet
  facet normal 0.336886 0.941545 0
    outer loop
      vertex 7.36765 6.30096 4.55
      vertex 7.58017 6.22492 3.55
      vertex 7.36765 6.30096 3.55
    endloop
  endfacet
  facet normal 0.970022 -0.243015 0
    outer loop
      vertex 8.90096 -4.76765 4.55
      vertex 8.95581 -4.54871 3.55
      vertex 8.95581 -4.54871 4.55
    endloop
  endfacet
  facet normal 0.970022 -0.243015 0
    outer loop
      vertex 8.95581 -4.54871 3.55
      vertex 8.90096 -4.76765 4.55
      vertex 8.90096 -4.76765 3.55
    endloop
  endfacet
  facet normal 0.803194 -0.595717 0
    outer loop
      vertex 8.47792 -5.5591 4.55
      vertex 8.61238 -5.37781 3.55
      vertex 8.61238 -5.37781 4.55
    endloop
  endfacet
  facet normal 0.803194 -0.595717 0
    outer loop
      vertex 8.61238 -5.37781 3.55
      vertex 8.47792 -5.5591 4.55
      vertex 8.47792 -5.5591 3.55
    endloop
  endfacet
  facet normal -0.514105 -0.857727 0
    outer loop
      vertex -7.97781 -6.01238 3.55
      vertex -7.78421 -6.12842 4.55
      vertex -7.97781 -6.01238 4.55
    endloop
  endfacet
  facet normal -0.514105 -0.857727 -0
    outer loop
      vertex -7.78421 -6.12842 4.55
      vertex -7.97781 -6.01238 3.55
      vertex -7.78421 -6.12842 3.55
    endloop
  endfacet
  facet normal -0.146692 -0.989182 0
    outer loop
      vertex -7.14871 -6.35581 3.55
      vertex -6.92544 -6.38892 4.55
      vertex -7.14871 -6.35581 4.55
    endloop
  endfacet
  facet normal -0.146692 -0.989182 -0
    outer loop
      vertex -6.92544 -6.38892 4.55
      vertex -7.14871 -6.35581 3.55
      vertex -6.92544 -6.38892 3.55
    endloop
  endfacet
  facet normal -0.857727 -0.514105 0
    outer loop
      vertex -8.61238 -5.37781 3.55
      vertex -8.72842 -5.18421 4.55
      vertex -8.72842 -5.18421 3.55
    endloop
  endfacet
  facet normal -0.857727 -0.514105 0
    outer loop
      vertex -8.72842 -5.18421 4.55
      vertex -8.61238 -5.37781 3.55
      vertex -8.61238 -5.37781 4.55
    endloop
  endfacet
  facet normal -0.903996 -0.427542 0
    outer loop
      vertex -8.72842 -5.18421 3.55
      vertex -8.82492 -4.98017 4.55
      vertex -8.82492 -4.98017 3.55
    endloop
  endfacet
  facet normal -0.903996 -0.427542 0
    outer loop
      vertex -8.82492 -4.98017 4.55
      vertex -8.72842 -5.18421 3.55
      vertex -8.72842 -5.18421 4.55
    endloop
  endfacet
  facet normal -0.941545 -0.336886 0
    outer loop
      vertex -8.82492 -4.98017 3.55
      vertex -8.90096 -4.76765 4.55
      vertex -8.90096 -4.76765 3.55
    endloop
  endfacet
  facet normal -0.941545 -0.336886 0
    outer loop
      vertex -8.90096 -4.76765 4.55
      vertex -8.82492 -4.98017 3.55
      vertex -8.82492 -4.98017 4.55
    endloop
  endfacet
  facet normal -0.970022 -0.243015 0
    outer loop
      vertex -8.90096 -4.76765 3.55
      vertex -8.95581 -4.54871 4.55
      vertex -8.95581 -4.54871 3.55
    endloop
  endfacet
  facet normal -0.970022 -0.243015 0
    outer loop
      vertex -8.95581 -4.54871 4.55
      vertex -8.90096 -4.76765 3.55
      vertex -8.90096 -4.76765 4.55
    endloop
  endfacet
  facet normal -0.989182 -0.146692 0
    outer loop
      vertex -8.95581 -4.54871 3.55
      vertex -8.98892 -4.32544 4.55
      vertex -8.98892 -4.32544 3.55
    endloop
  endfacet
  facet normal -0.989182 -0.146692 0
    outer loop
      vertex -8.98892 -4.32544 4.55
      vertex -8.95581 -4.54871 3.55
      vertex -8.95581 -4.54871 4.55
    endloop
  endfacet
  facet normal -0.941545 0.336886 0
    outer loop
      vertex -8.90096 4.76765 3.55
      vertex -8.82492 4.98017 4.55
      vertex -8.82492 4.98017 3.55
    endloop
  endfacet
  facet normal -0.941545 0.336886 0
    outer loop
      vertex -8.82492 4.98017 4.55
      vertex -8.90096 4.76765 3.55
      vertex -8.90096 4.76765 4.55
    endloop
  endfacet
  facet normal -0.903996 0.427542 0
    outer loop
      vertex -8.82492 4.98017 3.55
      vertex -8.72842 5.18421 4.55
      vertex -8.72842 5.18421 3.55
    endloop
  endfacet
  facet normal -0.903996 0.427542 0
    outer loop
      vertex -8.72842 5.18421 4.55
      vertex -8.82492 4.98017 3.55
      vertex -8.82492 4.98017 4.55
    endloop
  endfacet
  facet normal -0.740988 0.671519 0
    outer loop
      vertex -8.47792 5.5591 3.55
      vertex -8.32635 5.72635 4.55
      vertex -8.32635 5.72635 3.55
    endloop
  endfacet
  facet normal -0.740988 0.671519 0
    outer loop
      vertex -8.32635 5.72635 4.55
      vertex -8.47792 5.5591 3.55
      vertex -8.47792 5.5591 4.55
    endloop
  endfacet
  facet normal -0.427542 0.903996 0
    outer loop
      vertex -7.58017 6.22492 3.55
      vertex -7.78421 6.12842 4.55
      vertex -7.58017 6.22492 4.55
    endloop
  endfacet
  facet normal -0.427542 0.903996 0
    outer loop
      vertex -7.78421 6.12842 4.55
      vertex -7.58017 6.22492 3.55
      vertex -7.78421 6.12842 3.55
    endloop
  endfacet
  facet normal -0.336886 0.941545 0
    outer loop
      vertex -7.36765 6.30096 3.55
      vertex -7.58017 6.22492 4.55
      vertex -7.36765 6.30096 4.55
    endloop
  endfacet
  facet normal -0.336886 0.941545 0
    outer loop
      vertex -7.58017 6.22492 4.55
      vertex -7.36765 6.30096 3.55
      vertex -7.58017 6.22492 3.55
    endloop
  endfacet
  facet normal -0.514105 0.857727 0
    outer loop
      vertex -7.78421 6.12842 3.55
      vertex -7.97781 6.01238 4.55
      vertex -7.78421 6.12842 4.55
    endloop
  endfacet
  facet normal -0.514105 0.857727 0
    outer loop
      vertex -7.97781 6.01238 4.55
      vertex -7.78421 6.12842 3.55
      vertex -7.97781 6.01238 3.55
    endloop
  endfacet
  facet normal -0.146692 0.989182 0
    outer loop
      vertex -6.92544 6.38892 3.55
      vertex -7.14871 6.35581 4.55
      vertex -6.92544 6.38892 4.55
    endloop
  endfacet
  facet normal -0.146692 0.989182 0
    outer loop
      vertex -7.14871 6.35581 4.55
      vertex -6.92544 6.38892 3.55
      vertex -7.14871 6.35581 3.55
    endloop
  endfacet
  facet normal 0.803194 0.595717 0
    outer loop
      vertex 8.61238 5.37781 4.55
      vertex 8.47792 5.5591 3.55
      vertex 8.47792 5.5591 4.55
    endloop
  endfacet
  facet normal 0.803194 0.595717 0
    outer loop
      vertex 8.47792 5.5591 3.55
      vertex 8.61238 5.37781 4.55
      vertex 8.61238 5.37781 3.55
    endloop
  endfacet
  facet normal 0.427542 0.903996 -0
    outer loop
      vertex 7.78421 6.12842 3.55
      vertex 7.58017 6.22492 4.55
      vertex 7.78421 6.12842 4.55
    endloop
  endfacet
  facet normal 0.427542 0.903996 0
    outer loop
      vertex 7.58017 6.22492 4.55
      vertex 7.78421 6.12842 3.55
      vertex 7.58017 6.22492 3.55
    endloop
  endfacet
  facet normal 0.146692 0.989182 -0
    outer loop
      vertex 7.14871 6.35581 3.55
      vertex 6.92544 6.38892 4.55
      vertex 7.14871 6.35581 4.55
    endloop
  endfacet
  facet normal 0.146692 0.989182 0
    outer loop
      vertex 6.92544 6.38892 4.55
      vertex 7.14871 6.35581 3.55
      vertex 6.92544 6.38892 3.55
    endloop
  endfacet
  facet normal -0.740988 -0.671519 0
    outer loop
      vertex -8.32635 -5.72635 3.55
      vertex -8.47792 -5.5591 4.55
      vertex -8.47792 -5.5591 3.55
    endloop
  endfacet
  facet normal -0.740988 -0.671519 0
    outer loop
      vertex -8.47792 -5.5591 4.55
      vertex -8.32635 -5.72635 3.55
      vertex -8.32635 -5.72635 4.55
    endloop
  endfacet
  facet normal -0.803194 -0.595717 0
    outer loop
      vertex -8.47792 -5.5591 3.55
      vertex -8.61238 -5.37781 4.55
      vertex -8.61238 -5.37781 3.55
    endloop
  endfacet
  facet normal -0.803194 -0.595717 0
    outer loop
      vertex -8.61238 -5.37781 4.55
      vertex -8.47792 -5.5591 3.55
      vertex -8.47792 -5.5591 4.55
    endloop
  endfacet
  facet normal 0.857727 0.514105 0
    outer loop
      vertex 8.72842 5.18421 4.55
      vertex 8.61238 5.37781 3.55
      vertex 8.61238 5.37781 4.55
    endloop
  endfacet
  facet normal 0.857727 0.514105 0
    outer loop
      vertex 8.61238 5.37781 3.55
      vertex 8.72842 5.18421 4.55
      vertex 8.72842 5.18421 3.55
    endloop
  endfacet
  facet normal 0.740988 0.671519 0
    outer loop
      vertex 8.47792 5.5591 4.55
      vertex 8.32635 5.72635 3.55
      vertex 8.32635 5.72635 4.55
    endloop
  endfacet
  facet normal 0.740988 0.671519 0
    outer loop
      vertex 8.32635 5.72635 3.55
      vertex 8.47792 5.5591 4.55
      vertex 8.47792 5.5591 3.55
    endloop
  endfacet
  facet normal 0.243015 0.970022 -0
    outer loop
      vertex 7.36765 6.30096 3.55
      vertex 7.14871 6.35581 4.55
      vertex 7.36765 6.30096 4.55
    endloop
  endfacet
  facet normal 0.243015 0.970022 0
    outer loop
      vertex 7.14871 6.35581 4.55
      vertex 7.36765 6.30096 3.55
      vertex 7.14871 6.35581 3.55
    endloop
  endfacet
  facet normal 0.514105 0.857727 -0
    outer loop
      vertex 7.97781 6.01238 3.55
      vertex 7.78421 6.12842 4.55
      vertex 7.97781 6.01238 4.55
    endloop
  endfacet
  facet normal 0.514105 0.857727 0
    outer loop
      vertex 7.78421 6.12842 4.55
      vertex 7.97781 6.01238 3.55
      vertex 7.78421 6.12842 3.55
    endloop
  endfacet
  facet normal 0.903996 0.427542 0
    outer loop
      vertex 8.82492 4.98017 4.55
      vertex 8.72842 5.18421 3.55
      vertex 8.72842 5.18421 4.55
    endloop
  endfacet
  facet normal 0.903996 0.427542 0
    outer loop
      vertex 8.72842 5.18421 3.55
      vertex 8.82492 4.98017 4.55
      vertex 8.82492 4.98017 3.55
    endloop
  endfacet
  facet normal 0.941545 0.336886 0
    outer loop
      vertex 8.90096 4.76765 4.55
      vertex 8.82492 4.98017 3.55
      vertex 8.82492 4.98017 4.55
    endloop
  endfacet
  facet normal 0.941545 0.336886 0
    outer loop
      vertex 8.82492 4.98017 3.55
      vertex 8.90096 4.76765 4.55
      vertex 8.90096 4.76765 3.55
    endloop
  endfacet
  facet normal 0.998796 -0.0490603 0
    outer loop
      vertex 2.73676 -0.269547 14.12
      vertex 2.75 0 4.55
      vertex 2.75 0 14.12
    endloop
  endfacet
  facet normal 0.998796 -0.0490603 0
    outer loop
      vertex 2.75 0 4.55
      vertex 2.73676 -0.269547 14.12
      vertex 2.73676 -0.269547 4.55
    endloop
  endfacet
  facet normal 0.514092 0.857735 -0
    outer loop
      vertex 1.52782 2.28654 4.55
      vertex 1.29634 2.42528 14.12
      vertex 1.52782 2.28654 14.12
    endloop
  endfacet
  facet normal 0.514092 0.857735 0
    outer loop
      vertex 1.29634 2.42528 14.12
      vertex 1.52782 2.28654 4.55
      vertex 1.29634 2.42528 4.55
    endloop
  endfacet
  facet normal -0.336899 0.941541 0
    outer loop
      vertex -0.798283 2.63159 4.55
      vertex -1.05238 2.54067 14.12
      vertex -0.798283 2.63159 14.12
    endloop
  endfacet
  facet normal -0.336899 0.941541 0
    outer loop
      vertex -1.05238 2.54067 14.12
      vertex -0.798283 2.63159 4.55
      vertex -1.05238 2.54067 4.55
    endloop
  endfacet
  facet normal -0.903981 0.427572 0
    outer loop
      vertex -2.54067 1.05238 4.55
      vertex -2.42528 1.29634 14.12
      vertex -2.42528 1.29634 4.55
    endloop
  endfacet
  facet normal -0.903981 0.427572 0
    outer loop
      vertex -2.42528 1.29634 14.12
      vertex -2.54067 1.05238 4.55
      vertex -2.54067 1.05238 14.12
    endloop
  endfacet
  facet normal -0.903981 -0.427572 0
    outer loop
      vertex -2.42528 -1.29634 4.55
      vertex -2.54067 -1.05238 14.12
      vertex -2.54067 -1.05238 4.55
    endloop
  endfacet
  facet normal -0.903981 -0.427572 0
    outer loop
      vertex -2.54067 -1.05238 14.12
      vertex -2.42528 -1.29634 4.55
      vertex -2.42528 -1.29634 14.12
    endloop
  endfacet
  facet normal 0.970035 0.242967 0
    outer loop
      vertex 2.69716 0.536498 14.12
      vertex 2.63159 0.798283 4.55
      vertex 2.63159 0.798283 14.12
    endloop
  endfacet
  facet normal 0.970035 0.242967 0
    outer loop
      vertex 2.63159 0.798283 4.55
      vertex 2.69716 0.536498 14.12
      vertex 2.69716 0.536498 4.55
    endloop
  endfacet
  facet normal 0.941541 0.336899 0
    outer loop
      vertex 2.63159 0.798283 14.12
      vertex 2.54067 1.05238 4.55
      vertex 2.54067 1.05238 14.12
    endloop
  endfacet
  facet normal 0.941541 0.336899 0
    outer loop
      vertex 2.54067 1.05238 4.55
      vertex 2.63159 0.798283 14.12
      vertex 2.63159 0.798283 4.55
    endloop
  endfacet
  facet normal 0.740939 0.671573 0
    outer loop
      vertex 2.12578 1.74458 14.12
      vertex 1.94454 1.94454 4.55
      vertex 1.94454 1.94454 14.12
    endloop
  endfacet
  facet normal 0.740939 0.671573 0
    outer loop
      vertex 1.94454 1.94454 4.55
      vertex 2.12578 1.74458 14.12
      vertex 2.12578 1.74458 4.55
    endloop
  endfacet
  facet normal 0.427572 0.903981 -0
    outer loop
      vertex 1.29634 2.42528 4.55
      vertex 1.05238 2.54067 14.12
      vertex 1.29634 2.42528 14.12
    endloop
  endfacet
  facet normal 0.427572 0.903981 0
    outer loop
      vertex 1.05238 2.54067 14.12
      vertex 1.29634 2.42528 4.55
      vertex 1.05238 2.54067 4.55
    endloop
  endfacet
  facet normal -0.595699 0.803208 0
    outer loop
      vertex -1.52782 2.28654 4.55
      vertex -1.74458 2.12578 14.12
      vertex -1.52782 2.28654 14.12
    endloop
  endfacet
  facet normal -0.595699 0.803208 0
    outer loop
      vertex -1.74458 2.12578 14.12
      vertex -1.52782 2.28654 4.55
      vertex -1.74458 2.12578 4.55
    endloop
  endfacet
  facet normal 0.803208 -0.595699 0
    outer loop
      vertex 2.12578 -1.74458 14.12
      vertex 2.28654 -1.52782 4.55
      vertex 2.28654 -1.52782 14.12
    endloop
  endfacet
  facet normal 0.803208 -0.595699 0
    outer loop
      vertex 2.28654 -1.52782 4.55
      vertex 2.12578 -1.74458 14.12
      vertex 2.12578 -1.74458 4.55
    endloop
  endfacet
  facet normal 0.242967 -0.970035 0
    outer loop
      vertex 0.536498 -2.69716 4.55
      vertex 0.798283 -2.63159 14.12
      vertex 0.536498 -2.69716 14.12
    endloop
  endfacet
  facet normal 0.242967 -0.970035 0
    outer loop
      vertex 0.798283 -2.63159 14.12
      vertex 0.536498 -2.69716 4.55
      vertex 0.798283 -2.63159 4.55
    endloop
  endfacet
  facet normal 0.740939 -0.671573 0
    outer loop
      vertex 1.94454 -1.94454 14.12
      vertex 2.12578 -1.74458 4.55
      vertex 2.12578 -1.74458 14.12
    endloop
  endfacet
  facet normal 0.740939 -0.671573 0
    outer loop
      vertex 2.12578 -1.74458 4.55
      vertex 1.94454 -1.94454 14.12
      vertex 1.94454 -1.94454 4.55
    endloop
  endfacet
  facet normal -0.0490603 -0.998796 0
    outer loop
      vertex -0.269547 -2.73676 4.55
      vertex 0 -2.75 14.12
      vertex -0.269547 -2.73676 14.12
    endloop
  endfacet
  facet normal -0.0490603 -0.998796 -0
    outer loop
      vertex 0 -2.75 14.12
      vertex -0.269547 -2.73676 4.55
      vertex 0 -2.75 4.55
    endloop
  endfacet
  facet normal -0.514092 -0.857735 0
    outer loop
      vertex -1.52782 -2.28654 4.55
      vertex -1.29634 -2.42528 14.12
      vertex -1.52782 -2.28654 14.12
    endloop
  endfacet
  facet normal -0.514092 -0.857735 -0
    outer loop
      vertex -1.29634 -2.42528 14.12
      vertex -1.52782 -2.28654 4.55
      vertex -1.29634 -2.42528 4.55
    endloop
  endfacet
  facet normal -0.595699 -0.803208 0
    outer loop
      vertex -1.74458 -2.12578 4.55
      vertex -1.52782 -2.28654 14.12
      vertex -1.74458 -2.12578 14.12
    endloop
  endfacet
  facet normal -0.595699 -0.803208 -0
    outer loop
      vertex -1.52782 -2.28654 14.12
      vertex -1.74458 -2.12578 4.55
      vertex -1.52782 -2.28654 4.55
    endloop
  endfacet
  facet normal 0.989176 0.146736 0
    outer loop
      vertex 2.73676 0.269547 14.12
      vertex 2.69716 0.536498 4.55
      vertex 2.69716 0.536498 14.12
    endloop
  endfacet
  facet normal 0.989176 0.146736 0
    outer loop
      vertex 2.69716 0.536498 4.55
      vertex 2.73676 0.269547 14.12
      vertex 2.73676 0.269547 4.55
    endloop
  endfacet
  facet normal 0.903981 0.427572 0
    outer loop
      vertex 2.54067 1.05238 14.12
      vertex 2.42528 1.29634 4.55
      vertex 2.42528 1.29634 14.12
    endloop
  endfacet
  facet normal 0.903981 0.427572 0
    outer loop
      vertex 2.42528 1.29634 4.55
      vertex 2.54067 1.05238 14.12
      vertex 2.54067 1.05238 4.55
    endloop
  endfacet
  facet normal 0.857735 0.514092 0
    outer loop
      vertex 2.42528 1.29634 14.12
      vertex 2.28654 1.52782 4.55
      vertex 2.28654 1.52782 14.12
    endloop
  endfacet
  facet normal 0.857735 0.514092 0
    outer loop
      vertex 2.28654 1.52782 4.55
      vertex 2.42528 1.29634 14.12
      vertex 2.42528 1.29634 4.55
    endloop
  endfacet
  facet normal 0.803208 0.595699 0
    outer loop
      vertex 2.28654 1.52782 14.12
      vertex 2.12578 1.74458 4.55
      vertex 2.12578 1.74458 14.12
    endloop
  endfacet
  facet normal 0.803208 0.595699 0
    outer loop
      vertex 2.12578 1.74458 4.55
      vertex 2.28654 1.52782 14.12
      vertex 2.28654 1.52782 4.55
    endloop
  endfacet
  facet normal 0.671573 0.740939 -0
    outer loop
      vertex 1.94454 1.94454 4.55
      vertex 1.74458 2.12578 14.12
      vertex 1.94454 1.94454 14.12
    endloop
  endfacet
  facet normal 0.671573 0.740939 0
    outer loop
      vertex 1.74458 2.12578 14.12
      vertex 1.94454 1.94454 4.55
      vertex 1.74458 2.12578 4.55
    endloop
  endfacet
  facet normal 0.0490603 0.998796 -0
    outer loop
      vertex 0.269547 2.73676 4.55
      vertex 0 2.75 14.12
      vertex 0.269547 2.73676 14.12
    endloop
  endfacet
  facet normal 0.0490603 0.998796 0
    outer loop
      vertex 0 2.75 14.12
      vertex 0.269547 2.73676 4.55
      vertex 0 2.75 4.55
    endloop
  endfacet
  facet normal 0.242967 0.970035 -0
    outer loop
      vertex 0.798283 2.63159 4.55
      vertex 0.536498 2.69716 14.12
      vertex 0.798283 2.63159 14.12
    endloop
  endfacet
  facet normal 0.242967 0.970035 0
    outer loop
      vertex 0.536498 2.69716 14.12
      vertex 0.798283 2.63159 4.55
      vertex 0.536498 2.69716 4.55
    endloop
  endfacet
  facet normal 0.146736 0.989176 -0
    outer loop
      vertex 0.536498 2.69716 4.55
      vertex 0.269547 2.73676 14.12
      vertex 0.536498 2.69716 14.12
    endloop
  endfacet
  facet normal 0.146736 0.989176 0
    outer loop
      vertex 0.269547 2.73676 14.12
      vertex 0.536498 2.69716 4.55
      vertex 0.269547 2.73676 4.55
    endloop
  endfacet
  facet normal -0.998796 0.0490603 0
    outer loop
      vertex -2.75 0 4.55
      vertex -2.73676 0.269547 14.12
      vertex -2.73676 0.269547 4.55
    endloop
  endfacet
  facet normal -0.998796 0.0490603 0
    outer loop
      vertex -2.73676 0.269547 14.12
      vertex -2.75 0 4.55
      vertex -2.75 0 14.12
    endloop
  endfacet
  facet normal -0.970035 0.242967 0
    outer loop
      vertex -2.69716 0.536498 4.55
      vertex -2.63159 0.798283 14.12
      vertex -2.63159 0.798283 4.55
    endloop
  endfacet
  facet normal -0.970035 0.242967 0
    outer loop
      vertex -2.63159 0.798283 14.12
      vertex -2.69716 0.536498 4.55
      vertex -2.69716 0.536498 14.12
    endloop
  endfacet
  facet normal -0.989176 0.146736 0
    outer loop
      vertex -2.73676 0.269547 4.55
      vertex -2.69716 0.536498 14.12
      vertex -2.69716 0.536498 4.55
    endloop
  endfacet
  facet normal -0.989176 0.146736 0
    outer loop
      vertex -2.69716 0.536498 14.12
      vertex -2.73676 0.269547 4.55
      vertex -2.73676 0.269547 14.12
    endloop
  endfacet
  facet normal -0.740939 0.671573 0
    outer loop
      vertex -2.12578 1.74458 4.55
      vertex -1.94454 1.94454 14.12
      vertex -1.94454 1.94454 4.55
    endloop
  endfacet
  facet normal -0.740939 0.671573 0
    outer loop
      vertex -1.94454 1.94454 14.12
      vertex -2.12578 1.74458 4.55
      vertex -2.12578 1.74458 14.12
    endloop
  endfacet
  facet normal -0.857735 0.514092 0
    outer loop
      vertex -2.42528 1.29634 4.55
      vertex -2.28654 1.52782 14.12
      vertex -2.28654 1.52782 4.55
    endloop
  endfacet
  facet normal -0.857735 0.514092 0
    outer loop
      vertex -2.28654 1.52782 14.12
      vertex -2.42528 1.29634 4.55
      vertex -2.42528 1.29634 14.12
    endloop
  endfacet
  facet normal -0.803208 0.595699 0
    outer loop
      vertex -2.28654 1.52782 4.55
      vertex -2.12578 1.74458 14.12
      vertex -2.12578 1.74458 4.55
    endloop
  endfacet
  facet normal -0.803208 0.595699 0
    outer loop
      vertex -2.12578 1.74458 14.12
      vertex -2.28654 1.52782 4.55
      vertex -2.28654 1.52782 14.12
    endloop
  endfacet
  facet normal -0.0490603 0.998796 0
    outer loop
      vertex 0 2.75 4.55
      vertex -0.269547 2.73676 14.12
      vertex 0 2.75 14.12
    endloop
  endfacet
  facet normal -0.0490603 0.998796 0
    outer loop
      vertex -0.269547 2.73676 14.12
      vertex 0 2.75 4.55
      vertex -0.269547 2.73676 4.55
    endloop
  endfacet
  facet normal -0.146736 0.989176 0
    outer loop
      vertex -0.269547 2.73676 4.55
      vertex -0.536498 2.69716 14.12
      vertex -0.269547 2.73676 14.12
    endloop
  endfacet
  facet normal -0.146736 0.989176 0
    outer loop
      vertex -0.536498 2.69716 14.12
      vertex -0.269547 2.73676 4.55
      vertex -0.536498 2.69716 4.55
    endloop
  endfacet
  facet normal -0.427572 0.903981 0
    outer loop
      vertex -1.05238 2.54067 4.55
      vertex -1.29634 2.42528 14.12
      vertex -1.05238 2.54067 14.12
    endloop
  endfacet
  facet normal -0.427572 0.903981 0
    outer loop
      vertex -1.29634 2.42528 14.12
      vertex -1.05238 2.54067 4.55
      vertex -1.29634 2.42528 4.55
    endloop
  endfacet
  facet normal -0.514092 0.857735 0
    outer loop
      vertex -1.29634 2.42528 4.55
      vertex -1.52782 2.28654 14.12
      vertex -1.29634 2.42528 14.12
    endloop
  endfacet
  facet normal -0.514092 0.857735 0
    outer loop
      vertex -1.52782 2.28654 14.12
      vertex -1.29634 2.42528 4.55
      vertex -1.52782 2.28654 4.55
    endloop
  endfacet
  facet normal -0.671573 0.740939 0
    outer loop
      vertex -1.74458 2.12578 4.55
      vertex -1.94454 1.94454 14.12
      vertex -1.74458 2.12578 14.12
    endloop
  endfacet
  facet normal -0.671573 0.740939 0
    outer loop
      vertex -1.94454 1.94454 14.12
      vertex -1.74458 2.12578 4.55
      vertex -1.94454 1.94454 4.55
    endloop
  endfacet
  facet normal 0.998796 0.0490603 0
    outer loop
      vertex 2.75 0 14.12
      vertex 2.73676 0.269547 4.55
      vertex 2.73676 0.269547 14.12
    endloop
  endfacet
  facet normal 0.998796 0.0490603 0
    outer loop
      vertex 2.73676 0.269547 4.55
      vertex 2.75 0 14.12
      vertex 2.75 0 4.55
    endloop
  endfacet
  facet normal 0.0490603 -0.998796 0
    outer loop
      vertex 0 -2.75 4.55
      vertex 0.269547 -2.73676 14.12
      vertex 0 -2.75 14.12
    endloop
  endfacet
  facet normal 0.0490603 -0.998796 0
    outer loop
      vertex 0.269547 -2.73676 14.12
      vertex 0 -2.75 4.55
      vertex 0.269547 -2.73676 4.55
    endloop
  endfacet
  facet normal 0.146736 -0.989176 0
    outer loop
      vertex 0.269547 -2.73676 4.55
      vertex 0.536498 -2.69716 14.12
      vertex 0.269547 -2.73676 14.12
    endloop
  endfacet
  facet normal 0.146736 -0.989176 0
    outer loop
      vertex 0.536498 -2.69716 14.12
      vertex 0.269547 -2.73676 4.55
      vertex 0.536498 -2.69716 4.55
    endloop
  endfacet
  facet normal 0.514092 -0.857735 0
    outer loop
      vertex 1.29634 -2.42528 4.55
      vertex 1.52782 -2.28654 14.12
      vertex 1.29634 -2.42528 14.12
    endloop
  endfacet
  facet normal 0.514092 -0.857735 0
    outer loop
      vertex 1.52782 -2.28654 14.12
      vertex 1.29634 -2.42528 4.55
      vertex 1.52782 -2.28654 4.55
    endloop
  endfacet
  facet normal 0.671573 -0.740939 0
    outer loop
      vertex 1.74458 -2.12578 4.55
      vertex 1.94454 -1.94454 14.12
      vertex 1.74458 -2.12578 14.12
    endloop
  endfacet
  facet normal 0.671573 -0.740939 0
    outer loop
      vertex 1.94454 -1.94454 14.12
      vertex 1.74458 -2.12578 4.55
      vertex 1.94454 -1.94454 4.55
    endloop
  endfacet
  facet normal -0.242967 -0.970035 0
    outer loop
      vertex -0.798283 -2.63159 4.55
      vertex -0.536498 -2.69716 14.12
      vertex -0.798283 -2.63159 14.12
    endloop
  endfacet
  facet normal -0.242967 -0.970035 -0
    outer loop
      vertex -0.536498 -2.69716 14.12
      vertex -0.798283 -2.63159 4.55
      vertex -0.536498 -2.69716 4.55
    endloop
  endfacet
  facet normal -0.336899 -0.941541 0
    outer loop
      vertex -1.05238 -2.54067 4.55
      vertex -0.798283 -2.63159 14.12
      vertex -1.05238 -2.54067 14.12
    endloop
  endfacet
  facet normal -0.336899 -0.941541 -0
    outer loop
      vertex -0.798283 -2.63159 14.12
      vertex -1.05238 -2.54067 4.55
      vertex -0.798283 -2.63159 4.55
    endloop
  endfacet
  facet normal -0.146736 -0.989176 0
    outer loop
      vertex -0.536498 -2.69716 4.55
      vertex -0.269547 -2.73676 14.12
      vertex -0.536498 -2.69716 14.12
    endloop
  endfacet
  facet normal -0.146736 -0.989176 -0
    outer loop
      vertex -0.269547 -2.73676 14.12
      vertex -0.536498 -2.69716 4.55
      vertex -0.269547 -2.73676 4.55
    endloop
  endfacet
  facet normal -0.427572 -0.903981 0
    outer loop
      vertex -1.29634 -2.42528 4.55
      vertex -1.05238 -2.54067 14.12
      vertex -1.29634 -2.42528 14.12
    endloop
  endfacet
  facet normal -0.427572 -0.903981 -0
    outer loop
      vertex -1.05238 -2.54067 14.12
      vertex -1.29634 -2.42528 4.55
      vertex -1.05238 -2.54067 4.55
    endloop
  endfacet
  facet normal -0.671573 -0.740939 0
    outer loop
      vertex -1.94454 -1.94454 4.55
      vertex -1.74458 -2.12578 14.12
      vertex -1.94454 -1.94454 14.12
    endloop
  endfacet
  facet normal -0.671573 -0.740939 -0
    outer loop
      vertex -1.74458 -2.12578 14.12
      vertex -1.94454 -1.94454 4.55
      vertex -1.74458 -2.12578 4.55
    endloop
  endfacet
  facet normal -0.970035 -0.242967 0
    outer loop
      vertex -2.63159 -0.798283 4.55
      vertex -2.69716 -0.536498 14.12
      vertex -2.69716 -0.536498 4.55
    endloop
  endfacet
  facet normal -0.970035 -0.242967 0
    outer loop
      vertex -2.69716 -0.536498 14.12
      vertex -2.63159 -0.798283 4.55
      vertex -2.63159 -0.798283 14.12
    endloop
  endfacet
  facet normal -0.998796 -0.0490603 0
    outer loop
      vertex -2.73676 -0.269547 4.55
      vertex -2.75 0 14.12
      vertex -2.75 0 4.55
    endloop
  endfacet
  facet normal -0.998796 -0.0490603 0
    outer loop
      vertex -2.75 0 14.12
      vertex -2.73676 -0.269547 4.55
      vertex -2.73676 -0.269547 14.12
    endloop
  endfacet
  facet normal -0.803208 -0.595699 0
    outer loop
      vertex -2.12578 -1.74458 4.55
      vertex -2.28654 -1.52782 14.12
      vertex -2.28654 -1.52782 4.55
    endloop
  endfacet
  facet normal -0.803208 -0.595699 0
    outer loop
      vertex -2.28654 -1.52782 14.12
      vertex -2.12578 -1.74458 4.55
      vertex -2.12578 -1.74458 14.12
    endloop
  endfacet
  facet normal -0.740939 -0.671573 0
    outer loop
      vertex -1.94454 -1.94454 4.55
      vertex -2.12578 -1.74458 14.12
      vertex -2.12578 -1.74458 4.55
    endloop
  endfacet
  facet normal -0.740939 -0.671573 0
    outer loop
      vertex -2.12578 -1.74458 14.12
      vertex -1.94454 -1.94454 4.55
      vertex -1.94454 -1.94454 14.12
    endloop
  endfacet
  facet normal 0.595699 0.803208 -0
    outer loop
      vertex 1.74458 2.12578 4.55
      vertex 1.52782 2.28654 14.12
      vertex 1.74458 2.12578 14.12
    endloop
  endfacet
  facet normal 0.595699 0.803208 0
    outer loop
      vertex 1.52782 2.28654 14.12
      vertex 1.74458 2.12578 4.55
      vertex 1.52782 2.28654 4.55
    endloop
  endfacet
  facet normal 0.336899 0.941541 -0
    outer loop
      vertex 1.05238 2.54067 4.55
      vertex 0.798283 2.63159 14.12
      vertex 1.05238 2.54067 14.12
    endloop
  endfacet
  facet normal 0.336899 0.941541 0
    outer loop
      vertex 0.798283 2.63159 14.12
      vertex 1.05238 2.54067 4.55
      vertex 0.798283 2.63159 4.55
    endloop
  endfacet
  facet normal 0 0 1
    outer loop
      vertex 2.73676 0.269547 14.12
      vertex 2.73676 -0.269547 14.12
      vertex 2.75 0 14.12
    endloop
  endfacet
  facet normal 0 0 1
    outer loop
      vertex 2.69716 0.536498 14.12
      vertex 2.73676 -0.269547 14.12
      vertex 2.73676 0.269547 14.12
    endloop
  endfacet
  facet normal 0 0 1
    outer loop
      vertex 2.69716 0.536498 14.12
      vertex 2.69716 -0.536498 14.12
      vertex 2.73676 -0.269547 14.12
    endloop
  endfacet
  facet normal 0 0 1
    outer loop
      vertex 2.63159 0.798283 14.12
      vertex 2.69716 -0.536498 14.12
      vertex 2.69716 0.536498 14.12
    endloop
  endfacet
  facet normal 0 0 1
    outer loop
      vertex 2.63159 0.798283 14.12
      vertex 2.63159 -0.798283 14.12
      vertex 2.69716 -0.536498 14.12
    endloop
  endfacet
  facet normal 0 0 1
    outer loop
      vertex 2.54067 1.05238 14.12
      vertex 2.63159 -0.798283 14.12
      vertex 2.63159 0.798283 14.12
    endloop
  endfacet
  facet normal 0 0 1
    outer loop
      vertex 2.54067 1.05238 14.12
      vertex 2.54067 -1.05238 14.12
      vertex 2.63159 -0.798283 14.12
    endloop
  endfacet
  facet normal 0 0 1
    outer loop
      vertex 2.42528 1.29634 14.12
      vertex 2.54067 -1.05238 14.12
      vertex 2.54067 1.05238 14.12
    endloop
  endfacet
  facet normal 0 0 1
    outer loop
      vertex 2.42528 1.29634 14.12
      vertex 2.42528 -1.29634 14.12
      vertex 2.54067 -1.05238 14.12
    endloop
  endfacet
  facet normal 0 0 1
    outer loop
      vertex 2.28654 1.52782 14.12
      vertex 2.42528 -1.29634 14.12
      vertex 2.42528 1.29634 14.12
    endloop
  endfacet
  facet normal 0 0 1
    outer loop
      vertex 2.28654 1.52782 14.12
      vertex 2.28654 -1.52782 14.12
      vertex 2.42528 -1.29634 14.12
    endloop
  endfacet
  facet normal 0 0 1
    outer loop
      vertex 2.12578 1.74458 14.12
      vertex 2.28654 -1.52782 14.12
      vertex 2.28654 1.52782 14.12
    endloop
  endfacet
  facet normal 0 0 1
    outer loop
      vertex 2.12578 1.74458 14.12
      vertex 2.12578 -1.74458 14.12
      vertex 2.28654 -1.52782 14.12
    endloop
  endfacet
  facet normal 0 0 1
    outer loop
      vertex 1.94454 1.94454 14.12
      vertex 2.12578 -1.74458 14.12
      vertex 2.12578 1.74458 14.12
    endloop
  endfacet
  facet normal 0 0 1
    outer loop
      vertex 1.94454 1.94454 14.12
      vertex 1.94454 -1.94454 14.12
      vertex 2.12578 -1.74458 14.12
    endloop
  endfacet
  facet normal 0 0 1
    outer loop
      vertex 1.74458 2.12578 14.12
      vertex 1.94454 -1.94454 14.12
      vertex 1.94454 1.94454 14.12
    endloop
  endfacet
  facet normal 0 0 1
    outer loop
      vertex 1.74458 2.12578 14.12
      vertex 1.74458 -2.12578 14.12
      vertex 1.94454 -1.94454 14.12
    endloop
  endfacet
  facet normal 0 0 1
    outer loop
      vertex 1.52782 2.28654 14.12
      vertex 1.74458 -2.12578 14.12
      vertex 1.74458 2.12578 14.12
    endloop
  endfacet
  facet normal 0 0 1
    outer loop
      vertex 1.52782 2.28654 14.12
      vertex 1.52782 -2.28654 14.12
      vertex 1.74458 -2.12578 14.12
    endloop
  endfacet
  facet normal 0 0 1
    outer loop
      vertex 1.29634 2.42528 14.12
      vertex 1.52782 -2.28654 14.12
      vertex 1.52782 2.28654 14.12
    endloop
  endfacet
  facet normal 0 0 1
    outer loop
      vertex 1.29634 2.42528 14.12
      vertex 1.29634 -2.42528 14.12
      vertex 1.52782 -2.28654 14.12
    endloop
  endfacet
  facet normal 0 0 1
    outer loop
      vertex 1.05238 2.54067 14.12
      vertex 1.29634 -2.42528 14.12
      vertex 1.29634 2.42528 14.12
    endloop
  endfacet
  facet normal 0 0 1
    outer loop
      vertex 1.05238 2.54067 14.12
      vertex 1.05238 -2.54067 14.12
      vertex 1.29634 -2.42528 14.12
    endloop
  endfacet
  facet normal 0 0 1
    outer loop
      vertex 0.798283 2.63159 14.12
      vertex 1.05238 -2.54067 14.12
      vertex 1.05238 2.54067 14.12
    endloop
  endfacet
  facet normal 0 0 1
    outer loop
      vertex 0.798283 2.63159 14.12
      vertex 0.798283 -2.63159 14.12
      vertex 1.05238 -2.54067 14.12
    endloop
  endfacet
  facet normal 0 0 1
    outer loop
      vertex 0.536498 2.69716 14.12
      vertex 0.798283 -2.63159 14.12
      vertex 0.798283 2.63159 14.12
    endloop
  endfacet
  facet normal 0 0 1
    outer loop
      vertex 0.536498 2.69716 14.12
      vertex 0.536498 -2.69716 14.12
      vertex 0.798283 -2.63159 14.12
    endloop
  endfacet
  facet normal 0 0 1
    outer loop
      vertex 0.269547 2.73676 14.12
      vertex 0.536498 -2.69716 14.12
      vertex 0.536498 2.69716 14.12
    endloop
  endfacet
  facet normal 0 0 1
    outer loop
      vertex 0.269547 2.73676 14.12
      vertex 0.269547 -2.73676 14.12
      vertex 0.536498 -2.69716 14.12
    endloop
  endfacet
  facet normal 0 0 1
    outer loop
      vertex 0 2.75 14.12
      vertex 0.269547 -2.73676 14.12
      vertex 0.269547 2.73676 14.12
    endloop
  endfacet
  facet normal 0 0 1
    outer loop
      vertex 0 2.75 14.12
      vertex 0 -2.75 14.12
      vertex 0.269547 -2.73676 14.12
    endloop
  endfacet
  facet normal -0 0 1
    outer loop
      vertex -0.269547 2.73676 14.12
      vertex 0 -2.75 14.12
      vertex 0 2.75 14.12
    endloop
  endfacet
  facet normal 0 0 1
    outer loop
      vertex -0.269547 2.73676 14.12
      vertex -0.269547 -2.73676 14.12
      vertex 0 -2.75 14.12
    endloop
  endfacet
  facet normal -0 0 1
    outer loop
      vertex -0.536498 2.69716 14.12
      vertex -0.269547 -2.73676 14.12
      vertex -0.269547 2.73676 14.12
    endloop
  endfacet
  facet normal 0 0 1
    outer loop
      vertex -0.536498 2.69716 14.12
      vertex -0.536498 -2.69716 14.12
      vertex -0.269547 -2.73676 14.12
    endloop
  endfacet
  facet normal -0 0 1
    outer loop
      vertex -0.798283 2.63159 14.12
      vertex -0.536498 -2.69716 14.12
      vertex -0.536498 2.69716 14.12
    endloop
  endfacet
  facet normal 0 0 1
    outer loop
      vertex -0.798283 2.63159 14.12
      vertex -0.798283 -2.63159 14.12
      vertex -0.536498 -2.69716 14.12
    endloop
  endfacet
  facet normal -0 0 1
    outer loop
      vertex -1.05238 2.54067 14.12
      vertex -0.798283 -2.63159 14.12
      vertex -0.798283 2.63159 14.12
    endloop
  endfacet
  facet normal 0 0 1
    outer loop
      vertex -1.05238 2.54067 14.12
      vertex -1.05238 -2.54067 14.12
      vertex -0.798283 -2.63159 14.12
    endloop
  endfacet
  facet normal -0 0 1
    outer loop
      vertex -1.29634 2.42528 14.12
      vertex -1.05238 -2.54067 14.12
      vertex -1.05238 2.54067 14.12
    endloop
  endfacet
  facet normal 0 0 1
    outer loop
      vertex -1.29634 2.42528 14.12
      vertex -1.29634 -2.42528 14.12
      vertex -1.05238 -2.54067 14.12
    endloop
  endfacet
  facet normal -0 0 1
    outer loop
      vertex -1.52782 2.28654 14.12
      vertex -1.29634 -2.42528 14.12
      vertex -1.29634 2.42528 14.12
    endloop
  endfacet
  facet normal 0 0 1
    outer loop
      vertex -1.52782 2.28654 14.12
      vertex -1.52782 -2.28654 14.12
      vertex -1.29634 -2.42528 14.12
    endloop
  endfacet
  facet normal -0 0 1
    outer loop
      vertex -1.74458 2.12578 14.12
      vertex -1.52782 -2.28654 14.12
      vertex -1.52782 2.28654 14.12
    endloop
  endfacet
  facet normal 0 0 1
    outer loop
      vertex -1.74458 2.12578 14.12
      vertex -1.74458 -2.12578 14.12
      vertex -1.52782 -2.28654 14.12
    endloop
  endfacet
  facet normal -0 0 1
    outer loop
      vertex -1.94454 1.94454 14.12
      vertex -1.74458 -2.12578 14.12
      vertex -1.74458 2.12578 14.12
    endloop
  endfacet
  facet normal 0 0 1
    outer loop
      vertex -1.94454 1.94454 14.12
      vertex -1.94454 -1.94454 14.12
      vertex -1.74458 -2.12578 14.12
    endloop
  endfacet
  facet normal -0 0 1
    outer loop
      vertex -2.12578 1.74458 14.12
      vertex -1.94454 -1.94454 14.12
      vertex -1.94454 1.94454 14.12
    endloop
  endfacet
  facet normal 0 0 1
    outer loop
      vertex -2.12578 1.74458 14.12
      vertex -2.12578 -1.74458 14.12
      vertex -1.94454 -1.94454 14.12
    endloop
  endfacet
  facet normal -0 0 1
    outer loop
      vertex -2.28654 1.52782 14.12
      vertex -2.12578 -1.74458 14.12
      vertex -2.12578 1.74458 14.12
    endloop
  endfacet
  facet normal 0 0 1
    outer loop
      vertex -2.28654 1.52782 14.12
      vertex -2.28654 -1.52782 14.12
      vertex -2.12578 -1.74458 14.12
    endloop
  endfacet
  facet normal -0 0 1
    outer loop
      vertex -2.42528 1.29634 14.12
      vertex -2.28654 -1.52782 14.12
      vertex -2.28654 1.52782 14.12
    endloop
  endfacet
  facet normal 0 0 1
    outer loop
      vertex -2.42528 1.29634 14.12
      vertex -2.42528 -1.29634 14.12
      vertex -2.28654 -1.52782 14.12
    endloop
  endfacet
  facet normal -0 0 1
    outer loop
      vertex -2.54067 1.05238 14.12
      vertex -2.42528 -1.29634 14.12
      vertex -2.42528 1.29634 14.12
    endloop
  endfacet
  facet normal 0 0 1
    outer loop
      vertex -2.54067 1.05238 14.12
      vertex -2.54067 -1.05238 14.12
      vertex -2.42528 -1.29634 14.12
    endloop
  endfacet
  facet normal -0 0 1
    outer loop
      vertex -2.63159 0.798283 14.12
      vertex -2.54067 -1.05238 14.12
      vertex -2.54067 1.05238 14.12
    endloop
  endfacet
  facet normal 0 0 1
    outer loop
      vertex -2.63159 0.798283 14.12
      vertex -2.63159 -0.798283 14.12
      vertex -2.54067 -1.05238 14.12
    endloop
  endfacet
  facet normal -0 0 1
    outer loop
      vertex -2.69716 0.536498 14.12
      vertex -2.63159 -0.798283 14.12
      vertex -2.63159 0.798283 14.12
    endloop
  endfacet
  facet normal 0 0 1
    outer loop
      vertex -2.69716 0.536498 14.12
      vertex -2.69716 -0.536498 14.12
      vertex -2.63159 -0.798283 14.12
    endloop
  endfacet
  facet normal -0 0 1
    outer loop
      vertex -2.73676 0.269547 14.12
      vertex -2.69716 -0.536498 14.12
      vertex -2.69716 0.536498 14.12
    endloop
  endfacet
  facet normal 0 0 1
    outer loop
      vertex -2.73676 0.269547 14.12
      vertex -2.73676 -0.269547 14.12
      vertex -2.69716 -0.536498 14.12
    endloop
  endfacet
  facet normal 0 -0 1
    outer loop
      vertex -2.73676 -0.269547 14.12
      vertex -2.73676 0.269547 14.12
      vertex -2.75 0 14.12
    endloop
  endfacet
  facet normal -0.941541 0.336899 0
    outer loop
      vertex -2.63159 0.798283 4.55
      vertex -2.54067 1.05238 14.12
      vertex -2.54067 1.05238 4.55
    endloop
  endfacet
  facet normal -0.941541 0.336899 0
    outer loop
      vertex -2.54067 1.05238 14.12
      vertex -2.63159 0.798283 4.55
      vertex -2.63159 0.798283 14.12
    endloop
  endfacet
  facet normal -0.242967 0.970035 0
    outer loop
      vertex -0.536498 2.69716 4.55
      vertex -0.798283 2.63159 14.12
      vertex -0.536498 2.69716 14.12
    endloop
  endfacet
  facet normal -0.242967 0.970035 0
    outer loop
      vertex -0.798283 2.63159 14.12
      vertex -0.536498 2.69716 4.55
      vertex -0.798283 2.63159 4.55
    endloop
  endfacet
  facet normal 0.903981 -0.427572 0
    outer loop
      vertex 2.42528 -1.29634 14.12
      vertex 2.54067 -1.05238 4.55
      vertex 2.54067 -1.05238 14.12
    endloop
  endfacet
  facet normal 0.903981 -0.427572 0
    outer loop
      vertex 2.54067 -1.05238 4.55
      vertex 2.42528 -1.29634 14.12
      vertex 2.42528 -1.29634 4.55
    endloop
  endfacet
  facet normal 0.857735 -0.514092 0
    outer loop
      vertex 2.28654 -1.52782 14.12
      vertex 2.42528 -1.29634 4.55
      vertex 2.42528 -1.29634 14.12
    endloop
  endfacet
  facet normal 0.857735 -0.514092 0
    outer loop
      vertex 2.42528 -1.29634 4.55
      vertex 2.28654 -1.52782 14.12
      vertex 2.28654 -1.52782 4.55
    endloop
  endfacet
  facet normal 0.427572 -0.903981 0
    outer loop
      vertex 1.05238 -2.54067 4.55
      vertex 1.29634 -2.42528 14.12
      vertex 1.05238 -2.54067 14.12
    endloop
  endfacet
  facet normal 0.427572 -0.903981 0
    outer loop
      vertex 1.29634 -2.42528 14.12
      vertex 1.05238 -2.54067 4.55
      vertex 1.29634 -2.42528 4.55
    endloop
  endfacet
  facet normal 0.595699 -0.803208 0
    outer loop
      vertex 1.52782 -2.28654 4.55
      vertex 1.74458 -2.12578 14.12
      vertex 1.52782 -2.28654 14.12
    endloop
  endfacet
  facet normal 0.595699 -0.803208 0
    outer loop
      vertex 1.74458 -2.12578 14.12
      vertex 1.52782 -2.28654 4.55
      vertex 1.74458 -2.12578 4.55
    endloop
  endfacet
  facet normal -0.989176 -0.146736 0
    outer loop
      vertex -2.69716 -0.536498 4.55
      vertex -2.73676 -0.269547 14.12
      vertex -2.73676 -0.269547 4.55
    endloop
  endfacet
  facet normal -0.989176 -0.146736 0
    outer loop
      vertex -2.73676 -0.269547 14.12
      vertex -2.69716 -0.536498 4.55
      vertex -2.69716 -0.536498 14.12
    endloop
  endfacet
  facet normal -0.941541 -0.336899 0
    outer loop
      vertex -2.54067 -1.05238 4.55
      vertex -2.63159 -0.798283 14.12
      vertex -2.63159 -0.798283 4.55
    endloop
  endfacet
  facet normal -0.941541 -0.336899 0
    outer loop
      vertex -2.63159 -0.798283 14.12
      vertex -2.54067 -1.05238 4.55
      vertex -2.54067 -1.05238 14.12
    endloop
  endfacet
  facet normal -0.857735 -0.514092 0
    outer loop
      vertex -2.28654 -1.52782 4.55
      vertex -2.42528 -1.29634 14.12
      vertex -2.42528 -1.29634 4.55
    endloop
  endfacet
  facet normal -0.857735 -0.514092 0
    outer loop
      vertex -2.42528 -1.29634 14.12
      vertex -2.28654 -1.52782 4.55
      vertex -2.28654 -1.52782 14.12
    endloop
  endfacet
  facet normal 0.989176 -0.146736 0
    outer loop
      vertex 2.69716 -0.536498 14.12
      vertex 2.73676 -0.269547 4.55
      vertex 2.73676 -0.269547 14.12
    endloop
  endfacet
  facet normal 0.989176 -0.146736 0
    outer loop
      vertex 2.73676 -0.269547 4.55
      vertex 2.69716 -0.536498 14.12
      vertex 2.69716 -0.536498 4.55
    endloop
  endfacet
  facet normal 0.941541 -0.336899 0
    outer loop
      vertex 2.54067 -1.05238 14.12
      vertex 2.63159 -0.798283 4.55
      vertex 2.63159 -0.798283 14.12
    endloop
  endfacet
  facet normal 0.941541 -0.336899 0
    outer loop
      vertex 2.63159 -0.798283 4.55
      vertex 2.54067 -1.05238 14.12
      vertex 2.54067 -1.05238 4.55
    endloop
  endfacet
  facet normal 0.336899 -0.941541 0
    outer loop
      vertex 0.798283 -2.63159 4.55
      vertex 1.05238 -2.54067 14.12
      vertex 0.798283 -2.63159 14.12
    endloop
  endfacet
  facet normal 0.336899 -0.941541 0
    outer loop
      vertex 1.05238 -2.54067 14.12
      vertex 0.798283 -2.63159 4.55
      vertex 1.05238 -2.54067 4.55
    endloop
  endfacet
  facet normal 0.970035 -0.242967 0
    outer loop
      vertex 2.63159 -0.798283 14.12
      vertex 2.69716 -0.536498 4.55
      vertex 2.69716 -0.536498 14.12
    endloop
  endfacet
  facet normal 0.970035 -0.242967 0
    outer loop
      vertex 2.69716 -0.536498 4.55
      vertex 2.63159 -0.798283 14.12
      vertex 2.63159 -0.798283 4.55
    endloop
  endfacet
  facet normal 0 0 -1
    outer loop
      vertex 3.92007 -0.711777 0.599999
      vertex 2.89803 -0.230042 0.599999
      vertex 3.77687 -0.230042 0.599999
    endloop
  endfacet
  facet normal 0 -0 -1
    outer loop
      vertex 2.89803 -0.230042 0.599999
      vertex 3.92007 -0.711777 0.599999
      vertex 2.75479 -0.711777 0.599999
    endloop
  endfacet
  facet normal 0 0 -1
    outer loop
      vertex 3.92007 -0.711777 0.599999
      vertex 4.8315 -1.493 0.599999
      vertex 4.19133 -1.493 0.599999
    endloop
  endfacet
  facet normal 0 0 -1
    outer loop
      vertex 3.77687 -0.230042 0.599999
      vertex 4.8315 -1.493 0.599999
      vertex 3.92007 -0.711777 0.599999
    endloop
  endfacet
  facet normal 0 0 -1
    outer loop
      vertex 3.77687 -0.230042 0.599999
      vertex 3.71609 1.56453 0.599999
      vertex 4.8315 -1.493 0.599999
    endloop
  endfacet
  facet normal 0 0 -1
    outer loop
      vertex 3.70453 -0.0193176 0.599999
      vertex 3.71609 1.56453 0.599999
      vertex 3.77687 -0.230042 0.599999
    endloop
  endfacet
  facet normal 0 0 -1
    outer loop
      vertex 3.63991 0.16922 0.599999
      vertex 3.71609 1.56453 0.599999
      vertex 3.70453 -0.0193176 0.599999
    endloop
  endfacet
  facet normal 0 0 -1
    outer loop
      vertex 3.58301 0.335587 0.599999
      vertex 3.71609 1.56453 0.599999
      vertex 3.63991 0.16922 0.599999
    endloop
  endfacet
  facet normal 0 0 -1
    outer loop
      vertex 3.53381 0.479767 0.599999
      vertex 3.71609 1.56453 0.599999
      vertex 3.58301 0.335587 0.599999
    endloop
  endfacet
  facet normal 0 0 -1
    outer loop
      vertex 3.49234 0.601776 0.599999
      vertex 3.71609 1.56453 0.599999
      vertex 3.53381 0.479767 0.599999
    endloop
  endfacet
  facet normal 0 0 -1
    outer loop
      vertex 3.45859 0.701584 0.599999
      vertex 3.71609 1.56453 0.599999
      vertex 3.49234 0.601776 0.599999
    endloop
  endfacet
  facet normal 0 0 -1
    outer loop
      vertex 3.43256 0.779221 0.599999
      vertex 3.71609 1.56453 0.599999
      vertex 3.45859 0.701584 0.599999
    endloop
  endfacet
  facet normal 0 0 -1
    outer loop
      vertex 3.41423 0.834686 0.599999
      vertex 3.71609 1.56453 0.599999
      vertex 3.43256 0.779221 0.599999
    endloop
  endfacet
  facet normal 0 0 -1
    outer loop
      vertex 3.40363 0.86795 0.599999
      vertex 3.71609 1.56453 0.599999
      vertex 3.41423 0.834686 0.599999
    endloop
  endfacet
  facet normal 0 0 -1
    outer loop
      vertex 3.39697 0.889862 0.599999
      vertex 3.71609 1.56453 0.599999
      vertex 3.40363 0.86795 0.599999
    endloop
  endfacet
  facet normal 0 0 -1
    outer loop
      vertex 3.39055 0.91124 0.599999
      vertex 3.71609 1.56453 0.599999
      vertex 3.39697 0.889862 0.599999
    endloop
  endfacet
  facet normal 0 0 -1
    outer loop
      vertex 3.37833 0.952393 0.599999
      vertex 3.71609 1.56453 0.599999
      vertex 3.39055 0.91124 0.599999
    endloop
  endfacet
  facet normal 0 0 -1
    outer loop
      vertex 3.37254 0.972168 0.599999
      vertex 3.71609 1.56453 0.599999
      vertex 3.37833 0.952393 0.599999
    endloop
  endfacet
  facet normal 0 0 -1
    outer loop
      vertex 3.36697 0.991394 0.599999
      vertex 3.71609 1.56453 0.599999
      vertex 3.37254 0.972168 0.599999
    endloop
  endfacet
  facet normal 0 0 -1
    outer loop
      vertex 3.3616 1.0101 0.599999
      vertex 3.71609 1.56453 0.599999
      vertex 3.36697 0.991394 0.599999
    endloop
  endfacet
  facet normal 0 0 -1
    outer loop
      vertex 3.35646 1.02827 0.599999
      vertex 3.71609 1.56453 0.599999
      vertex 3.3616 1.0101 0.599999
    endloop
  endfacet
  facet normal 0 0 -1
    outer loop
      vertex 3.35153 1.0459 0.599999
      vertex 3.71609 1.56453 0.599999
      vertex 3.35646 1.02827 0.599999
    endloop
  endfacet
  facet normal 0 0 -1
    outer loop
      vertex 3.33853 1.09364 0.599999
      vertex 3.71609 1.56453 0.599999
      vertex 3.35153 1.0459 0.599999
    endloop
  endfacet
  facet normal 0 0 -1
    outer loop
      vertex 2.96094 1.56453 0.599999
      vertex 3.29294 0.943893 0.599999
      vertex 3.19965 0.648788 0.599999
    endloop
  endfacet
  facet normal 0 0 -1
    outer loop
      vertex 3.33853 1.09364 0.599999
      vertex 2.96094 1.56453 0.599999
      vertex 3.71609 1.56453 0.599999
    endloop
  endfacet
  facet normal 0 0 -1
    outer loop
      vertex 3.29294 0.943893 0.599999
      vertex 2.96094 1.56453 0.599999
      vertex 3.33853 1.09364 0.599999
    endloop
  endfacet
  facet normal 0 0 -1
    outer loop
      vertex 2.89803 -0.230042 0.599999
      vertex 2.96094 1.56453 0.599999
      vertex 3.19965 0.648788 0.599999
    endloop
  endfacet
  facet normal 0 0 -1
    outer loop
      vertex 1.8499 -1.493 0.599999
      vertex 2.89803 -0.230042 0.599999
      vertex 2.75479 -0.711777 0.599999
    endloop
  endfacet
  facet normal 0 0 -1
    outer loop
      vertex 1.8499 -1.493 0.599999
      vertex 2.75479 -0.711777 0.599999
      vertex 2.48352 -1.493 0.599999
    endloop
  endfacet
  facet normal -0 0 -1
    outer loop
      vertex 2.89803 -0.230042 0.599999
      vertex 1.8499 -1.493 0.599999
      vertex 2.96094 1.56453 0.599999
    endloop
  endfacet
  facet normal 0 0 -1
    outer loop
      vertex 0.119492 -0.332031 0.599999
      vertex 0.8703 0.164886 0.599999
      vertex 0.8703 -0.332031 0.599999
    endloop
  endfacet
  facet normal 0 0 -1
    outer loop
      vertex 0.119492 -0.332031 0.599999
      vertex 0.0326691 0.164886 0.599999
      vertex 0.8703 0.164886 0.599999
    endloop
  endfacet
  facet normal 0 0 -1
    outer loop
      vertex 0.119492 -0.332031 0.599999
      vertex -0.0254974 0.166382 0.599999
      vertex 0.0326691 0.164886 0.599999
    endloop
  endfacet
  facet normal 0 0 -1
    outer loop
      vertex 0.119492 -0.332031 0.599999
      vertex -0.0804596 0.170883 0.599999
      vertex -0.0254974 0.166382 0.599999
    endloop
  endfacet
  facet normal 0 0 -1
    outer loop
      vertex 0.119492 -0.332031 0.599999
      vertex -0.132217 0.178375 0.599999
      vertex -0.0804596 0.170883 0.599999
    endloop
  endfacet
  facet normal 0 0 -1
    outer loop
      vertex -0.483765 -0.208359 0.599999
      vertex -0.132217 0.178375 0.599999
      vertex 0.119492 -0.332031 0.599999
    endloop
  endfacet
  facet normal -0 0 -1
    outer loop
      vertex -0.132217 0.178375 0.599999
      vertex -0.483765 -0.208359 0.599999
      vertex -0.180756 0.188889 0.599999
    endloop
  endfacet
  facet normal -0 0 -1
    outer loop
      vertex -0.180756 0.188889 0.599999
      vertex -0.483765 -0.208359 0.599999
      vertex -0.226089 0.202377 0.599999
    endloop
  endfacet
  facet normal -0 0 -1
    outer loop
      vertex -0.226089 0.202377 0.599999
      vertex -0.483765 -0.208359 0.599999
      vertex -0.268204 0.218887 0.599999
    endloop
  endfacet
  facet normal -0 0 -1
    outer loop
      vertex -0.268204 0.218887 0.599999
      vertex -0.483765 -0.208359 0.599999
      vertex -0.307098 0.238388 0.599999
    endloop
  endfacet
  facet normal 0 0 -1
    outer loop
      vertex -0.551132 -0.189987 0.599999
      vertex -0.307098 0.238388 0.599999
      vertex -0.483765 -0.208359 0.599999
    endloop
  endfacet
  facet normal -0 0 -1
    outer loop
      vertex -0.307098 0.238388 0.599999
      vertex -0.551132 -0.189987 0.599999
      vertex -0.342773 0.26088 0.599999
    endloop
  endfacet
  facet normal 0 0 -1
    outer loop
      vertex -0.615356 -0.167679 0.599999
      vertex -0.342773 0.26088 0.599999
      vertex -0.551132 -0.189987 0.599999
    endloop
  endfacet
  facet normal -0 0 -1
    outer loop
      vertex -0.375244 0.286377 0.599999
      vertex -0.676407 -0.141434 0.599999
      vertex -0.404404 0.31459 0.599999
    endloop
  endfacet
  facet normal 0 0 -1
    outer loop
      vertex -0.676407 -0.141434 0.599999
      vertex -0.375244 0.286377 0.599999
      vertex -0.615356 -0.167679 0.599999
    endloop
  endfacet
  facet normal -0 0 -1
    outer loop
      vertex -0.342773 0.26088 0.599999
      vertex -0.615356 -0.167679 0.599999
      vertex -0.375244 0.286377 0.599999
    endloop
  endfacet
  facet normal 0 0 -1
    outer loop
      vertex -0.590103 -1.493 0.599999
      vertex -0.483765 -0.208359 0.599999
      vertex 0.119492 -0.332031 0.599999
    endloop
  endfacet
  facet normal 0 0 -1
    outer loop
      vertex -0.483765 -0.208359 0.599999
      vertex -0.590103 -1.493 0.599999
      vertex -1.31055 -1.493 0.599999
    endloop
  endfacet
  facet normal 0 0 -1
    outer loop
      vertex 0.8703 -0.332031 0.599999
      vertex 1.51047 -1.493 0.599999
      vertex 0.8703 -1.493 0.599999
    endloop
  endfacet
  facet normal 0 0 -1
    outer loop
      vertex 0.8703 0.164886 0.599999
      vertex 1.51047 -1.493 0.599999
      vertex 0.8703 -0.332031 0.599999
    endloop
  endfacet
  facet normal 0 0 -1
    outer loop
      vertex 1.51047 -1.493 0.599999
      vertex 0.8703 0.164886 0.599999
      vertex 1.51047 1.56453 0.599999
    endloop
  endfacet
  facet normal 0 0 -1
    outer loop
      vertex 0.8703 1.0676 0.599999
      vertex 1.51047 1.56453 0.599999
      vertex 0.8703 0.164886 0.599999
    endloop
  endfacet
  facet normal 0 0 -1
    outer loop
      vertex -0.0171967 1.56453 0.599999
      vertex 0.8703 1.0676 0.599999
      vertex 0.0500488 1.0676 0.599999
    endloop
  endfacet
  facet normal 0 0 -1
    outer loop
      vertex 0.8703 1.0676 0.599999
      vertex -0.0171967 1.56453 0.599999
      vertex 1.51047 1.56453 0.599999
    endloop
  endfacet
  facet normal 0 0 -1
    outer loop
      vertex -0.0683441 1.06216 0.599999
      vertex -0.0171967 1.56453 0.599999
      vertex 0.0500488 1.0676 0.599999
    endloop
  endfacet
  facet normal 0 0 -1
    outer loop
      vertex -0.0683441 1.06216 0.599999
      vertex -0.135651 1.56161 0.599999
      vertex -0.0171967 1.56453 0.599999
    endloop
  endfacet
  facet normal 0 0 -1
    outer loop
      vertex -0.172836 1.04585 0.599999
      vertex -0.135651 1.56161 0.599999
      vertex -0.0683441 1.06216 0.599999
    endloop
  endfacet
  facet normal 0 0 -1
    outer loop
      vertex -0.172836 1.04585 0.599999
      vertex -0.247925 1.5529 0.599999
      vertex -0.135651 1.56161 0.599999
    endloop
  endfacet
  facet normal 0 0 -1
    outer loop
      vertex -0.354034 1.53836 0.599999
      vertex -0.172836 1.04585 0.599999
      vertex -0.263382 1.01866 0.599999
    endloop
  endfacet
  facet normal 0 0 -1
    outer loop
      vertex -0.453995 1.51802 0.599999
      vertex -0.263382 1.01866 0.599999
      vertex -0.339996 0.980591 0.599999
    endloop
  endfacet
  facet normal 0 0 -1
    outer loop
      vertex -0.172836 1.04585 0.599999
      vertex -0.354034 1.53836 0.599999
      vertex -0.247925 1.5529 0.599999
    endloop
  endfacet
  facet normal 0 0 -1
    outer loop
      vertex -0.635406 1.45988 0.599999
      vertex -0.339996 0.980591 0.599999
      vertex -0.402679 0.931641 0.599999
    endloop
  endfacet
  facet normal 0 0 -1
    outer loop
      vertex -0.861328 1.32907 0.599999
      vertex -0.402679 0.931641 0.599999
      vertex -0.451447 0.871811 0.599999
    endloop
  endfacet
  facet normal 0 0 -1
    outer loop
      vertex -0.263382 1.01866 0.599999
      vertex -0.453995 1.51802 0.599999
      vertex -0.354034 1.53836 0.599999
    endloop
  endfacet
  facet normal 0 0 -1
    outer loop
      vertex -1.0265 1.14934 0.599999
      vertex -0.451447 0.871811 0.599999
      vertex -0.486267 0.801117 0.599999
    endloop
  endfacet
  facet normal 0 0 -1
    outer loop
      vertex -1.12561 0.924026 0.599999
      vertex -0.486267 0.801117 0.599999
      vertex -0.507172 0.719543 0.599999
    endloop
  endfacet
  facet normal 0 0 -1
    outer loop
      vertex -1.15497 0.748489 0.599999
      vertex -0.507172 0.719543 0.599999
      vertex -0.51413 0.62709 0.599999
    endloop
  endfacet
  facet normal 0 0 -1
    outer loop
      vertex -0.339996 0.980591 0.599999
      vertex -0.547791 1.49185 0.599999
      vertex -0.453995 1.51802 0.599999
    endloop
  endfacet
  facet normal 0 0 -1
    outer loop
      vertex -0.734299 -0.111267 0.599999
      vertex -0.404404 0.31459 0.599999
      vertex -0.676407 -0.141434 0.599999
    endloop
  endfacet
  facet normal 0 0 -1
    outer loop
      vertex -0.789032 -0.0771484 0.599999
      vertex -0.404404 0.31459 0.599999
      vertex -0.734299 -0.111267 0.599999
    endloop
  endfacet
  facet normal -0 0 -1
    outer loop
      vertex -0.404404 0.31459 0.599999
      vertex -0.789032 -0.0771484 0.599999
      vertex -0.430115 0.345215 0.599999
    endloop
  endfacet
  facet normal 0 0 -1
    outer loop
      vertex -0.840591 -0.039093 0.599999
      vertex -0.430115 0.345215 0.599999
      vertex -0.789032 -0.0771484 0.599999
    endloop
  endfacet
  facet normal 0 0 -1
    outer loop
      vertex -1.15639 0.58284 0.599999
      vertex -0.51413 0.62709 0.599999
      vertex -0.512421 0.57959 0.599999
    endloop
  endfacet
  facet normal 0 0 -1
    outer loop
      vertex -0.889008 0.00288391 0.599999
      vertex -0.430115 0.345215 0.599999
      vertex -0.840591 -0.039093 0.599999
    endloop
  endfacet
  facet normal -0 0 -1
    outer loop
      vertex -0.430115 0.345215 0.599999
      vertex -0.889008 0.00288391 0.599999
      vertex -0.452408 0.37825 0.599999
    endloop
  endfacet
  facet normal 0 0 -1
    outer loop
      vertex -0.93425 0.0488129 0.599999
      vertex -0.452408 0.37825 0.599999
      vertex -0.889008 0.00288391 0.599999
    endloop
  endfacet
  facet normal 0 0 -1
    outer loop
      vertex -0.507172 0.719543 0.599999
      vertex -1.15497 0.748489 0.599999
      vertex -1.14397 0.838791 0.599999
    endloop
  endfacet
  facet normal -0 0 -1
    outer loop
      vertex -0.452408 0.37825 0.599999
      vertex -0.93425 0.0488129 0.599999
      vertex -0.471268 0.413696 0.599999
    endloop
  endfacet
  facet normal 0 0 -1
    outer loop
      vertex -0.339996 0.980591 0.599999
      vertex -0.635406 1.45988 0.599999
      vertex -0.547791 1.49185 0.599999
    endloop
  endfacet
  facet normal 0 0 -1
    outer loop
      vertex -0.976334 0.0986786 0.599999
      vertex -0.471268 0.413696 0.599999
      vertex -0.93425 0.0488129 0.599999
    endloop
  endfacet
  facet normal 0 0 -1
    outer loop
      vertex -1.0146 0.151596 0.599999
      vertex -0.471268 0.413696 0.599999
      vertex -0.976334 0.0986786 0.599999
    endloop
  endfacet
  facet normal 0 0 -1
    outer loop
      vertex -0.402679 0.931641 0.599999
      vertex -0.716888 1.42209 0.599999
      vertex -0.635406 1.45988 0.599999
    endloop
  endfacet
  facet normal -0 0 -1
    outer loop
      vertex -0.471268 0.413696 0.599999
      vertex -1.0146 0.151596 0.599999
      vertex -0.486694 0.451553 0.599999
    endloop
  endfacet
  facet normal 0 0 -1
    outer loop
      vertex -0.507172 0.719543 0.599999
      vertex -1.14397 0.838791 0.599999
      vertex -1.12561 0.924026 0.599999
    endloop
  endfacet
  facet normal 0 0 -1
    outer loop
      vertex -1.04836 0.206696 0.599999
      vertex -0.486694 0.451553 0.599999
      vertex -1.0146 0.151596 0.599999
    endloop
  endfacet
  facet normal 0 0 -1
    outer loop
      vertex -0.402679 0.931641 0.599999
      vertex -0.792191 1.37849 0.599999
      vertex -0.716888 1.42209 0.599999
    endloop
  endfacet
  facet normal 0 0 -1
    outer loop
      vertex -1.07762 0.263962 0.599999
      vertex -0.486694 0.451553 0.599999
      vertex -1.04836 0.206696 0.599999
    endloop
  endfacet
  facet normal -0 0 -1
    outer loop
      vertex -0.486694 0.451553 0.599999
      vertex -1.07762 0.263962 0.599999
      vertex -0.498703 0.491821 0.599999
    endloop
  endfacet
  facet normal 0 0 -1
    outer loop
      vertex -0.402679 0.931641 0.599999
      vertex -0.861328 1.32907 0.599999
      vertex -0.792191 1.37849 0.599999
    endloop
  endfacet
  facet normal 0 0 -1
    outer loop
      vertex -1.10237 0.323395 0.599999
      vertex -0.498703 0.491821 0.599999
      vertex -1.07762 0.263962 0.599999
    endloop
  endfacet
  facet normal 0 0 -1
    outer loop
      vertex -0.451447 0.871811 0.599999
      vertex -0.923737 1.27423 0.599999
      vertex -0.861328 1.32907 0.599999
    endloop
  endfacet
  facet normal -0 0 -1
    outer loop
      vertex -0.498703 0.491821 0.599999
      vertex -1.10237 0.323395 0.599999
      vertex -0.507278 0.5345 0.599999
    endloop
  endfacet
  facet normal 0 0 -1
    outer loop
      vertex -0.451447 0.871811 0.599999
      vertex -0.97879 1.21431 0.599999
      vertex -0.923737 1.27423 0.599999
    endloop
  endfacet
  facet normal 0 0 -1
    outer loop
      vertex -1.12263 0.38501 0.599999
      vertex -0.507278 0.5345 0.599999
      vertex -1.10237 0.323395 0.599999
    endloop
  endfacet
  facet normal 0 0 -1
    outer loop
      vertex -0.451447 0.871811 0.599999
      vertex -1.0265 1.14934 0.599999
      vertex -0.97879 1.21431 0.599999
    endloop
  endfacet
  facet normal 0 0 -1
    outer loop
      vertex -1.13838 0.448776 0.599999
      vertex -0.507278 0.5345 0.599999
      vertex -1.12263 0.38501 0.599999
    endloop
  endfacet
  facet normal -0 0 -1
    outer loop
      vertex -0.507278 0.5345 0.599999
      vertex -1.13838 0.448776 0.599999
      vertex -0.512421 0.57959 0.599999
    endloop
  endfacet
  facet normal 0 0 -1
    outer loop
      vertex -0.486267 0.801117 0.599999
      vertex -1.06688 1.0793 0.599999
      vertex -1.0265 1.14934 0.599999
    endloop
  endfacet
  facet normal 0 0 -1
    outer loop
      vertex -1.14964 0.514725 0.599999
      vertex -0.512421 0.57959 0.599999
      vertex -1.13838 0.448776 0.599999
    endloop
  endfacet
  facet normal 0 0 -1
    outer loop
      vertex -0.486267 0.801117 0.599999
      vertex -1.12561 0.924026 0.599999
      vertex -1.09991 1.0042 0.599999
    endloop
  endfacet
  facet normal 0 0 -1
    outer loop
      vertex -1.15639 0.58284 0.599999
      vertex -0.512421 0.57959 0.599999
      vertex -1.14964 0.514725 0.599999
    endloop
  endfacet
  facet normal 0 0 -1
    outer loop
      vertex -0.486267 0.801117 0.599999
      vertex -1.09991 1.0042 0.599999
      vertex -1.06688 1.0793 0.599999
    endloop
  endfacet
  facet normal -0 0 -1
    outer loop
      vertex -0.51413 0.62709 0.599999
      vertex -1.15639 0.58284 0.599999
      vertex -1.15865 0.653137 0.599999
    endloop
  endfacet
  facet normal 0 0 -1
    outer loop
      vertex -0.51413 0.62709 0.599999
      vertex -1.15865 0.653137 0.599999
      vertex -1.15497 0.748489 0.599999
    endloop
  endfacet
  facet normal 0 0 -1
    outer loop
      vertex -4.73138 -1.493 0.599999
      vertex -4.16284 0.360184 0.599999
      vertex -4.16284 -1.493 0.599999
    endloop
  endfacet
  facet normal 0 0 -1
    outer loop
      vertex -4.73138 1.56453 0.599999
      vertex -4.16284 0.360184 0.599999
      vertex -4.73138 -1.493 0.599999
    endloop
  endfacet
  facet normal 0 0 -1
    outer loop
      vertex -4.16284 0.360184 0.599999
      vertex -4.73138 1.56453 0.599999
      vertex -4.16289 0.388138 0.599999
    endloop
  endfacet
  facet normal 0 0 -1
    outer loop
      vertex -4.16289 0.388138 0.599999
      vertex -4.73138 1.56453 0.599999
      vertex -4.16318 0.430084 0.599999
    endloop
  endfacet
  facet normal 0 0 -1
    outer loop
      vertex -4.16318 0.430084 0.599999
      vertex -4.73138 1.56453 0.599999
      vertex -4.1635 0.458054 0.599999
    endloop
  endfacet
  facet normal 0 0 -1
    outer loop
      vertex -4.1635 0.458054 0.599999
      vertex -4.73138 1.56453 0.599999
      vertex -4.16393 0.486038 0.599999
    endloop
  endfacet
  facet normal 0 0 -1
    outer loop
      vertex -4.16393 0.486038 0.599999
      vertex -4.73138 1.56453 0.599999
      vertex -4.1644 0.505142 0.599999
    endloop
  endfacet
  facet normal 0 0 -1
    outer loop
      vertex -4.1644 0.505142 0.599999
      vertex -4.73138 1.56453 0.599999
      vertex -4.16533 0.53447 0.599999
    endloop
  endfacet
  facet normal 0 0 -1
    outer loop
      vertex -4.16533 0.53447 0.599999
      vertex -4.73138 1.56453 0.599999
      vertex -4.1667 0.574036 0.599999
    endloop
  endfacet
  facet normal 0 0 -1
    outer loop
      vertex -4.1667 0.574036 0.599999
      vertex -4.73138 1.56453 0.599999
      vertex -4.16853 0.62384 0.599999
    endloop
  endfacet
  facet normal 0 0 -1
    outer loop
      vertex -4.16853 0.62384 0.599999
      vertex -4.73138 1.56453 0.599999
      vertex -4.17082 0.683884 0.599999
    endloop
  endfacet
  facet normal 0 0 -1
    outer loop
      vertex -4.17082 0.683884 0.599999
      vertex -4.73138 1.56453 0.599999
      vertex -4.17357 0.75415 0.599999
    endloop
  endfacet
  facet normal 0 0 -1
    outer loop
      vertex -4.17357 0.75415 0.599999
      vertex -4.73138 1.56453 0.599999
      vertex -4.18042 0.925385 0.599999
    endloop
  endfacet
  facet normal 0 0 -1
    outer loop
      vertex -2.19247 0.360184 0.599999
      vertex -1.62393 1.56453 0.599999
      vertex -1.62393 -1.493 0.599999
    endloop
  endfacet
  facet normal 0 0 -1
    outer loop
      vertex -1.62393 1.56453 0.599999
      vertex -2.17189 0.918686 0.599999
      vertex -2.16643 1.02635 0.599999
    endloop
  endfacet
  facet normal 0 0 -1
    outer loop
      vertex -1.62393 1.56453 0.599999
      vertex -2.17671 0.819427 0.599999
      vertex -2.17189 0.918686 0.599999
    endloop
  endfacet
  facet normal 0 0 -1
    outer loop
      vertex -1.62393 1.56453 0.599999
      vertex -2.18089 0.728592 0.599999
      vertex -2.17671 0.819427 0.599999
    endloop
  endfacet
  facet normal 0 0 -1
    outer loop
      vertex -1.62393 1.56453 0.599999
      vertex -2.18443 0.646164 0.599999
      vertex -2.18089 0.728592 0.599999
    endloop
  endfacet
  facet normal 0 0 -1
    outer loop
      vertex -1.62393 1.56453 0.599999
      vertex -2.18733 0.572144 0.599999
      vertex -2.18443 0.646164 0.599999
    endloop
  endfacet
  facet normal 0 0 -1
    outer loop
      vertex -1.62393 1.56453 0.599999
      vertex -2.18958 0.506531 0.599999
      vertex -2.18733 0.572144 0.599999
    endloop
  endfacet
  facet normal 0 0 -1
    outer loop
      vertex -1.62393 1.56453 0.599999
      vertex -2.19119 0.449341 0.599999
      vertex -2.18958 0.506531 0.599999
    endloop
  endfacet
  facet normal 0 0 -1
    outer loop
      vertex -1.62393 1.56453 0.599999
      vertex -2.19215 0.400543 0.599999
      vertex -2.19119 0.449341 0.599999
    endloop
  endfacet
  facet normal 0 0 -1
    outer loop
      vertex -2.19247 0.360184 0.599999
      vertex -1.62393 -1.493 0.599999
      vertex -2.19247 -1.493 0.599999
    endloop
  endfacet
  facet normal 0 0 -1
    outer loop
      vertex -1.62393 1.56453 0.599999
      vertex -2.19247 0.360184 0.599999
      vertex -2.19215 0.400543 0.599999
    endloop
  endfacet
  facet normal 0 0 -1
    outer loop
      vertex -2.16643 1.02635 0.599999
      vertex -2.48108 1.56453 0.599999
      vertex -1.62393 1.56453 0.599999
    endloop
  endfacet
  facet normal 0 0 -1
    outer loop
      vertex -2.39862 0.212631 0.599999
      vertex -2.48108 1.56453 0.599999
      vertex -2.16643 1.02635 0.599999
    endloop
  endfacet
  facet normal 0 0 -1
    outer loop
      vertex -3.17984 -0.720474 0.599999
      vertex -2.39862 0.212631 0.599999
      vertex -2.94981 -1.493 0.599999
    endloop
  endfacet
  facet normal -0 0 -1
    outer loop
      vertex -2.39862 0.212631 0.599999
      vertex -3.02792 -0.145401 0.599999
      vertex -2.48108 1.56453 0.599999
    endloop
  endfacet
  facet normal 0 0 -1
    outer loop
      vertex -2.39862 0.212631 0.599999
      vertex -3.07567 -0.310333 0.599999
      vertex -3.02792 -0.145401 0.599999
    endloop
  endfacet
  facet normal 0 0 -1
    outer loop
      vertex -2.39862 0.212631 0.599999
      vertex -3.17984 -0.720474 0.599999
      vertex -3.07567 -0.310333 0.599999
    endloop
  endfacet
  facet normal 0 0 -1
    outer loop
      vertex -3.4055 -1.493 0.599999
      vertex -3.17984 -0.720474 0.599999
      vertex -2.94981 -1.493 0.599999
    endloop
  endfacet
  facet normal 0 0 -1
    outer loop
      vertex -3.9567 0.212631 0.599999
      vertex -3.17984 -0.720474 0.599999
      vertex -3.4055 -1.493 0.599999
    endloop
  endfacet
  facet normal 0 0 -1
    outer loop
      vertex -3.17984 -0.720474 0.599999
      vertex -3.9567 0.212631 0.599999
      vertex -3.31654 -0.230042 0.599999
    endloop
  endfacet
  facet normal 0 0 -1
    outer loop
      vertex -3.97408 0.268112 0.599999
      vertex -3.31654 -0.230042 0.599999
      vertex -3.9567 0.212631 0.599999
    endloop
  endfacet
  facet normal 0 0 -1
    outer loop
      vertex -3.99344 0.332321 0.599999
      vertex -3.31654 -0.230042 0.599999
      vertex -3.97408 0.268112 0.599999
    endloop
  endfacet
  facet normal 0 0 -1
    outer loop
      vertex -4.0148 0.405273 0.599999
      vertex -3.31654 -0.230042 0.599999
      vertex -3.99344 0.332321 0.599999
    endloop
  endfacet
  facet normal 0 0 -1
    outer loop
      vertex -4.03813 0.486954 0.599999
      vertex -3.31654 -0.230042 0.599999
      vertex -4.0148 0.405273 0.599999
    endloop
  endfacet
  facet normal 0 0 -1
    outer loop
      vertex -4.06345 0.577362 0.599999
      vertex -3.31654 -0.230042 0.599999
      vertex -4.03813 0.486954 0.599999
    endloop
  endfacet
  facet normal 0 0 -1
    outer loop
      vertex -3.31654 -0.230042 0.599999
      vertex -4.06345 0.577362 0.599999
      vertex -3.87859 1.56453 0.599999
    endloop
  endfacet
  facet normal 0 0 -1
    outer loop
      vertex -4.09074 0.676514 0.599999
      vertex -3.87859 1.56453 0.599999
      vertex -4.06345 0.577362 0.599999
    endloop
  endfacet
  facet normal 0 0 -1
    outer loop
      vertex -4.12003 0.784393 0.599999
      vertex -3.87859 1.56453 0.599999
      vertex -4.09074 0.676514 0.599999
    endloop
  endfacet
  facet normal 0 0 -1
    outer loop
      vertex -4.15129 0.901001 0.599999
      vertex -3.87859 1.56453 0.599999
      vertex -4.12003 0.784393 0.599999
    endloop
  endfacet
  facet normal 0 0 -1
    outer loop
      vertex -4.18454 1.02635 0.599999
      vertex -3.87859 1.56453 0.599999
      vertex -4.15129 0.901001 0.599999
    endloop
  endfacet
  facet normal 0 0 -1
    outer loop
      vertex -4.18454 1.02635 0.599999
      vertex -4.73138 1.56453 0.599999
      vertex -3.87859 1.56453 0.599999
    endloop
  endfacet
  facet normal 0 0 -1
    outer loop
      vertex -4.18042 0.925385 0.599999
      vertex -4.73138 1.56453 0.599999
      vertex -4.18454 1.02635 0.599999
    endloop
  endfacet
  facet normal 0 1 -0
    outer loop
      vertex 3.92007 -0.711777 0
      vertex 2.75479 -0.711777 0.599999
      vertex 3.92007 -0.711777 0.599999
    endloop
  endfacet
  facet normal 0 1 0
    outer loop
      vertex 2.75479 -0.711777 0.599999
      vertex 3.92007 -0.711777 0
      vertex 2.75479 -0.711777 0
    endloop
  endfacet
  facet normal -0.944669 0.328025 0
    outer loop
      vertex 2.48352 -1.493 0
      vertex 2.75479 -0.711777 0.599999
      vertex 2.75479 -0.711777 0
    endloop
  endfacet
  facet normal -0.944669 0.328025 0
    outer loop
      vertex 2.75479 -0.711777 0.599999
      vertex 2.48352 -1.493 0
      vertex 2.48352 -1.493 0.599999
    endloop
  endfacet
  facet normal 0 1 -0
    outer loop
      vertex 2.48352 -1.493 0
      vertex 1.8499 -1.493 0.599999
      vertex 2.48352 -1.493 0.599999
    endloop
  endfacet
  facet normal 0 1 0
    outer loop
      vertex 1.8499 -1.493 0.599999
      vertex 2.48352 -1.493 0
      vertex 1.8499 -1.493 0
    endloop
  endfacet
  facet normal 0.939871 -0.341529 0
    outer loop
      vertex 1.8499 -1.493 0.599999
      vertex 2.96094 1.56453 0
      vertex 2.96094 1.56453 0.599999
    endloop
  endfacet
  facet normal 0.939871 -0.341529 0
    outer loop
      vertex 2.96094 1.56453 0
      vertex 1.8499 -1.493 0.599999
      vertex 1.8499 -1.493 0
    endloop
  endfacet
  facet normal 0 -1 0
    outer loop
      vertex 2.96094 1.56453 0
      vertex 3.71609 1.56453 0.599999
      vertex 2.96094 1.56453 0.599999
    endloop
  endfacet
  facet normal 0 -1 -0
    outer loop
      vertex 3.71609 1.56453 0.599999
      vertex 2.96094 1.56453 0
      vertex 3.71609 1.56453 0
    endloop
  endfacet
  facet normal -0.93944 -0.342715 0
    outer loop
      vertex 4.8315 -1.493 0
      vertex 3.71609 1.56453 0.599999
      vertex 3.71609 1.56453 0
    endloop
  endfacet
  facet normal -0.93944 -0.342715 0
    outer loop
      vertex 3.71609 1.56453 0.599999
      vertex 4.8315 -1.493 0
      vertex 4.8315 -1.493 0.599999
    endloop
  endfacet
  facet normal 0 1 -0
    outer loop
      vertex 4.8315 -1.493 0
      vertex 4.19133 -1.493 0.599999
      vertex 4.8315 -1.493 0.599999
    endloop
  endfacet
  facet normal 0 1 0
    outer loop
      vertex 4.19133 -1.493 0.599999
      vertex 4.8315 -1.493 0
      vertex 4.19133 -1.493 0
    endloop
  endfacet
  facet normal 0.944673 0.328014 0
    outer loop
      vertex 4.19133 -1.493 0.599999
      vertex 3.92007 -0.711777 0
      vertex 3.92007 -0.711777 0.599999
    endloop
  endfacet
  facet normal 0.944673 0.328014 0
    outer loop
      vertex 3.92007 -0.711777 0
      vertex 4.19133 -1.493 0.599999
      vertex 4.19133 -1.493 0
    endloop
  endfacet
  facet normal 0.94582 0.324692 0
    outer loop
      vertex 3.77687 -0.230042 0.599999
      vertex 3.70453 -0.0193176 0
      vertex 3.70453 -0.0193176 0.599999
    endloop
  endfacet
  facet normal 0.94582 0.324692 0
    outer loop
      vertex 3.70453 -0.0193176 0
      vertex 3.77687 -0.230042 0.599999
      vertex 3.77687 -0.230042 0
    endloop
  endfacet
  facet normal 0.945979 0.324228 0
    outer loop
      vertex 3.70453 -0.0193176 0.599999
      vertex 3.63991 0.16922 0
      vertex 3.63991 0.16922 0.599999
    endloop
  endfacet
  facet normal 0.945979 0.324228 0
    outer loop
      vertex 3.63991 0.16922 0
      vertex 3.70453 -0.0193176 0.599999
      vertex 3.70453 -0.0193176 0
    endloop
  endfacet
  facet normal 0.94619 0.323611 0
    outer loop
      vertex 3.63991 0.16922 0.599999
      vertex 3.58301 0.335587 0
      vertex 3.58301 0.335587 0.599999
    endloop
  endfacet
  facet normal 0.94619 0.323611 0
    outer loop
      vertex 3.58301 0.335587 0
      vertex 3.63991 0.16922 0.599999
      vertex 3.63991 0.16922 0
    endloop
  endfacet
  facet normal 0.946414 0.322955 0
    outer loop
      vertex 3.58301 0.335587 0.599999
      vertex 3.53381 0.479767 0
      vertex 3.53381 0.479767 0.599999
    endloop
  endfacet
  facet normal 0.946414 0.322955 0
    outer loop
      vertex 3.53381 0.479767 0
      vertex 3.58301 0.335587 0.599999
      vertex 3.58301 0.335587 0
    endloop
  endfacet
  facet normal 0.946804 0.321812 0
    outer loop
      vertex 3.53381 0.479767 0.599999
      vertex 3.49234 0.601776 0
      vertex 3.49234 0.601776 0.599999
    endloop
  endfacet
  facet normal 0.946804 0.321812 0
    outer loop
      vertex 3.49234 0.601776 0
      vertex 3.53381 0.479767 0.599999
      vertex 3.53381 0.479767 0
    endloop
  endfacet
  facet normal 0.947306 0.320331 0
    outer loop
      vertex 3.49234 0.601776 0.599999
      vertex 3.45859 0.701584 0
      vertex 3.45859 0.701584 0.599999
    endloop
  endfacet
  facet normal 0.947306 0.320331 0
    outer loop
      vertex 3.45859 0.701584 0
      vertex 3.49234 0.601776 0.599999
      vertex 3.49234 0.601776 0
    endloop
  endfacet
  facet normal 0.948129 0.317887 0
    outer loop
      vertex 3.45859 0.701584 0.599999
      vertex 3.43256 0.779221 0
      vertex 3.43256 0.779221 0.599999
    endloop
  endfacet
  facet normal 0.948129 0.317887 0
    outer loop
      vertex 3.43256 0.779221 0
      vertex 3.45859 0.701584 0.599999
      vertex 3.45859 0.701584 0
    endloop
  endfacet
  facet normal 0.949493 0.313787 0
    outer loop
      vertex 3.43256 0.779221 0.599999
      vertex 3.41423 0.834686 0
      vertex 3.41423 0.834686 0.599999
    endloop
  endfacet
  facet normal 0.949493 0.313787 0
    outer loop
      vertex 3.41423 0.834686 0
      vertex 3.43256 0.779221 0.599999
      vertex 3.43256 0.779221 0
    endloop
  endfacet
  facet normal 0.952793 0.30362 0
    outer loop
      vertex 3.41423 0.834686 0.599999
      vertex 3.40363 0.86795 0
      vertex 3.40363 0.86795 0.599999
    endloop
  endfacet
  facet normal 0.952793 0.30362 0
    outer loop
      vertex 3.40363 0.86795 0
      vertex 3.41423 0.834686 0.599999
      vertex 3.41423 0.834686 0
    endloop
  endfacet
  facet normal 0.956782 0.290807 0
    outer loop
      vertex 3.40363 0.86795 0.599999
      vertex 3.39697 0.889862 0
      vertex 3.39697 0.889862 0.599999
    endloop
  endfacet
  facet normal 0.956782 0.290807 0
    outer loop
      vertex 3.39697 0.889862 0
      vertex 3.40363 0.86795 0.599999
      vertex 3.40363 0.86795 0
    endloop
  endfacet
  facet normal 0.957745 0.287619 0
    outer loop
      vertex 3.39697 0.889862 0.599999
      vertex 3.39055 0.91124 0
      vertex 3.39055 0.91124 0.599999
    endloop
  endfacet
  facet normal 0.957745 0.287619 0
    outer loop
      vertex 3.39055 0.91124 0
      vertex 3.39697 0.889862 0.599999
      vertex 3.39697 0.889862 0
    endloop
  endfacet
  facet normal 0.95863 0.284656 0
    outer loop
      vertex 3.39055 0.91124 0.599999
      vertex 3.37833 0.952393 0
      vertex 3.37833 0.952393 0.599999
    endloop
  endfacet
  facet normal 0.95863 0.284656 0
    outer loop
      vertex 3.37833 0.952393 0
      vertex 3.39055 0.91124 0.599999
      vertex 3.39055 0.91124 0
    endloop
  endfacet
  facet normal 0.959709 0.280997 0
    outer loop
      vertex 3.37833 0.952393 0.599999
      vertex 3.37254 0.972168 0
      vertex 3.37254 0.972168 0.599999
    endloop
  endfacet
  facet normal 0.959709 0.280997 0
    outer loop
      vertex 3.37254 0.972168 0
      vertex 3.37833 0.952393 0.599999
      vertex 3.37833 0.952393 0
    endloop
  endfacet
  facet normal 0.960503 0.278269 0
    outer loop
      vertex 3.37254 0.972168 0.599999
      vertex 3.36697 0.991394 0
      vertex 3.36697 0.991394 0.599999
    endloop
  endfacet
  facet normal 0.960503 0.278269 0
    outer loop
      vertex 3.36697 0.991394 0
      vertex 3.37254 0.972168 0.599999
      vertex 3.37254 0.972168 0
    endloop
  endfacet
  facet normal 0.961178 0.275929 0
    outer loop
      vertex 3.36697 0.991394 0.599999
      vertex 3.3616 1.0101 0
      vertex 3.3616 1.0101 0.599999
    endloop
  endfacet
  facet normal 0.961178 0.275929 0
    outer loop
      vertex 3.3616 1.0101 0
      vertex 3.36697 0.991394 0.599999
      vertex 3.36697 0.991394 0
    endloop
  endfacet
  facet normal 0.96224 0.272202 0
    outer loop
      vertex 3.3616 1.0101 0.599999
      vertex 3.35646 1.02827 0
      vertex 3.35646 1.02827 0.599999
    endloop
  endfacet
  facet normal 0.96224 0.272202 0
    outer loop
      vertex 3.35646 1.02827 0
      vertex 3.3616 1.0101 0.599999
      vertex 3.3616 1.0101 0
    endloop
  endfacet
  facet normal 0.963055 0.269306 0
    outer loop
      vertex 3.35646 1.02827 0.599999
      vertex 3.35153 1.0459 0
      vertex 3.35153 1.0459 0.599999
    endloop
  endfacet
  facet normal 0.963055 0.269306 0
    outer loop
      vertex 3.35153 1.0459 0
      vertex 3.35646 1.02827 0.599999
      vertex 3.35646 1.02827 0
    endloop
  endfacet
  facet normal 0.964866 0.262741 0
    outer loop
      vertex 3.35153 1.0459 0.599999
      vertex 3.33853 1.09364 0
      vertex 3.33853 1.09364 0.599999
    endloop
  endfacet
  facet normal 0.964866 0.262741 0
    outer loop
      vertex 3.33853 1.09364 0
      vertex 3.35153 1.0459 0.599999
      vertex 3.35153 1.0459 0
    endloop
  endfacet
  facet normal -0.956647 0.291248 0
    outer loop
      vertex 3.29294 0.943893 0
      vertex 3.33853 1.09364 0.599999
      vertex 3.33853 1.09364 0
    endloop
  endfacet
  facet normal -0.956647 0.291248 0
    outer loop
      vertex 3.33853 1.09364 0.599999
      vertex 3.29294 0.943893 0
      vertex 3.29294 0.943893 0.599999
    endloop
  endfacet
  facet normal -0.953491 0.301422 0
    outer loop
      vertex 3.19965 0.648788 0
      vertex 3.29294 0.943893 0.599999
      vertex 3.29294 0.943893 0
    endloop
  endfacet
  facet normal -0.953491 0.301422 0
    outer loop
      vertex 3.29294 0.943893 0.599999
      vertex 3.19965 0.648788 0
      vertex 3.19965 0.648788 0.599999
    endloop
  endfacet
  facet normal -0.945845 0.32462 0
    outer loop
      vertex 2.89803 -0.230042 0
      vertex 3.19965 0.648788 0.599999
      vertex 3.19965 0.648788 0
    endloop
  endfacet
  facet normal -0.945845 0.32462 0
    outer loop
      vertex 3.19965 0.648788 0.599999
      vertex 2.89803 -0.230042 0
      vertex 2.89803 -0.230042 0.599999
    endloop
  endfacet
  facet normal 0 -1 0
    outer loop
      vertex 2.89803 -0.230042 0
      vertex 3.77687 -0.230042 0.599999
      vertex 2.89803 -0.230042 0.599999
    endloop
  endfacet
  facet normal 0 -1 -0
    outer loop
      vertex 3.77687 -0.230042 0.599999
      vertex 2.89803 -0.230042 0
      vertex 3.77687 -0.230042 0
    endloop
  endfacet
  facet normal 0 1 -0
    outer loop
      vertex 0.8703 -0.332031 0
      vertex 0.119492 -0.332031 0.599999
      vertex 0.8703 -0.332031 0.599999
    endloop
  endfacet
  facet normal 0 1 0
    outer loop
      vertex 0.119492 -0.332031 0.599999
      vertex 0.8703 -0.332031 0
      vertex 0.119492 -0.332031 0
    endloop
  endfacet
  facet normal -0.853245 0.521511 0
    outer loop
      vertex -0.590103 -1.493 0
      vertex 0.119492 -0.332031 0.599999
      vertex 0.119492 -0.332031 0
    endloop
  endfacet
  facet normal -0.853245 0.521511 0
    outer loop
      vertex 0.119492 -0.332031 0.599999
      vertex -0.590103 -1.493 0
      vertex -0.590103 -1.493 0.599999
    endloop
  endfacet
  facet normal 0 1 -0
    outer loop
      vertex -0.590103 -1.493 0
      vertex -1.31055 -1.493 0.599999
      vertex -0.590103 -1.493 0.599999
    endloop
  endfacet
  facet normal 0 1 0
    outer loop
      vertex -1.31055 -1.493 0.599999
      vertex -0.590103 -1.493 0
      vertex -1.31055 -1.493 0
    endloop
  endfacet
  facet normal 0.840897 -0.541195 0
    outer loop
      vertex -1.31055 -1.493 0.599999
      vertex -0.483765 -0.208359 0
      vertex -0.483765 -0.208359 0.599999
    endloop
  endfacet
  facet normal 0.840897 -0.541195 0
    outer loop
      vertex -0.483765 -0.208359 0
      vertex -1.31055 -1.493 0.599999
      vertex -1.31055 -1.493 0
    endloop
  endfacet
  facet normal 0.263106 0.964767 -0
    outer loop
      vertex -0.483765 -0.208359 0
      vertex -0.551132 -0.189987 0.599999
      vertex -0.483765 -0.208359 0.599999
    endloop
  endfacet
  facet normal 0.263106 0.964767 0
    outer loop
      vertex -0.551132 -0.189987 0.599999
      vertex -0.483765 -0.208359 0
      vertex -0.551132 -0.189987 0
    endloop
  endfacet
  facet normal 0.328117 0.944637 -0
    outer loop
      vertex -0.551132 -0.189987 0
      vertex -0.615356 -0.167679 0.599999
      vertex -0.551132 -0.189987 0.599999
    endloop
  endfacet
  facet normal 0.328117 0.944637 0
    outer loop
      vertex -0.615356 -0.167679 0.599999
      vertex -0.551132 -0.189987 0
      vertex -0.615356 -0.167679 0
    endloop
  endfacet
  facet normal 0.39494 0.918707 -0
    outer loop
      vertex -0.615356 -0.167679 0
      vertex -0.676407 -0.141434 0.599999
      vertex -0.615356 -0.167679 0.599999
    endloop
  endfacet
  facet normal 0.39494 0.918707 0
    outer loop
      vertex -0.676407 -0.141434 0.599999
      vertex -0.615356 -0.167679 0
      vertex -0.676407 -0.141434 0
    endloop
  endfacet
  facet normal 0.462114 0.88682 -0
    outer loop
      vertex -0.676407 -0.141434 0
      vertex -0.734299 -0.111267 0.599999
      vertex -0.676407 -0.141434 0.599999
    endloop
  endfacet
  facet normal 0.462114 0.88682 0
    outer loop
      vertex -0.734299 -0.111267 0.599999
      vertex -0.676407 -0.141434 0
      vertex -0.734299 -0.111267 0
    endloop
  endfacet
  facet normal 0.529 0.848622 -0
    outer loop
      vertex -0.734299 -0.111267 0
      vertex -0.789032 -0.0771484 0.599999
      vertex -0.734299 -0.111267 0.599999
    endloop
  endfacet
  facet normal 0.529 0.848622 0
    outer loop
      vertex -0.789032 -0.0771484 0.599999
      vertex -0.734299 -0.111267 0
      vertex -0.789032 -0.0771484 0
    endloop
  endfacet
  facet normal 0.593852 0.804574 -0
    outer loop
      vertex -0.789032 -0.0771484 0
      vertex -0.840591 -0.039093 0.599999
      vertex -0.789032 -0.0771484 0.599999
    endloop
  endfacet
  facet normal 0.593852 0.804574 0
    outer loop
      vertex -0.840591 -0.039093 0.599999
      vertex -0.789032 -0.0771484 0
      vertex -0.840591 -0.039093 0
    endloop
  endfacet
  facet normal 0.655069 0.755569 -0
    outer loop
      vertex -0.840591 -0.039093 0
      vertex -0.889008 0.00288391 0.599999
      vertex -0.840591 -0.039093 0.599999
    endloop
  endfacet
  facet normal 0.655069 0.755569 0
    outer loop
      vertex -0.889008 0.00288391 0.599999
      vertex -0.840591 -0.039093 0
      vertex -0.889008 0.00288391 0
    endloop
  endfacet
  facet normal 0.712415 0.701759 0
    outer loop
      vertex -0.889008 0.00288391 0.599999
      vertex -0.93425 0.0488129 0
      vertex -0.93425 0.0488129 0.599999
    endloop
  endfacet
  facet normal 0.712415 0.701759 0
    outer loop
      vertex -0.93425 0.0488129 0
      vertex -0.889008 0.00288391 0.599999
      vertex -0.889008 0.00288391 0
    endloop
  endfacet
  facet normal 0.764217 0.644959 0
    outer loop
      vertex -0.93425 0.0488129 0.599999
      vertex -0.976334 0.0986786 0
      vertex -0.976334 0.0986786 0.599999
    endloop
  endfacet
  facet normal 0.764217 0.644959 0
    outer loop
      vertex -0.976334 0.0986786 0
      vertex -0.93425 0.0488129 0.599999
      vertex -0.93425 0.0488129 0
    endloop
  endfacet
  facet normal 0.810331 0.585972 0
    outer loop
      vertex -0.976334 0.0986786 0.599999
      vertex -1.0146 0.151596 0
      vertex -1.0146 0.151596 0.599999
    endloop
  endfacet
  facet normal 0.810331 0.585972 0
    outer loop
      vertex -1.0146 0.151596 0
      vertex -0.976334 0.0986786 0.599999
      vertex -0.976334 0.0986786 0
    endloop
  endfacet
  facet normal 0.852677 0.522439 0
    outer loop
      vertex -1.0146 0.151596 0.599999
      vertex -1.04836 0.206696 0
      vertex -1.04836 0.206696 0.599999
    endloop
  endfacet
  facet normal 0.852677 0.522439 0
    outer loop
      vertex -1.04836 0.206696 0
      vertex -1.0146 0.151596 0.599999
      vertex -1.0146 0.151596 0
    endloop
  endfacet
  facet normal 0.890493 0.454997 0
    outer loop
      vertex -1.04836 0.206696 0.599999
      vertex -1.07762 0.263962 0
      vertex -1.07762 0.263962 0.599999
    endloop
  endfacet
  facet normal 0.890493 0.454997 0
    outer loop
      vertex -1.07762 0.263962 0
      vertex -1.04836 0.206696 0.599999
      vertex -1.04836 0.206696 0
    endloop
  endfacet
  facet normal 0.923153 0.384433 0
    outer loop
      vertex -1.07762 0.263962 0.599999
      vertex -1.10237 0.323395 0
      vertex -1.10237 0.323395 0.599999
    endloop
  endfacet
  facet normal 0.923153 0.384433 0
    outer loop
      vertex -1.10237 0.323395 0
      vertex -1.07762 0.263962 0.599999
      vertex -1.07762 0.263962 0
    endloop
  endfacet
  facet normal 0.949963 0.312363 0
    outer loop
      vertex -1.10237 0.323395 0.599999
      vertex -1.12263 0.38501 0
      vertex -1.12263 0.38501 0.599999
    endloop
  endfacet
  facet normal 0.949963 0.312363 0
    outer loop
      vertex -1.12263 0.38501 0
      vertex -1.10237 0.323395 0.599999
      vertex -1.10237 0.323395 0
    endloop
  endfacet
  facet normal 0.970825 0.239791 0
    outer loop
      vertex -1.12263 0.38501 0.599999
      vertex -1.13838 0.448776 0
      vertex -1.13838 0.448776 0.599999
    endloop
  endfacet
  facet normal 0.970825 0.239791 0
    outer loop
      vertex -1.13838 0.448776 0
      vertex -1.12263 0.38501 0.599999
      vertex -1.12263 0.38501 0
    endloop
  endfacet
  facet normal 0.985735 0.168302 0
    outer loop
      vertex -1.13838 0.448776 0.599999
      vertex -1.14964 0.514725 0
      vertex -1.14964 0.514725 0.599999
    endloop
  endfacet
  facet normal 0.985735 0.168302 0
    outer loop
      vertex -1.14964 0.514725 0
      vertex -1.13838 0.448776 0.599999
      vertex -1.13838 0.448776 0
    endloop
  endfacet
  facet normal 0.995126 0.0986141 0
    outer loop
      vertex -1.14964 0.514725 0.599999
      vertex -1.15639 0.58284 0
      vertex -1.15639 0.58284 0.599999
    endloop
  endfacet
  facet normal 0.995126 0.0986141 0
    outer loop
      vertex -1.15639 0.58284 0
      vertex -1.14964 0.514725 0.599999
      vertex -1.14964 0.514725 0
    endloop
  endfacet
  facet normal 0.999484 0.0321327 0
    outer loop
      vertex -1.15639 0.58284 0.599999
      vertex -1.15865 0.653137 0
      vertex -1.15865 0.653137 0.599999
    endloop
  endfacet
  facet normal 0.999484 0.0321327 0
    outer loop
      vertex -1.15865 0.653137 0
      vertex -1.15639 0.58284 0.599999
      vertex -1.15639 0.58284 0
    endloop
  endfacet
  facet normal 0.999256 -0.0385651 0
    outer loop
      vertex -1.15865 0.653137 0.599999
      vertex -1.15497 0.748489 0
      vertex -1.15497 0.748489 0.599999
    endloop
  endfacet
  facet normal 0.999256 -0.0385651 0
    outer loop
      vertex -1.15497 0.748489 0
      vertex -1.15865 0.653137 0.599999
      vertex -1.15865 0.653137 0
    endloop
  endfacet
  facet normal 0.992662 -0.12092 0
    outer loop
      vertex -1.15497 0.748489 0.599999
      vertex -1.14397 0.838791 0
      vertex -1.14397 0.838791 0.599999
    endloop
  endfacet
  facet normal 0.992662 -0.12092 0
    outer loop
      vertex -1.14397 0.838791 0
      vertex -1.15497 0.748489 0.599999
      vertex -1.15497 0.748489 0
    endloop
  endfacet
  facet normal 0.977578 -0.210575 0
    outer loop
      vertex -1.14397 0.838791 0.599999
      vertex -1.12561 0.924026 0
      vertex -1.12561 0.924026 0.599999
    endloop
  endfacet
  facet normal 0.977578 -0.210575 0
    outer loop
      vertex -1.12561 0.924026 0
      vertex -1.14397 0.838791 0.599999
      vertex -1.14397 0.838791 0
    endloop
  endfacet
  facet normal 0.952271 -0.305253 0
    outer loop
      vertex -1.12561 0.924026 0.599999
      vertex -1.09991 1.0042 0
      vertex -1.09991 1.0042 0.599999
    endloop
  endfacet
  facet normal 0.952271 -0.305253 0
    outer loop
      vertex -1.09991 1.0042 0
      vertex -1.12561 0.924026 0.599999
      vertex -1.12561 0.924026 0
    endloop
  endfacet
  facet normal 0.915378 -0.402596 0
    outer loop
      vertex -1.09991 1.0042 0.599999
      vertex -1.06688 1.0793 0
      vertex -1.06688 1.0793 0.599999
    endloop
  endfacet
  facet normal 0.915378 -0.402596 0
    outer loop
      vertex -1.06688 1.0793 0
      vertex -1.09991 1.0042 0.599999
      vertex -1.09991 1.0042 0
    endloop
  endfacet
  facet normal 0.866334 -0.499465 0
    outer loop
      vertex -1.06688 1.0793 0.599999
      vertex -1.0265 1.14934 0
      vertex -1.0265 1.14934 0.599999
    endloop
  endfacet
  facet normal 0.866334 -0.499465 0
    outer loop
      vertex -1.0265 1.14934 0
      vertex -1.06688 1.0793 0.599999
      vertex -1.06688 1.0793 0
    endloop
  endfacet
  facet normal 0.806018 -0.591891 0
    outer loop
      vertex -1.0265 1.14934 0.599999
      vertex -0.97879 1.21431 0
      vertex -0.97879 1.21431 0.599999
    endloop
  endfacet
  facet normal 0.806018 -0.591891 0
    outer loop
      vertex -0.97879 1.21431 0
      vertex -1.0265 1.14934 0.599999
      vertex -1.0265 1.14934 0
    endloop
  endfacet
  facet normal 0.73638 -0.676568 0
    outer loop
      vertex -0.97879 1.21431 0.599999
      vertex -0.923737 1.27423 0
      vertex -0.923737 1.27423 0.599999
    endloop
  endfacet
  facet normal 0.73638 -0.676568 0
    outer loop
      vertex -0.923737 1.27423 0
      vertex -0.97879 1.21431 0.599999
      vertex -0.97879 1.21431 0
    endloop
  endfacet
  facet normal 0.660086 -0.75119 0
    outer loop
      vertex -0.923737 1.27423 0
      vertex -0.861328 1.32907 0.599999
      vertex -0.923737 1.27423 0.599999
    endloop
  endfacet
  facet normal 0.660086 -0.75119 0
    outer loop
      vertex -0.861328 1.32907 0.599999
      vertex -0.923737 1.27423 0
      vertex -0.861328 1.32907 0
    endloop
  endfacet
  facet normal 0.581522 -0.813531 0
    outer loop
      vertex -0.861328 1.32907 0
      vertex -0.792191 1.37849 0.599999
      vertex -0.861328 1.32907 0.599999
    endloop
  endfacet
  facet normal 0.581522 -0.813531 0
    outer loop
      vertex -0.792191 1.37849 0.599999
      vertex -0.861328 1.32907 0
      vertex -0.792191 1.37849 0
    endloop
  endfacet
  facet normal 0.501067 -0.865409 0
    outer loop
      vertex -0.792191 1.37849 0
      vertex -0.716888 1.42209 0.599999
      vertex -0.792191 1.37849 0.599999
    endloop
  endfacet
  facet normal 0.501067 -0.865409 0
    outer loop
      vertex -0.716888 1.42209 0.599999
      vertex -0.792191 1.37849 0
      vertex -0.716888 1.42209 0
    endloop
  endfacet
  facet normal 0.420736 -0.907183 0
    outer loop
      vertex -0.716888 1.42209 0
      vertex -0.635406 1.45988 0.599999
      vertex -0.716888 1.42209 0.599999
    endloop
  endfacet
  facet normal 0.420736 -0.907183 0
    outer loop
      vertex -0.635406 1.45988 0.599999
      vertex -0.716888 1.42209 0
      vertex -0.635406 1.45988 0
    endloop
  endfacet
  facet normal 0.342785 -0.939414 0
    outer loop
      vertex -0.635406 1.45988 0
      vertex -0.547791 1.49185 0.599999
      vertex -0.635406 1.45988 0.599999
    endloop
  endfacet
  facet normal 0.342785 -0.939414 0
    outer loop
      vertex -0.547791 1.49185 0.599999
      vertex -0.635406 1.45988 0
      vertex -0.547791 1.49185 0
    endloop
  endfacet
  facet normal 0.268745 -0.963211 0
    outer loop
      vertex -0.547791 1.49185 0
      vertex -0.453995 1.51802 0.599999
      vertex -0.547791 1.49185 0.599999
    endloop
  endfacet
  facet normal 0.268745 -0.963211 0
    outer loop
      vertex -0.453995 1.51802 0.599999
      vertex -0.547791 1.49185 0
      vertex -0.453995 1.51802 0
    endloop
  endfacet
  facet normal 0.199393 -0.97992 0
    outer loop
      vertex -0.453995 1.51802 0
      vertex -0.354034 1.53836 0.599999
      vertex -0.453995 1.51802 0.599999
    endloop
  endfacet
  facet normal 0.199393 -0.97992 0
    outer loop
      vertex -0.354034 1.53836 0.599999
      vertex -0.453995 1.51802 0
      vertex -0.354034 1.53836 0
    endloop
  endfacet
  facet normal 0.13576 -0.990742 0
    outer loop
      vertex -0.354034 1.53836 0
      vertex -0.247925 1.5529 0.599999
      vertex -0.354034 1.53836 0.599999
    endloop
  endfacet
  facet normal 0.13576 -0.990742 0
    outer loop
      vertex -0.247925 1.5529 0.599999
      vertex -0.354034 1.53836 0
      vertex -0.247925 1.5529 0
    endloop
  endfacet
  facet normal 0.0773457 -0.997004 0
    outer loop
      vertex -0.247925 1.5529 0
      vertex -0.135651 1.56161 0.599999
      vertex -0.247925 1.5529 0.599999
    endloop
  endfacet
  facet normal 0.0773457 -0.997004 0
    outer loop
      vertex -0.135651 1.56161 0.599999
      vertex -0.247925 1.5529 0
      vertex -0.135651 1.56161 0
    endloop
  endfacet
  facet normal 0.0246434 -0.999696 0
    outer loop
      vertex -0.135651 1.56161 0
      vertex -0.0171967 1.56453 0.599999
      vertex -0.135651 1.56161 0.599999
    endloop
  endfacet
  facet normal 0.0246434 -0.999696 0
    outer loop
      vertex -0.0171967 1.56453 0.599999
      vertex -0.135651 1.56161 0
      vertex -0.0171967 1.56453 0
    endloop
  endfacet
  facet normal 0 -1 0
    outer loop
      vertex -0.0171967 1.56453 0
      vertex 1.51047 1.56453 0.599999
      vertex -0.0171967 1.56453 0.599999
    endloop
  endfacet
  facet normal 0 -1 -0
    outer loop
      vertex 1.51047 1.56453 0.599999
      vertex -0.0171967 1.56453 0
      vertex 1.51047 1.56453 0
    endloop
  endfacet
  facet normal -1 0 0
    outer loop
      vertex 1.51047 -1.493 0
      vertex 1.51047 1.56453 0.599999
      vertex 1.51047 1.56453 0
    endloop
  endfacet
  facet normal -1 -0 0
    outer loop
      vertex 1.51047 1.56453 0.599999
      vertex 1.51047 -1.493 0
      vertex 1.51047 -1.493 0.599999
    endloop
  endfacet
  facet normal 0 1 -0
    outer loop
      vertex 1.51047 -1.493 0
      vertex 0.8703 -1.493 0.599999
      vertex 1.51047 -1.493 0.599999
    endloop
  endfacet
  facet normal 0 1 0
    outer loop
      vertex 0.8703 -1.493 0.599999
      vertex 1.51047 -1.493 0
      vertex 0.8703 -1.493 0
    endloop
  endfacet
  facet normal 1 -0 0
    outer loop
      vertex 0.8703 -1.493 0.599999
      vertex 0.8703 -0.332031 0
      vertex 0.8703 -0.332031 0.599999
    endloop
  endfacet
  facet normal 1 0 0
    outer loop
      vertex 0.8703 -0.332031 0
      vertex 0.8703 -1.493 0.599999
      vertex 0.8703 -1.493 0
    endloop
  endfacet
  facet normal 1 -0 0
    outer loop
      vertex 0.8703 0.164886 0.599999
      vertex 0.8703 1.0676 0
      vertex 0.8703 1.0676 0.599999
    endloop
  endfacet
  facet normal 1 0 0
    outer loop
      vertex 0.8703 1.0676 0
      vertex 0.8703 0.164886 0.599999
      vertex 0.8703 0.164886 0
    endloop
  endfacet
  facet normal 0 1 -0
    outer loop
      vertex 0.8703 1.0676 0
      vertex 0.0500488 1.0676 0.599999
      vertex 0.8703 1.0676 0.599999
    endloop
  endfacet
  facet normal 0 1 0
    outer loop
      vertex 0.0500488 1.0676 0.599999
      vertex 0.8703 1.0676 0
      vertex 0.0500488 1.0676 0
    endloop
  endfacet
  facet normal -0.0459003 0.998946 0
    outer loop
      vertex 0.0500488 1.0676 0
      vertex -0.0683441 1.06216 0.599999
      vertex 0.0500488 1.0676 0.599999
    endloop
  endfacet
  facet normal -0.0459003 0.998946 0
    outer loop
      vertex -0.0683441 1.06216 0.599999
      vertex 0.0500488 1.0676 0
      vertex -0.0683441 1.06216 0
    endloop
  endfacet
  facet normal -0.154221 0.988036 0
    outer loop
      vertex -0.0683441 1.06216 0
      vertex -0.172836 1.04585 0.599999
      vertex -0.0683441 1.06216 0.599999
    endloop
  endfacet
  facet normal -0.154221 0.988036 0
    outer loop
      vertex -0.172836 1.04585 0.599999
      vertex -0.0683441 1.06216 0
      vertex -0.172836 1.04585 0
    endloop
  endfacet
  facet normal -0.287602 0.95775 0
    outer loop
      vertex -0.172836 1.04585 0
      vertex -0.263382 1.01866 0.599999
      vertex -0.172836 1.04585 0.599999
    endloop
  endfacet
  facet normal -0.287602 0.95775 0
    outer loop
      vertex -0.263382 1.01866 0.599999
      vertex -0.172836 1.04585 0
      vertex -0.263382 1.01866 0
    endloop
  endfacet
  facet normal -0.444987 0.895537 0
    outer loop
      vertex -0.263382 1.01866 0
      vertex -0.339996 0.980591 0.599999
      vertex -0.263382 1.01866 0.599999
    endloop
  endfacet
  facet normal -0.444987 0.895537 0
    outer loop
      vertex -0.339996 0.980591 0.599999
      vertex -0.263382 1.01866 0
      vertex -0.339996 0.980591 0
    endloop
  endfacet
  facet normal -0.615479 0.788153 0
    outer loop
      vertex -0.339996 0.980591 0
      vertex -0.402679 0.931641 0.599999
      vertex -0.339996 0.980591 0.599999
    endloop
  endfacet
  facet normal -0.615479 0.788153 0
    outer loop
      vertex -0.402679 0.931641 0.599999
      vertex -0.339996 0.980591 0
      vertex -0.402679 0.931641 0
    endloop
  endfacet
  facet normal -0.775123 0.63181 0
    outer loop
      vertex -0.451447 0.871811 0
      vertex -0.402679 0.931641 0.599999
      vertex -0.402679 0.931641 0
    endloop
  endfacet
  facet normal -0.775123 0.63181 0
    outer loop
      vertex -0.402679 0.931641 0.599999
      vertex -0.451447 0.871811 0
      vertex -0.451447 0.871811 0.599999
    endloop
  endfacet
  facet normal -0.897086 0.441856 0
    outer loop
      vertex -0.486267 0.801117 0
      vertex -0.451447 0.871811 0.599999
      vertex -0.451447 0.871811 0
    endloop
  endfacet
  facet normal -0.897086 0.441856 0
    outer loop
      vertex -0.451447 0.871811 0.599999
      vertex -0.486267 0.801117 0
      vertex -0.486267 0.801117 0.599999
    endloop
  endfacet
  facet normal -0.968696 0.248248 0
    outer loop
      vertex -0.507172 0.719543 0
      vertex -0.486267 0.801117 0.599999
      vertex -0.486267 0.801117 0
    endloop
  endfacet
  facet normal -0.968696 0.248248 0
    outer loop
      vertex -0.486267 0.801117 0.599999
      vertex -0.507172 0.719543 0
      vertex -0.507172 0.719543 0.599999
    endloop
  endfacet
  facet normal -0.99718 0.0750476 0
    outer loop
      vertex -0.51413 0.62709 0
      vertex -0.507172 0.719543 0.599999
      vertex -0.507172 0.719543 0
    endloop
  endfacet
  facet normal -0.99718 0.0750476 0
    outer loop
      vertex -0.507172 0.719543 0.599999
      vertex -0.51413 0.62709 0
      vertex -0.51413 0.62709 0.599999
    endloop
  endfacet
  facet normal -0.999353 -0.0359557 0
    outer loop
      vertex -0.512421 0.57959 0
      vertex -0.51413 0.62709 0.599999
      vertex -0.51413 0.62709 0
    endloop
  endfacet
  facet normal -0.999353 -0.0359557 0
    outer loop
      vertex -0.51413 0.62709 0.599999
      vertex -0.512421 0.57959 0
      vertex -0.512421 0.57959 0.599999
    endloop
  endfacet
  facet normal -0.993558 -0.113326 0
    outer loop
      vertex -0.507278 0.5345 0
      vertex -0.512421 0.57959 0.599999
      vertex -0.512421 0.57959 0
    endloop
  endfacet
  facet normal -0.993558 -0.113326 0
    outer loop
      vertex -0.512421 0.57959 0.599999
      vertex -0.507278 0.5345 0
      vertex -0.507278 0.5345 0.599999
    endloop
  endfacet
  facet normal -0.980407 -0.196982 0
    outer loop
      vertex -0.498703 0.491821 0
      vertex -0.507278 0.5345 0.599999
      vertex -0.507278 0.5345 0
    endloop
  endfacet
  facet normal -0.980407 -0.196982 0
    outer loop
      vertex -0.507278 0.5345 0.599999
      vertex -0.498703 0.491821 0
      vertex -0.498703 0.491821 0.599999
    endloop
  endfacet
  facet normal -0.958293 -0.285789 0
    outer loop
      vertex -0.486694 0.451553 0
      vertex -0.498703 0.491821 0.599999
      vertex -0.498703 0.491821 0
    endloop
  endfacet
  facet normal -0.958293 -0.285789 0
    outer loop
      vertex -0.498703 0.491821 0.599999
      vertex -0.486694 0.451553 0
      vertex -0.486694 0.451553 0.599999
    endloop
  endfacet
  facet normal -0.926069 -0.377355 0
    outer loop
      vertex -0.471268 0.413696 0
      vertex -0.486694 0.451553 0.599999
      vertex -0.486694 0.451553 0
    endloop
  endfacet
  facet normal -0.926069 -0.377355 0
    outer loop
      vertex -0.486694 0.451553 0.599999
      vertex -0.471268 0.413696 0
      vertex -0.471268 0.413696 0.599999
    endloop
  endfacet
  facet normal -0.882813 -0.469724 0
    outer loop
      vertex -0.452408 0.37825 0
      vertex -0.471268 0.413696 0.599999
      vertex -0.471268 0.413696 0
    endloop
  endfacet
  facet normal -0.882813 -0.469724 0
    outer loop
      vertex -0.471268 0.413696 0.599999
      vertex -0.452408 0.37825 0
      vertex -0.452408 0.37825 0.599999
    endloop
  endfacet
  facet normal -0.828914 -0.559376 0
    outer loop
      vertex -0.430115 0.345215 0
      vertex -0.452408 0.37825 0.599999
      vertex -0.452408 0.37825 0
    endloop
  endfacet
  facet normal -0.828914 -0.559376 0
    outer loop
      vertex -0.452408 0.37825 0.599999
      vertex -0.430115 0.345215 0
      vertex -0.430115 0.345215 0.599999
    endloop
  endfacet
  facet normal -0.765877 -0.642987 0
    outer loop
      vertex -0.404404 0.31459 0
      vertex -0.430115 0.345215 0.599999
      vertex -0.430115 0.345215 0
    endloop
  endfacet
  facet normal -0.765877 -0.642987 0
    outer loop
      vertex -0.430115 0.345215 0.599999
      vertex -0.404404 0.31459 0
      vertex -0.404404 0.31459 0.599999
    endloop
  endfacet
  facet normal -0.695341 -0.71868 0
    outer loop
      vertex -0.404404 0.31459 0
      vertex -0.375244 0.286377 0.599999
      vertex -0.404404 0.31459 0.599999
    endloop
  endfacet
  facet normal -0.695341 -0.71868 -0
    outer loop
      vertex -0.375244 0.286377 0.599999
      vertex -0.404404 0.31459 0
      vertex -0.375244 0.286377 0
    endloop
  endfacet
  facet normal -0.617583 -0.786506 0
    outer loop
      vertex -0.375244 0.286377 0
      vertex -0.342773 0.26088 0.599999
      vertex -0.375244 0.286377 0.599999
    endloop
  endfacet
  facet normal -0.617583 -0.786506 -0
    outer loop
      vertex -0.342773 0.26088 0.599999
      vertex -0.375244 0.286377 0
      vertex -0.342773 0.26088 0
    endloop
  endfacet
  facet normal -0.533322 -0.845912 0
    outer loop
      vertex -0.342773 0.26088 0
      vertex -0.307098 0.238388 0.599999
      vertex -0.342773 0.26088 0.599999
    endloop
  endfacet
  facet normal -0.533322 -0.845912 -0
    outer loop
      vertex -0.307098 0.238388 0.599999
      vertex -0.342773 0.26088 0
      vertex -0.307098 0.238388 0
    endloop
  endfacet
  facet normal -0.448206 -0.89393 0
    outer loop
      vertex -0.307098 0.238388 0
      vertex -0.268204 0.218887 0.599999
      vertex -0.307098 0.238388 0.599999
    endloop
  endfacet
  facet normal -0.448206 -0.89393 -0
    outer loop
      vertex -0.268204 0.218887 0.599999
      vertex -0.307098 0.238388 0
      vertex -0.268204 0.218887 0
    endloop
  endfacet
  facet normal -0.364979 -0.931016 0
    outer loop
      vertex -0.268204 0.218887 0
      vertex -0.226089 0.202377 0.599999
      vertex -0.268204 0.218887 0.599999
    endloop
  endfacet
  facet normal -0.364979 -0.931016 -0
    outer loop
      vertex -0.226089 0.202377 0.599999
      vertex -0.268204 0.218887 0
      vertex -0.226089 0.202377 0
    endloop
  endfacet
  facet normal -0.285177 -0.958475 0
    outer loop
      vertex -0.226089 0.202377 0
      vertex -0.180756 0.188889 0.599999
      vertex -0.226089 0.202377 0.599999
    endloop
  endfacet
  facet normal -0.285177 -0.958475 -0
    outer loop
      vertex -0.180756 0.188889 0.599999
      vertex -0.226089 0.202377 0
      vertex -0.180756 0.188889 0
    endloop
  endfacet
  facet normal -0.2117 -0.977335 0
    outer loop
      vertex -0.180756 0.188889 0
      vertex -0.132217 0.178375 0.599999
      vertex -0.180756 0.188889 0.599999
    endloop
  endfacet
  facet normal -0.2117 -0.977335 -0
    outer loop
      vertex -0.132217 0.178375 0.599999
      vertex -0.180756 0.188889 0
      vertex -0.132217 0.178375 0
    endloop
  endfacet
  facet normal -0.143259 -0.989685 0
    outer loop
      vertex -0.132217 0.178375 0
      vertex -0.0804596 0.170883 0.599999
      vertex -0.132217 0.178375 0.599999
    endloop
  endfacet
  facet normal -0.143259 -0.989685 -0
    outer loop
      vertex -0.0804596 0.170883 0.599999
      vertex -0.132217 0.178375 0
      vertex -0.0804596 0.170883 0
    endloop
  endfacet
  facet normal -0.0816194 -0.996664 0
    outer loop
      vertex -0.0804596 0.170883 0
      vertex -0.0254974 0.166382 0.599999
      vertex -0.0804596 0.170883 0.599999
    endloop
  endfacet
  facet normal -0.0816194 -0.996664 -0
    outer loop
      vertex -0.0254974 0.166382 0.599999
      vertex -0.0804596 0.170883 0
      vertex -0.0254974 0.166382 0
    endloop
  endfacet
  facet normal -0.0257108 -0.999669 0
    outer loop
      vertex -0.0254974 0.166382 0
      vertex 0.0326691 0.164886 0.599999
      vertex -0.0254974 0.166382 0.599999
    endloop
  endfacet
  facet normal -0.0257108 -0.999669 -0
    outer loop
      vertex 0.0326691 0.164886 0.599999
      vertex -0.0254974 0.166382 0
      vertex 0.0326691 0.164886 0
    endloop
  endfacet
  facet normal 0 -1 0
    outer loop
      vertex 0.0326691 0.164886 0
      vertex 0.8703 0.164886 0.599999
      vertex 0.0326691 0.164886 0.599999
    endloop
  endfacet
  facet normal 0 -1 -0
    outer loop
      vertex 0.8703 0.164886 0.599999
      vertex 0.0326691 0.164886 0
      vertex 0.8703 0.164886 0
    endloop
  endfacet
  facet normal 0.999969 -0.00792859 0
    outer loop
      vertex -2.19247 0.360184 0.599999
      vertex -2.19215 0.400543 0
      vertex -2.19215 0.400543 0.599999
    endloop
  endfacet
  facet normal 0.999969 -0.00792859 0
    outer loop
      vertex -2.19215 0.400543 0
      vertex -2.19247 0.360184 0.599999
      vertex -2.19247 0.360184 0
    endloop
  endfacet
  facet normal 0.999807 -0.0196691 0
    outer loop
      vertex -2.19215 0.400543 0.599999
      vertex -2.19119 0.449341 0
      vertex -2.19119 0.449341 0.599999
    endloop
  endfacet
  facet normal 0.999807 -0.0196691 0
    outer loop
      vertex -2.19119 0.449341 0
      vertex -2.19215 0.400543 0.599999
      vertex -2.19215 0.400543 0
    endloop
  endfacet
  facet normal 0.999604 -0.0281406 0
    outer loop
      vertex -2.19119 0.449341 0.599999
      vertex -2.18958 0.506531 0
      vertex -2.18958 0.506531 0.599999
    endloop
  endfacet
  facet normal 0.999604 -0.0281406 0
    outer loop
      vertex -2.18958 0.506531 0
      vertex -2.19119 0.449341 0.599999
      vertex -2.19119 0.449341 0
    endloop
  endfacet
  facet normal 0.999413 -0.0342718 0
    outer loop
      vertex -2.18958 0.506531 0.599999
      vertex -2.18733 0.572144 0
      vertex -2.18733 0.572144 0.599999
    endloop
  endfacet
  facet normal 0.999413 -0.0342718 0
    outer loop
      vertex -2.18733 0.572144 0
      vertex -2.18958 0.506531 0.599999
      vertex -2.18958 0.506531 0
    endloop
  endfacet
  facet normal 0.999233 -0.0391486 0
    outer loop
      vertex -2.18733 0.572144 0.599999
      vertex -2.18443 0.646164 0
      vertex -2.18443 0.646164 0.599999
    endloop
  endfacet
  facet normal 0.999233 -0.0391486 0
    outer loop
      vertex -2.18443 0.646164 0
      vertex -2.18733 0.572144 0.599999
      vertex -2.18733 0.572144 0
    endloop
  endfacet
  facet normal 0.999079 -0.042907 0
    outer loop
      vertex -2.18443 0.646164 0.599999
      vertex -2.18089 0.728592 0
      vertex -2.18089 0.728592 0.599999
    endloop
  endfacet
  facet normal 0.999079 -0.042907 0
    outer loop
      vertex -2.18089 0.728592 0
      vertex -2.18443 0.646164 0.599999
      vertex -2.18443 0.646164 0
    endloop
  endfacet
  facet normal 0.998943 -0.0459689 0
    outer loop
      vertex -2.18089 0.728592 0.599999
      vertex -2.17671 0.819427 0
      vertex -2.17671 0.819427 0.599999
    endloop
  endfacet
  facet normal 0.998943 -0.0459689 0
    outer loop
      vertex -2.17671 0.819427 0
      vertex -2.18089 0.728592 0.599999
      vertex -2.18089 0.728592 0
    endloop
  endfacet
  facet normal 0.998823 -0.0485027 0
    outer loop
      vertex -2.17671 0.819427 0.599999
      vertex -2.17189 0.918686 0
      vertex -2.17189 0.918686 0.599999
    endloop
  endfacet
  facet normal 0.998823 -0.0485027 0
    outer loop
      vertex -2.17189 0.918686 0
      vertex -2.17671 0.819427 0.599999
      vertex -2.17671 0.819427 0
    endloop
  endfacet
  facet normal 0.998717 -0.0506482 0
    outer loop
      vertex -2.17189 0.918686 0.599999
      vertex -2.16643 1.02635 0
      vertex -2.16643 1.02635 0.599999
    endloop
  endfacet
  facet normal 0.998717 -0.0506482 0
    outer loop
      vertex -2.16643 1.02635 0
      vertex -2.17189 0.918686 0.599999
      vertex -2.17189 0.918686 0
    endloop
  endfacet
  facet normal -0.961618 0.274392 0
    outer loop
      vertex -2.39862 0.212631 0
      vertex -2.16643 1.02635 0.599999
      vertex -2.16643 1.02635 0
    endloop
  endfacet
  facet normal -0.961618 0.274392 0
    outer loop
      vertex -2.16643 1.02635 0.599999
      vertex -2.39862 0.212631 0
      vertex -2.39862 0.212631 0.599999
    endloop
  endfacet
  facet normal -0.951548 0.307501 0
    outer loop
      vertex -2.94981 -1.493 0
      vertex -2.39862 0.212631 0.599999
      vertex -2.39862 0.212631 0
    endloop
  endfacet
  facet normal -0.951548 0.307501 0
    outer loop
      vertex -2.39862 0.212631 0.599999
      vertex -2.94981 -1.493 0
      vertex -2.94981 -1.493 0.599999
    endloop
  endfacet
  facet normal 0 1 -0
    outer loop
      vertex -2.94981 -1.493 0
      vertex -3.4055 -1.493 0.599999
      vertex -2.94981 -1.493 0.599999
    endloop
  endfacet
  facet normal 0 1 0
    outer loop
      vertex -3.4055 -1.493 0.599999
      vertex -2.94981 -1.493 0
      vertex -3.4055 -1.493 0
    endloop
  endfacet
  facet normal 0.951546 0.307506 0
    outer loop
      vertex -3.4055 -1.493 0.599999
      vertex -3.9567 0.212631 0
      vertex -3.9567 0.212631 0.599999
    endloop
  endfacet
  facet normal 0.951546 0.307506 0
    outer loop
      vertex -3.9567 0.212631 0
      vertex -3.4055 -1.493 0.599999
      vertex -3.4055 -1.493 0
    endloop
  endfacet
  facet normal 0.954273 0.298936 0
    outer loop
      vertex -3.9567 0.212631 0.599999
      vertex -3.97408 0.268112 0
      vertex -3.97408 0.268112 0.599999
    endloop
  endfacet
  facet normal 0.954273 0.298936 0
    outer loop
      vertex -3.97408 0.268112 0
      vertex -3.9567 0.212631 0.599999
      vertex -3.9567 0.212631 0
    endloop
  endfacet
  facet normal 0.957426 0.288679 0
    outer loop
      vertex -3.97408 0.268112 0.599999
      vertex -3.99344 0.332321 0
      vertex -3.99344 0.332321 0.599999
    endloop
  endfacet
  facet normal 0.957426 0.288679 0
    outer loop
      vertex -3.99344 0.332321 0
      vertex -3.97408 0.268112 0.599999
      vertex -3.97408 0.268112 0
    endloop
  endfacet
  facet normal 0.959708 0.280998 0
    outer loop
      vertex -3.99344 0.332321 0.599999
      vertex -4.0148 0.405273 0
      vertex -4.0148 0.405273 0.599999
    endloop
  endfacet
  facet normal 0.959708 0.280998 0
    outer loop
      vertex -4.0148 0.405273 0
      vertex -3.99344 0.332321 0.599999
      vertex -3.99344 0.332321 0
    endloop
  endfacet
  facet normal 0.961547 0.27464 0
    outer loop
      vertex -4.0148 0.405273 0.599999
      vertex -4.03813 0.486954 0
      vertex -4.03813 0.486954 0.599999
    endloop
  endfacet
  facet normal 0.961547 0.27464 0
    outer loop
      vertex -4.03813 0.486954 0
      vertex -4.0148 0.405273 0.599999
      vertex -4.0148 0.405273 0
    endloop
  endfacet
  facet normal 0.962948 0.269687 0
    outer loop
      vertex -4.03813 0.486954 0.599999
      vertex -4.06345 0.577362 0
      vertex -4.06345 0.577362 0.599999
    endloop
  endfacet
  facet normal 0.962948 0.269687 0
    outer loop
      vertex -4.06345 0.577362 0
      vertex -4.03813 0.486954 0.599999
      vertex -4.03813 0.486954 0
    endloop
  endfacet
  facet normal 0.964148 0.265366 0
    outer loop
      vertex -4.06345 0.577362 0.599999
      vertex -4.09074 0.676514 0
      vertex -4.09074 0.676514 0.599999
    endloop
  endfacet
  facet normal 0.964148 0.265366 0
    outer loop
      vertex -4.09074 0.676514 0
      vertex -4.06345 0.577362 0.599999
      vertex -4.06345 0.577362 0
    endloop
  endfacet
  facet normal 0.965062 0.262022 0
    outer loop
      vertex -4.09074 0.676514 0.599999
      vertex -4.12003 0.784393 0
      vertex -4.12003 0.784393 0.599999
    endloop
  endfacet
  facet normal 0.965062 0.262022 0
    outer loop
      vertex -4.12003 0.784393 0
      vertex -4.09074 0.676514 0.599999
      vertex -4.09074 0.676514 0
    endloop
  endfacet
  facet normal 0.965895 0.258935 0
    outer loop
      vertex -4.12003 0.784393 0.599999
      vertex -4.15129 0.901001 0
      vertex -4.15129 0.901001 0.599999
    endloop
  endfacet
  facet normal 0.965895 0.258935 0
    outer loop
      vertex -4.15129 0.901001 0
      vertex -4.12003 0.784393 0.599999
      vertex -4.12003 0.784393 0
    endloop
  endfacet
  facet normal 0.966573 0.256393 0
    outer loop
      vertex -4.15129 0.901001 0.599999
      vertex -4.18454 1.02635 0
      vertex -4.18454 1.02635 0.599999
    endloop
  endfacet
  facet normal 0.966573 0.256393 0
    outer loop
      vertex -4.18454 1.02635 0
      vertex -4.15129 0.901001 0.599999
      vertex -4.15129 0.901001 0
    endloop
  endfacet
  facet normal -0.999168 -0.0407723 0
    outer loop
      vertex -4.18042 0.925385 0
      vertex -4.18454 1.02635 0.599999
      vertex -4.18454 1.02635 0
    endloop
  endfacet
  facet normal -0.999168 -0.0407723 0
    outer loop
      vertex -4.18454 1.02635 0.599999
      vertex -4.18042 0.925385 0
      vertex -4.18042 0.925385 0.599999
    endloop
  endfacet
  facet normal -0.999201 -0.0399715 0
    outer loop
      vertex -4.17357 0.75415 0
      vertex -4.18042 0.925385 0.599999
      vertex -4.18042 0.925385 0
    endloop
  endfacet
  facet normal -0.999201 -0.0399715 0
    outer loop
      vertex -4.18042 0.925385 0.599999
      vertex -4.17357 0.75415 0
      vertex -4.17357 0.75415 0.599999
    endloop
  endfacet
  facet normal -0.999235 -0.0391071 0
    outer loop
      vertex -4.17082 0.683884 0
      vertex -4.17357 0.75415 0.599999
      vertex -4.17357 0.75415 0
    endloop
  endfacet
  facet normal -0.999235 -0.0391071 0
    outer loop
      vertex -4.17357 0.75415 0.599999
      vertex -4.17082 0.683884 0
      vertex -4.17082 0.683884 0.599999
    endloop
  endfacet
  facet normal -0.999274 -0.038111 0
    outer loop
      vertex -4.16853 0.62384 0
      vertex -4.17082 0.683884 0.599999
      vertex -4.17082 0.683884 0
    endloop
  endfacet
  facet normal -0.999274 -0.038111 0
    outer loop
      vertex -4.17082 0.683884 0.599999
      vertex -4.16853 0.62384 0
      vertex -4.16853 0.62384 0.599999
    endloop
  endfacet
  facet normal -0.999326 -0.0367193 0
    outer loop
      vertex -4.1667 0.574036 0
      vertex -4.16853 0.62384 0.599999
      vertex -4.16853 0.62384 0
    endloop
  endfacet
  facet normal -0.999326 -0.0367193 0
    outer loop
      vertex -4.16853 0.62384 0.599999
      vertex -4.1667 0.574036 0
      vertex -4.1667 0.574036 0.599999
    endloop
  endfacet
  facet normal -0.999401 -0.034605 0
    outer loop
      vertex -4.16533 0.53447 0
      vertex -4.1667 0.574036 0.599999
      vertex -4.1667 0.574036 0
    endloop
  endfacet
  facet normal -0.999401 -0.034605 0
    outer loop
      vertex -4.1667 0.574036 0.599999
      vertex -4.16533 0.53447 0
      vertex -4.16533 0.53447 0.599999
    endloop
  endfacet
  facet normal -0.999498 -0.0316944 0
    outer loop
      vertex -4.1644 0.505142 0
      vertex -4.16533 0.53447 0.599999
      vertex -4.16533 0.53447 0
    endloop
  endfacet
  facet normal -0.999498 -0.0316944 0
    outer loop
      vertex -4.16533 0.53447 0.599999
      vertex -4.1644 0.505142 0
      vertex -4.1644 0.505142 0.599999
    endloop
  endfacet
  facet normal -0.999698 -0.0245947 0
    outer loop
      vertex -4.16393 0.486038 0
      vertex -4.1644 0.505142 0.599999
      vertex -4.1644 0.505142 0
    endloop
  endfacet
  facet normal -0.999698 -0.0245947 0
    outer loop
      vertex -4.1644 0.505142 0.599999
      vertex -4.16393 0.486038 0
      vertex -4.16393 0.486038 0.599999
    endloop
  endfacet
  facet normal -0.999882 -0.0153641 0
    outer loop
      vertex -4.1635 0.458054 0
      vertex -4.16393 0.486038 0.599999
      vertex -4.16393 0.486038 0
    endloop
  endfacet
  facet normal -0.999882 -0.0153641 0
    outer loop
      vertex -4.16393 0.486038 0.599999
      vertex -4.1635 0.458054 0
      vertex -4.1635 0.458054 0.599999
    endloop
  endfacet
  facet normal -0.999935 -0.0114401 0
    outer loop
      vertex -4.16318 0.430084 0
      vertex -4.1635 0.458054 0.599999
      vertex -4.1635 0.458054 0
    endloop
  endfacet
  facet normal -0.999935 -0.0114401 0
    outer loop
      vertex -4.1635 0.458054 0.599999
      vertex -4.16318 0.430084 0
      vertex -4.16318 0.430084 0.599999
    endloop
  endfacet
  facet normal -0.999976 -0.00691349 0
    outer loop
      vertex -4.16289 0.388138 0
      vertex -4.16318 0.430084 0.599999
      vertex -4.16318 0.430084 0
    endloop
  endfacet
  facet normal -0.999976 -0.00691349 0
    outer loop
      vertex -4.16318 0.430084 0.599999
      vertex -4.16289 0.388138 0
      vertex -4.16289 0.388138 0.599999
    endloop
  endfacet
  facet normal -0.999998 -0.00178865 0
    outer loop
      vertex -4.16284 0.360184 0
      vertex -4.16289 0.388138 0.599999
      vertex -4.16289 0.388138 0
    endloop
  endfacet
  facet normal -0.999998 -0.00178865 0
    outer loop
      vertex -4.16289 0.388138 0.599999
      vertex -4.16284 0.360184 0
      vertex -4.16284 0.360184 0.599999
    endloop
  endfacet
  facet normal -1 0 0
    outer loop
      vertex -4.16284 -1.493 0
      vertex -4.16284 0.360184 0.599999
      vertex -4.16284 0.360184 0
    endloop
  endfacet
  facet normal -1 -0 0
    outer loop
      vertex -4.16284 0.360184 0.599999
      vertex -4.16284 -1.493 0
      vertex -4.16284 -1.493 0.599999
    endloop
  endfacet
  facet normal 0 1 -0
    outer loop
      vertex -4.16284 -1.493 0
      vertex -4.73138 -1.493 0.599999
      vertex -4.16284 -1.493 0.599999
    endloop
  endfacet
  facet normal 0 1 0
    outer loop
      vertex -4.73138 -1.493 0.599999
      vertex -4.16284 -1.493 0
      vertex -4.73138 -1.493 0
    endloop
  endfacet
  facet normal 1 -0 0
    outer loop
      vertex -4.73138 -1.493 0.599999
      vertex -4.73138 1.56453 0
      vertex -4.73138 1.56453 0.599999
    endloop
  endfacet
  facet normal 1 0 0
    outer loop
      vertex -4.73138 1.56453 0
      vertex -4.73138 -1.493 0.599999
      vertex -4.73138 -1.493 0
    endloop
  endfacet
  facet normal 0 -1 0
    outer loop
      vertex -4.73138 1.56453 0
      vertex -3.87859 1.56453 0.599999
      vertex -4.73138 1.56453 0.599999
    endloop
  endfacet
  facet normal 0 -1 -0
    outer loop
      vertex -3.87859 1.56453 0.599999
      vertex -4.73138 1.56453 0
      vertex -3.87859 1.56453 0
    endloop
  endfacet
  facet normal -0.954291 -0.298879 0
    outer loop
      vertex -3.31654 -0.230042 0
      vertex -3.87859 1.56453 0.599999
      vertex -3.87859 1.56453 0
    endloop
  endfacet
  facet normal -0.954291 -0.298879 0
    outer loop
      vertex -3.87859 1.56453 0.599999
      vertex -3.31654 -0.230042 0
      vertex -3.31654 -0.230042 0.599999
    endloop
  endfacet
  facet normal -0.96328 -0.268499 0
    outer loop
      vertex -3.17984 -0.720474 0
      vertex -3.31654 -0.230042 0.599999
      vertex -3.31654 -0.230042 0
    endloop
  endfacet
  facet normal -0.96328 -0.268499 0
    outer loop
      vertex -3.31654 -0.230042 0.599999
      vertex -3.17984 -0.720474 0
      vertex -3.17984 -0.720474 0.599999
    endloop
  endfacet
  facet normal 0.969227 -0.24617 0
    outer loop
      vertex -3.17984 -0.720474 0.599999
      vertex -3.07567 -0.310333 0
      vertex -3.07567 -0.310333 0.599999
    endloop
  endfacet
  facet normal 0.969227 -0.24617 0
    outer loop
      vertex -3.07567 -0.310333 0
      vertex -3.17984 -0.720474 0.599999
      vertex -3.17984 -0.720474 0
    endloop
  endfacet
  facet normal 0.960554 -0.278093 0
    outer loop
      vertex -3.07567 -0.310333 0.599999
      vertex -3.02792 -0.145401 0
      vertex -3.02792 -0.145401 0.599999
    endloop
  endfacet
  facet normal 0.960554 -0.278093 0
    outer loop
      vertex -3.02792 -0.145401 0
      vertex -3.07567 -0.310333 0.599999
      vertex -3.07567 -0.310333 0
    endloop
  endfacet
  facet normal 0.952479 -0.304605 0
    outer loop
      vertex -3.02792 -0.145401 0.599999
      vertex -2.48108 1.56453 0
      vertex -2.48108 1.56453 0.599999
    endloop
  endfacet
  facet normal 0.952479 -0.304605 0
    outer loop
      vertex -2.48108 1.56453 0
      vertex -3.02792 -0.145401 0.599999
      vertex -3.02792 -0.145401 0
    endloop
  endfacet
  facet normal 0 -1 0
    outer loop
      vertex -2.48108 1.56453 0
      vertex -1.62393 1.56453 0.599999
      vertex -2.48108 1.56453 0.599999
    endloop
  endfacet
  facet normal 0 -1 -0
    outer loop
      vertex -1.62393 1.56453 0.599999
      vertex -2.48108 1.56453 0
      vertex -1.62393 1.56453 0
    endloop
  endfacet
  facet normal -1 0 0
    outer loop
      vertex -1.62393 -1.493 0
      vertex -1.62393 1.56453 0.599999
      vertex -1.62393 1.56453 0
    endloop
  endfacet
  facet normal -1 -0 0
    outer loop
      vertex -1.62393 1.56453 0.599999
      vertex -1.62393 -1.493 0
      vertex -1.62393 -1.493 0.599999
    endloop
  endfacet
  facet normal 0 1 -0
    outer loop
      vertex -1.62393 -1.493 0
      vertex -2.19247 -1.493 0.599999
      vertex -1.62393 -1.493 0.599999
    endloop
  endfacet
  facet normal 0 1 0
    outer loop
      vertex -2.19247 -1.493 0.599999
      vertex -1.62393 -1.493 0
      vertex -2.19247 -1.493 0
    endloop
  endfacet
  facet normal 1 -0 0
    outer loop
      vertex -2.19247 -1.493 0.599999
      vertex -2.19247 0.360184 0
      vertex -2.19247 0.360184 0.599999
    endloop
  endfacet
  facet normal 1 0 0
    outer loop
      vertex -2.19247 0.360184 0
      vertex -2.19247 -1.493 0.599999
      vertex -2.19247 -1.493 0
    endloop
  endfacet
  facet normal 0 0 1
    outer loop
      vertex -0.80101 3.74348 4.25
      vertex -1.16862 4.06085 4.25
      vertex -1.05843 3.74348 4.25
    endloop
  endfacet
  facet normal 0 0 1
    outer loop
      vertex -0.80101 3.74348 4.25
      vertex -1.22682 4.25654 4.25
      vertex -1.16862 4.06085 4.25
    endloop
  endfacet
  facet normal 0 0 1
    outer loop
      vertex -1.25238 4.98559 4.25
      vertex -1.22682 4.25654 4.25
      vertex -0.80101 3.74348 4.25
    endloop
  endfacet
  facet normal 0 0 1
    outer loop
      vertex -1.25238 4.98559 4.25
      vertex -1.34935 4.61356 4.25
      vertex -1.22682 4.25654 4.25
    endloop
  endfacet
  facet normal 0 0 1
    outer loop
      vertex -1.25238 4.98559 4.25
      vertex -1.38725 4.73345 4.25
      vertex -1.34935 4.61356 4.25
    endloop
  endfacet
  facet normal 0 0 1
    outer loop
      vertex -1.25238 4.98559 4.25
      vertex -1.40578 4.79429 4.25
      vertex -1.38725 4.73345 4.25
    endloop
  endfacet
  facet normal 0 0 1
    outer loop
      vertex -1.55916 4.98559 4.25
      vertex -1.41106 4.7749 4.25
      vertex -1.40578 4.79429 4.25
    endloop
  endfacet
  facet normal 0 0 1
    outer loop
      vertex -1.41106 4.7749 4.25
      vertex -1.55916 4.98559 4.25
      vertex -1.41306 4.76772 4.25
    endloop
  endfacet
  facet normal 0 0 1
    outer loop
      vertex -1.41306 4.76772 4.25
      vertex -1.55916 4.98559 4.25
      vertex -1.41959 4.74494 4.25
    endloop
  endfacet
  facet normal 0 0 1
    outer loop
      vertex -1.41959 4.74494 4.25
      vertex -1.55916 4.98559 4.25
      vertex -1.42438 4.72866 4.25
    endloop
  endfacet
  facet normal 0 0 1
    outer loop
      vertex -1.42438 4.72866 4.25
      vertex -1.55916 4.98559 4.25
      vertex -1.43222 4.7026 4.25
    endloop
  endfacet
  facet normal 0 0 1
    outer loop
      vertex -1.43222 4.7026 4.25
      vertex -1.55916 4.98559 4.25
      vertex -1.43652 4.68908 4.25
    endloop
  endfacet
  facet normal 0 0 1
    outer loop
      vertex -1.43652 4.68908 4.25
      vertex -1.55916 4.98559 4.25
      vertex -1.44397 4.66656 4.25
    endloop
  endfacet
  facet normal 0 0 1
    outer loop
      vertex -1.44397 4.66656 4.25
      vertex -1.55916 4.98559 4.25
      vertex -1.45454 4.63502 4.25
    endloop
  endfacet
  facet normal 0 0 1
    outer loop
      vertex -1.45454 4.63502 4.25
      vertex -1.55916 4.98559 4.25
      vertex -1.46826 4.59446 4.25
    endloop
  endfacet
  facet normal 0 0 1
    outer loop
      vertex -1.46826 4.59446 4.25
      vertex -1.55916 4.98559 4.25
      vertex -1.48511 4.5449 4.25
    endloop
  endfacet
  facet normal 0 0 1
    outer loop
      vertex -1.48511 4.5449 4.25
      vertex -1.55916 4.98559 4.25
      vertex -1.5051 4.48632 4.25
    endloop
  endfacet
  facet normal -0 0 1
    outer loop
      vertex -1.55916 4.98559 4.25
      vertex -1.40578 4.79429 4.25
      vertex -1.25238 4.98559 4.25
    endloop
  endfacet
  facet normal 0 0 1
    outer loop
      vertex -1.5051 4.48632 4.25
      vertex -1.55916 4.98559 4.25
      vertex -1.52821 4.41874 4.25
    endloop
  endfacet
  facet normal 0 0 1
    outer loop
      vertex -1.55916 4.98559 4.25
      vertex -1.58385 4.25654 4.25
      vertex -1.52821 4.41874 4.25
    endloop
  endfacet
  facet normal 0 0 1
    outer loop
      vertex -2.01228 3.74348 4.25
      vertex -1.58385 4.25654 4.25
      vertex -1.55916 4.98559 4.25
    endloop
  endfacet
  facet normal 0 0 1
    outer loop
      vertex -1.58385 4.25654 4.25
      vertex -2.01228 3.74348 4.25
      vertex -1.64203 4.06085 4.25
    endloop
  endfacet
  facet normal 0 0 1
    outer loop
      vertex -1.64203 4.06085 4.25
      vertex -2.01228 3.74348 4.25
      vertex -1.75223 3.74348 4.25
    endloop
  endfacet
  facet normal -0 0 1
    outer loop
      vertex -1.58385 4.25654 4.25
      vertex -1.16862 4.06085 4.25
      vertex -1.22682 4.25654 4.25
    endloop
  endfacet
  facet normal 0 0 1
    outer loop
      vertex -1.16862 4.06085 4.25
      vertex -1.58385 4.25654 4.25
      vertex -1.64203 4.06085 4.25
    endloop
  endfacet
  facet normal 0 0 1
    outer loop
      vertex 1.00688 4.65408 4.25
      vertex 0.743698 4.64231 4.25
      vertex 0.746536 4.60474 4.25
    endloop
  endfacet
  facet normal 0 0 1
    outer loop
      vertex 0.795807 4.94308 4.25
      vertex 0.735214 4.67545 4.25
      vertex 0.743698 4.64231 4.25
    endloop
  endfacet
  facet normal 0 0 1
    outer loop
      vertex 0.675797 4.74836 4.25
      vertex 0.760208 4.95606 4.25
      vertex 0.722107 4.96668 4.25
    endloop
  endfacet
  facet normal 0 0 1
    outer loop
      vertex 0.795807 4.94308 4.25
      vertex 0.721069 4.70417 4.25
      vertex 0.735214 4.67545 4.25
    endloop
  endfacet
  facet normal 0 0 1
    outer loop
      vertex 0.795807 4.94308 4.25
      vertex 0.701263 4.72848 4.25
      vertex 0.721069 4.70417 4.25
    endloop
  endfacet
  facet normal 0 0 1
    outer loop
      vertex 0.644669 4.76382 4.25
      vertex 0.722107 4.96668 4.25
      vertex 0.681488 4.97495 4.25
    endloop
  endfacet
  facet normal 0 0 1
    outer loop
      vertex 0.795807 4.94308 4.25
      vertex 0.675797 4.74836 4.25
      vertex 0.701263 4.72848 4.25
    endloop
  endfacet
  facet normal 0 0 1
    outer loop
      vertex 0.722107 4.96668 4.25
      vertex 0.644669 4.76382 4.25
      vertex 0.675797 4.74836 4.25
    endloop
  endfacet
  facet normal 0 0 1
    outer loop
      vertex 0.60788 4.77487 4.25
      vertex 0.681488 4.97495 4.25
      vertex 0.638382 4.98086 4.25
    endloop
  endfacet
  facet normal 0 0 1
    outer loop
      vertex 0.681488 4.97495 4.25
      vertex 0.60788 4.77487 4.25
      vertex 0.644669 4.76382 4.25
    endloop
  endfacet
  facet normal 0 0 1
    outer loop
      vertex 0.592773 4.9844 4.25
      vertex 0.60788 4.77487 4.25
      vertex 0.638382 4.98086 4.25
    endloop
  endfacet
  facet normal 0 0 1
    outer loop
      vertex 0.592773 4.9844 4.25
      vertex 0.56543 4.7815 4.25
      vertex 0.60788 4.77487 4.25
    endloop
  endfacet
  facet normal 0 0 1
    outer loop
      vertex 0.544662 4.98559 4.25
      vertex 0.56543 4.7815 4.25
      vertex 0.592773 4.9844 4.25
    endloop
  endfacet
  facet normal 0 0 1
    outer loop
      vertex 0.544662 4.98559 4.25
      vertex 0.517334 4.7837 4.25
      vertex 0.56543 4.7815 4.25
    endloop
  endfacet
  facet normal 0 0 1
    outer loop
      vertex 0.544662 4.98559 4.25
      vertex 0.184097 4.7837 4.25
      vertex 0.517334 4.7837 4.25
    endloop
  endfacet
  facet normal 0 0 1
    outer loop
      vertex -0.075943 4.98559 4.25
      vertex 0.184097 4.41697 4.25
      vertex 0.184097 4.7837 4.25
    endloop
  endfacet
  facet normal 0 0 1
    outer loop
      vertex -0.075943 3.74348 4.25
      vertex 0.184097 4.41697 4.25
      vertex -0.075943 4.98559 4.25
    endloop
  endfacet
  facet normal -0 0 1
    outer loop
      vertex -0.075943 4.98559 4.25
      vertex 0.184097 4.7837 4.25
      vertex 0.544662 4.98559 4.25
    endloop
  endfacet
  facet normal 0 0 1
    outer loop
      vertex 0.184097 4.41697 4.25
      vertex -0.075943 3.74348 4.25
      vertex 0.184097 4.21511 4.25
    endloop
  endfacet
  facet normal 0 0 1
    outer loop
      vertex 0.184097 4.21511 4.25
      vertex -0.075943 3.74348 4.25
      vertex 0.184097 3.74348 4.25
    endloop
  endfacet
  facet normal 0 0 1
    outer loop
      vertex 0.746536 4.60474 4.25
      vertex 1.00836 4.61533 4.25
      vertex 1.00688 4.65408 4.25
    endloop
  endfacet
  facet normal 0 0 1
    outer loop
      vertex 1.00836 4.61533 4.25
      vertex 0.746536 4.60474 4.25
      vertex 1.00745 4.58677 4.25
    endloop
  endfacet
  facet normal 0 0 1
    outer loop
      vertex 0.743698 4.64231 4.25
      vertex 1.00688 4.65408 4.25
      vertex 1.0024 4.69076 4.25
    endloop
  endfacet
  facet normal 0 0 1
    outer loop
      vertex 0.745834 4.58546 4.25
      vertex 1.00745 4.58677 4.25
      vertex 0.746536 4.60474 4.25
    endloop
  endfacet
  facet normal 0 0 1
    outer loop
      vertex 0.743698 4.64231 4.25
      vertex 1.0024 4.69076 4.25
      vertex 0.994949 4.72538 4.25
    endloop
  endfacet
  facet normal 0 0 1
    outer loop
      vertex 1.00745 4.58677 4.25
      vertex 0.745834 4.58546 4.25
      vertex 1.00471 4.55911 4.25
    endloop
  endfacet
  facet normal 0 0 1
    outer loop
      vertex 1.00471 4.55911 4.25
      vertex 0.745834 4.58546 4.25
      vertex 1.00014 4.53231 4.25
    endloop
  endfacet
  facet normal 0 0 1
    outer loop
      vertex 0.743698 4.64231 4.25
      vertex 0.994949 4.72538 4.25
      vertex 0.984512 4.75794 4.25
    endloop
  endfacet
  facet normal -0 0 1
    outer loop
      vertex 0.743744 4.56713 4.25
      vertex 1.00014 4.53231 4.25
      vertex 0.745834 4.58546 4.25
    endloop
  endfacet
  facet normal 0 0 1
    outer loop
      vertex 0.743698 4.64231 4.25
      vertex 0.984512 4.75794 4.25
      vertex 0.971085 4.78846 4.25
    endloop
  endfacet
  facet normal 0 0 1
    outer loop
      vertex 1.00014 4.53231 4.25
      vertex 0.743744 4.56713 4.25
      vertex 0.993744 4.5064 4.25
    endloop
  endfacet
  facet normal 0 0 1
    outer loop
      vertex 0.743698 4.64231 4.25
      vertex 0.971085 4.78846 4.25
      vertex 0.954681 4.81692 4.25
    endloop
  endfacet
  facet normal 0 0 1
    outer loop
      vertex 0.993744 4.5064 4.25
      vertex 0.743744 4.56713 4.25
      vertex 0.985504 4.48138 4.25
    endloop
  endfacet
  facet normal 0 0 1
    outer loop
      vertex 0.743698 4.64231 4.25
      vertex 0.954681 4.81692 4.25
      vertex 0.935303 4.84332 4.25
    endloop
  endfacet
  facet normal -0 0 1
    outer loop
      vertex 0.740265 4.5498 4.25
      vertex 0.985504 4.48138 4.25
      vertex 0.743744 4.56713 4.25
    endloop
  endfacet
  facet normal 0 0 1
    outer loop
      vertex 0.985504 4.48138 4.25
      vertex 0.740265 4.5498 4.25
      vertex 0.975449 4.45722 4.25
    endloop
  endfacet
  facet normal 0 0 1
    outer loop
      vertex 0.743698 4.64231 4.25
      vertex 0.935303 4.84332 4.25
      vertex 0.912933 4.86765 4.25
    endloop
  endfacet
  facet normal -0 0 1
    outer loop
      vertex 0.735382 4.53344 4.25
      vertex 0.975449 4.45722 4.25
      vertex 0.740265 4.5498 4.25
    endloop
  endfacet
  facet normal 0 0 1
    outer loop
      vertex 0.743698 4.64231 4.25
      vertex 0.912933 4.86765 4.25
      vertex 0.887589 4.88993 4.25
    endloop
  endfacet
  facet normal 0 0 1
    outer loop
      vertex 0.975449 4.45722 4.25
      vertex 0.735382 4.53344 4.25
      vertex 0.963562 4.43397 4.25
    endloop
  endfacet
  facet normal 0 0 1
    outer loop
      vertex 0.743698 4.64231 4.25
      vertex 0.887589 4.88993 4.25
      vertex 0.859497 4.91001 4.25
    endloop
  endfacet
  facet normal 0 0 1
    outer loop
      vertex 0.963562 4.43397 4.25
      vertex 0.735382 4.53344 4.25
      vertex 0.949844 4.41158 4.25
    endloop
  endfacet
  facet normal -0 0 1
    outer loop
      vertex 0.729126 4.51806 4.25
      vertex 0.949844 4.41158 4.25
      vertex 0.735382 4.53344 4.25
    endloop
  endfacet
  facet normal 0 0 1
    outer loop
      vertex 0.743698 4.64231 4.25
      vertex 0.859497 4.91001 4.25
      vertex 0.828903 4.92771 4.25
    endloop
  endfacet
  facet normal 0 0 1
    outer loop
      vertex 0.949844 4.41158 4.25
      vertex 0.729126 4.51806 4.25
      vertex 0.934311 4.39008 4.25
    endloop
  endfacet
  facet normal 0 0 1
    outer loop
      vertex 0.743698 4.64231 4.25
      vertex 0.828903 4.92771 4.25
      vertex 0.795807 4.94308 4.25
    endloop
  endfacet
  facet normal 0 0 1
    outer loop
      vertex 0.934311 4.39008 4.25
      vertex 0.729126 4.51806 4.25
      vertex 0.917206 4.36982 4.25
    endloop
  endfacet
  facet normal -0 0 1
    outer loop
      vertex 0.721451 4.50366 4.25
      vertex 0.917206 4.36982 4.25
      vertex 0.729126 4.51806 4.25
    endloop
  endfacet
  facet normal 0 0 1
    outer loop
      vertex 0.675797 4.74836 4.25
      vertex 0.795807 4.94308 4.25
      vertex 0.760208 4.95606 4.25
    endloop
  endfacet
  facet normal 0 0 1
    outer loop
      vertex 0.917206 4.36982 4.25
      vertex 0.721451 4.50366 4.25
      vertex 0.898819 4.35116 4.25
    endloop
  endfacet
  facet normal -0 0 1
    outer loop
      vertex 0.712402 4.49024 4.25
      vertex 0.898819 4.35116 4.25
      vertex 0.721451 4.50366 4.25
    endloop
  endfacet
  facet normal 0 0 1
    outer loop
      vertex 0.898819 4.35116 4.25
      vertex 0.712402 4.49024 4.25
      vertex 0.879166 4.33412 4.25
    endloop
  endfacet
  facet normal 0 0 1
    outer loop
      vertex 0.879166 4.33412 4.25
      vertex 0.712402 4.49024 4.25
      vertex 0.858215 4.31866 4.25
    endloop
  endfacet
  facet normal -0 0 1
    outer loop
      vertex 0.70195 4.47781 4.25
      vertex 0.858215 4.31866 4.25
      vertex 0.712402 4.49024 4.25
    endloop
  endfacet
  facet normal 0 0 1
    outer loop
      vertex 0.858215 4.31866 4.25
      vertex 0.70195 4.47781 4.25
      vertex 0.835983 4.3048 4.25
    endloop
  endfacet
  facet normal 0 0 1
    outer loop
      vertex 0.835983 4.3048 4.25
      vertex 0.70195 4.47781 4.25
      vertex 0.812454 4.29255 4.25
    endloop
  endfacet
  facet normal 0 0 1
    outer loop
      vertex 0.734192 4.26536 4.25
      vertex 0.77739 3.74348 4.25
      vertex 1.07008 3.74348 4.25
    endloop
  endfacet
  facet normal -0 0 1
    outer loop
      vertex 0.690109 4.46633 4.25
      vertex 0.812454 4.29255 4.25
      vertex 0.70195 4.47781 4.25
    endloop
  endfacet
  facet normal 0 0 1
    outer loop
      vertex 0.812454 4.29255 4.25
      vertex 0.690109 4.46633 4.25
      vertex 0.787659 4.28188 4.25
    endloop
  endfacet
  facet normal -0 0 1
    outer loop
      vertex 0.676926 4.45597 4.25
      vertex 0.787659 4.28188 4.25
      vertex 0.690109 4.46633 4.25
    endloop
  endfacet
  facet normal 0 0 1
    outer loop
      vertex 0.787659 4.28188 4.25
      vertex 0.676926 4.45597 4.25
      vertex 0.761566 4.27282 4.25
    endloop
  endfacet
  facet normal -0 0 1
    outer loop
      vertex 0.66243 4.44683 4.25
      vertex 0.761566 4.27282 4.25
      vertex 0.676926 4.45597 4.25
    endloop
  endfacet
  facet normal 0 0 1
    outer loop
      vertex 0.761566 4.27282 4.25
      vertex 0.66243 4.44683 4.25
      vertex 0.734192 4.26536 4.25
    endloop
  endfacet
  facet normal -0 0 1
    outer loop
      vertex 0.646622 4.43891 4.25
      vertex 0.734192 4.26536 4.25
      vertex 0.66243 4.44683 4.25
    endloop
  endfacet
  facet normal -0 0 1
    outer loop
      vertex 0.629517 4.43221 4.25
      vertex 0.734192 4.26536 4.25
      vertex 0.646622 4.43891 4.25
    endloop
  endfacet
  facet normal -0 0 1
    outer loop
      vertex 0.611099 4.42672 4.25
      vertex 0.734192 4.26536 4.25
      vertex 0.629517 4.43221 4.25
    endloop
  endfacet
  facet normal -0 0 1
    outer loop
      vertex 0.591385 4.42246 4.25
      vertex 0.734192 4.26536 4.25
      vertex 0.611099 4.42672 4.25
    endloop
  endfacet
  facet normal 0 0 1
    outer loop
      vertex 0.734192 4.26536 4.25
      vertex 0.591385 4.42246 4.25
      vertex 0.48912 4.21511 4.25
    endloop
  endfacet
  facet normal 0 0 1
    outer loop
      vertex 0.48912 4.21511 4.25
      vertex 0.591385 4.42246 4.25
      vertex 0.570358 4.41941 4.25
    endloop
  endfacet
  facet normal 0 0 1
    outer loop
      vertex 0.48912 4.21511 4.25
      vertex 0.570358 4.41941 4.25
      vertex 0.548019 4.41758 4.25
    endloop
  endfacet
  facet normal 0 0 1
    outer loop
      vertex 0.48912 4.21511 4.25
      vertex 0.548019 4.41758 4.25
      vertex 0.524384 4.41697 4.25
    endloop
  endfacet
  facet normal 0 0 1
    outer loop
      vertex 0.734192 4.26536 4.25
      vertex 0.48912 4.21511 4.25
      vertex 0.77739 3.74348 4.25
    endloop
  endfacet
  facet normal -0 0 1
    outer loop
      vertex 0.184097 4.41697 4.25
      vertex 0.48912 4.21511 4.25
      vertex 0.524384 4.41697 4.25
    endloop
  endfacet
  facet normal 0 0 1
    outer loop
      vertex 0.48912 4.21511 4.25
      vertex 0.184097 4.41697 4.25
      vertex 0.184097 4.21511 4.25
    endloop
  endfacet
  facet normal 0 0 1
    outer loop
      vertex 1.498 4.7749 4.25
      vertex 1.74573 4.98559 4.25
      vertex 1.51123 4.98559 4.25
    endloop
  endfacet
  facet normal -0 0 1
    outer loop
      vertex 1.74573 3.92773 4.25
      vertex 2.03047 3.74348 4.25
      vertex 2.03047 3.92773 4.25
    endloop
  endfacet
  facet normal 0 0 1
    outer loop
      vertex 1.74573 4.98559 4.25
      vertex 1.498 4.7749 4.25
      vertex 1.74573 3.92773 4.25
    endloop
  endfacet
  facet normal 0 0 1
    outer loop
      vertex 1.498 3.92773 4.25
      vertex 1.74573 3.92773 4.25
      vertex 1.498 4.7749 4.25
    endloop
  endfacet
  facet normal -0 0 1
    outer loop
      vertex 1.498 3.92773 4.25
      vertex 2.03047 3.74348 4.25
      vertex 1.74573 3.92773 4.25
    endloop
  endfacet
  facet normal 0 0 1
    outer loop
      vertex 1.19034 3.74348 4.25
      vertex 1.498 3.92773 4.25
      vertex 1.19034 3.92773 4.25
    endloop
  endfacet
  facet normal 0 0 1
    outer loop
      vertex 1.498 3.92773 4.25
      vertex 1.19034 3.74348 4.25
      vertex 2.03047 3.74348 4.25
    endloop
  endfacet
  facet normal -0 0 1
    outer loop
      vertex 1.20004 4.7837 4.25
      vertex 1.498 4.7749 4.25
      vertex 1.51123 4.98559 4.25
    endloop
  endfacet
  facet normal 0 0 1
    outer loop
      vertex 1.498 4.7749 4.25
      vertex 1.20004 4.7837 4.25
      vertex 1.20004 4.58888 4.25
    endloop
  endfacet
  facet normal -0 0 1
    outer loop
      vertex -0.713364 4.31915 4.25
      vertex -0.254944 4.10403 4.25
      vertex -0.254944 4.31915 4.25
    endloop
  endfacet
  facet normal 0 0 1
    outer loop
      vertex -0.254944 4.10403 4.25
      vertex -0.713364 4.31915 4.25
      vertex -0.713364 4.10403 4.25
    endloop
  endfacet
  facet normal 0 1 -0
    outer loop
      vertex -1.16862 4.06085 4.25
      vertex -1.64203 4.06085 4.55
      vertex -1.16862 4.06085 4.55
    endloop
  endfacet
  facet normal 0 1 0
    outer loop
      vertex -1.64203 4.06085 4.55
      vertex -1.16862 4.06085 4.25
      vertex -1.64203 4.06085 4.25
    endloop
  endfacet
  facet normal 0.944681 0.327991 0
    outer loop
      vertex -1.05843 3.74348 4.55
      vertex -1.16862 4.06085 4.25
      vertex -1.16862 4.06085 4.55
    endloop
  endfacet
  facet normal 0.944681 0.327991 0
    outer loop
      vertex -1.16862 4.06085 4.25
      vertex -1.05843 3.74348 4.55
      vertex -1.05843 3.74348 4.25
    endloop
  endfacet
  facet normal 0 1 -0
    outer loop
      vertex -0.80101 3.74348 4.25
      vertex -1.05843 3.74348 4.55
      vertex -0.80101 3.74348 4.55
    endloop
  endfacet
  facet normal 0 1 0
    outer loop
      vertex -1.05843 3.74348 4.55
      vertex -0.80101 3.74348 4.25
      vertex -1.05843 3.74348 4.25
    endloop
  endfacet
  facet normal -0.939868 -0.341538 0
    outer loop
      vertex -0.80101 3.74348 4.25
      vertex -1.25238 4.98559 4.55
      vertex -1.25238 4.98559 4.25
    endloop
  endfacet
  facet normal -0.939868 -0.341538 0
    outer loop
      vertex -1.25238 4.98559 4.55
      vertex -0.80101 3.74348 4.25
      vertex -0.80101 3.74348 4.55
    endloop
  endfacet
  facet normal 0 -1 0
    outer loop
      vertex -1.55916 4.98559 4.25
      vertex -1.25238 4.98559 4.55
      vertex -1.55916 4.98559 4.55
    endloop
  endfacet
  facet normal 0 -1 -0
    outer loop
      vertex -1.25238 4.98559 4.55
      vertex -1.55916 4.98559 4.25
      vertex -1.25238 4.98559 4.25
    endloop
  endfacet
  facet normal 0.939442 -0.342707 0
    outer loop
      vertex -2.01228 3.74348 4.55
      vertex -1.55916 4.98559 4.25
      vertex -1.55916 4.98559 4.55
    endloop
  endfacet
  facet normal 0.939442 -0.342707 0
    outer loop
      vertex -1.55916 4.98559 4.25
      vertex -2.01228 3.74348 4.55
      vertex -2.01228 3.74348 4.25
    endloop
  endfacet
  facet normal 0 1 -0
    outer loop
      vertex -1.75223 3.74348 4.25
      vertex -2.01228 3.74348 4.55
      vertex -1.75223 3.74348 4.55
    endloop
  endfacet
  facet normal 0 1 0
    outer loop
      vertex -2.01228 3.74348 4.55
      vertex -1.75223 3.74348 4.25
      vertex -2.01228 3.74348 4.25
    endloop
  endfacet
  facet normal -0.944672 0.328017 0
    outer loop
      vertex -1.75223 3.74348 4.25
      vertex -1.64203 4.06085 4.55
      vertex -1.64203 4.06085 4.25
    endloop
  endfacet
  facet normal -0.944672 0.328017 0
    outer loop
      vertex -1.64203 4.06085 4.55
      vertex -1.75223 3.74348 4.25
      vertex -1.75223 3.74348 4.55
    endloop
  endfacet
  facet normal -0.945895 0.324473 0
    outer loop
      vertex -1.58385 4.25654 4.25
      vertex -1.52821 4.41874 4.55
      vertex -1.52821 4.41874 4.25
    endloop
  endfacet
  facet normal -0.945895 0.324473 0
    outer loop
      vertex -1.52821 4.41874 4.55
      vertex -1.58385 4.25654 4.25
      vertex -1.58385 4.25654 4.55
    endloop
  endfacet
  facet normal -0.946205 0.323569 0
    outer loop
      vertex -1.52821 4.41874 4.25
      vertex -1.5051 4.48632 4.55
      vertex -1.5051 4.48632 4.25
    endloop
  endfacet
  facet normal -0.946205 0.323569 0
    outer loop
      vertex -1.5051 4.48632 4.55
      vertex -1.52821 4.41874 4.25
      vertex -1.52821 4.41874 4.55
    endloop
  endfacet
  facet normal -0.946414 0.322957 0
    outer loop
      vertex -1.5051 4.48632 4.25
      vertex -1.48511 4.5449 4.55
      vertex -1.48511 4.5449 4.25
    endloop
  endfacet
  facet normal -0.946414 0.322957 0
    outer loop
      vertex -1.48511 4.5449 4.55
      vertex -1.5051 4.48632 4.25
      vertex -1.5051 4.48632 4.55
    endloop
  endfacet
  facet normal -0.946775 0.321896 0
    outer loop
      vertex -1.48511 4.5449 4.25
      vertex -1.46826 4.59446 4.55
      vertex -1.46826 4.59446 4.25
    endloop
  endfacet
  facet normal -0.946775 0.321896 0
    outer loop
      vertex -1.46826 4.59446 4.55
      vertex -1.48511 4.5449 4.25
      vertex -1.48511 4.5449 4.55
    endloop
  endfacet
  facet normal -0.947273 0.320429 0
    outer loop
      vertex -1.46826 4.59446 4.25
      vertex -1.45454 4.63502 4.55
      vertex -1.45454 4.63502 4.25
    endloop
  endfacet
  facet normal -0.947273 0.320429 0
    outer loop
      vertex -1.45454 4.63502 4.55
      vertex -1.46826 4.59446 4.25
      vertex -1.46826 4.59446 4.55
    endloop
  endfacet
  facet normal -0.948171 0.317761 0
    outer loop
      vertex -1.45454 4.63502 4.25
      vertex -1.44397 4.66656 4.55
      vertex -1.44397 4.66656 4.25
    endloop
  endfacet
  facet normal -0.948171 0.317761 0
    outer loop
      vertex -1.44397 4.66656 4.55
      vertex -1.45454 4.63502 4.25
      vertex -1.45454 4.63502 4.55
    endloop
  endfacet
  facet normal -0.949398 0.314077 0
    outer loop
      vertex -1.44397 4.66656 4.25
      vertex -1.43652 4.68908 4.55
      vertex -1.43652 4.68908 4.25
    endloop
  endfacet
  facet normal -0.949398 0.314077 0
    outer loop
      vertex -1.43652 4.68908 4.55
      vertex -1.44397 4.66656 4.25
      vertex -1.44397 4.66656 4.55
    endloop
  endfacet
  facet normal -0.952963 0.303087 0
    outer loop
      vertex -1.43652 4.68908 4.25
      vertex -1.43222 4.7026 4.55
      vertex -1.43222 4.7026 4.25
    endloop
  endfacet
  facet normal -0.952963 0.303087 0
    outer loop
      vertex -1.43222 4.7026 4.55
      vertex -1.43652 4.68908 4.25
      vertex -1.43652 4.68908 4.55
    endloop
  endfacet
  facet normal -0.957603 0.288089 0
    outer loop
      vertex -1.43222 4.7026 4.25
      vertex -1.42438 4.72866 4.55
      vertex -1.42438 4.72866 4.25
    endloop
  endfacet
  facet normal -0.957603 0.288089 0
    outer loop
      vertex -1.42438 4.72866 4.55
      vertex -1.43222 4.7026 4.25
      vertex -1.43222 4.7026 4.55
    endloop
  endfacet
  facet normal -0.959337 0.282262 0
    outer loop
      vertex -1.42438 4.72866 4.25
      vertex -1.41959 4.74494 4.55
      vertex -1.41959 4.74494 4.25
    endloop
  endfacet
  facet normal -0.959337 0.282262 0
    outer loop
      vertex -1.41959 4.74494 4.55
      vertex -1.42438 4.72866 4.25
      vertex -1.42438 4.72866 4.55
    endloop
  endfacet
  facet normal -0.961285 0.275557 0
    outer loop
      vertex -1.41959 4.74494 4.25
      vertex -1.41306 4.76772 4.55
      vertex -1.41306 4.76772 4.25
    endloop
  endfacet
  facet normal -0.961285 0.275557 0
    outer loop
      vertex -1.41306 4.76772 4.55
      vertex -1.41959 4.74494 4.25
      vertex -1.41959 4.74494 4.55
    endloop
  endfacet
  facet normal -0.963325 0.268336 0
    outer loop
      vertex -1.41306 4.76772 4.25
      vertex -1.41106 4.7749 4.55
      vertex -1.41106 4.7749 4.25
    endloop
  endfacet
  facet normal -0.963325 0.268336 0
    outer loop
      vertex -1.41106 4.7749 4.55
      vertex -1.41306 4.76772 4.25
      vertex -1.41306 4.76772 4.55
    endloop
  endfacet
  facet normal -0.964867 0.262738 0
    outer loop
      vertex -1.41106 4.7749 4.25
      vertex -1.40578 4.79429 4.55
      vertex -1.40578 4.79429 4.25
    endloop
  endfacet
  facet normal -0.964867 0.262738 0
    outer loop
      vertex -1.40578 4.79429 4.55
      vertex -1.41106 4.7749 4.25
      vertex -1.41106 4.7749 4.55
    endloop
  endfacet
  facet normal 0.956615 0.291356 0
    outer loop
      vertex -1.38725 4.73345 4.55
      vertex -1.40578 4.79429 4.25
      vertex -1.40578 4.79429 4.55
    endloop
  endfacet
  facet normal 0.956615 0.291356 0
    outer loop
      vertex -1.40578 4.79429 4.25
      vertex -1.38725 4.73345 4.55
      vertex -1.38725 4.73345 4.25
    endloop
  endfacet
  facet normal 0.953491 0.301421 0
    outer loop
      vertex -1.34935 4.61356 4.55
      vertex -1.38725 4.73345 4.25
      vertex -1.38725 4.73345 4.55
    endloop
  endfacet
  facet normal 0.953491 0.301421 0
    outer loop
      vertex -1.38725 4.73345 4.25
      vertex -1.34935 4.61356 4.55
      vertex -1.34935 4.61356 4.25
    endloop
  endfacet
  facet normal 0.945846 0.324616 0
    outer loop
      vertex -1.22682 4.25654 4.55
      vertex -1.34935 4.61356 4.25
      vertex -1.34935 4.61356 4.55
    endloop
  endfacet
  facet normal 0.945846 0.324616 0
    outer loop
      vertex -1.34935 4.61356 4.25
      vertex -1.22682 4.25654 4.55
      vertex -1.22682 4.25654 4.25
    endloop
  endfacet
  facet normal 0 -1 0
    outer loop
      vertex -1.58385 4.25654 4.25
      vertex -1.22682 4.25654 4.55
      vertex -1.58385 4.25654 4.55
    endloop
  endfacet
  facet normal 0 -1 -0
    outer loop
      vertex -1.22682 4.25654 4.55
      vertex -1.58385 4.25654 4.25
      vertex -1.22682 4.25654 4.25
    endloop
  endfacet
  facet normal 0 1 -0
    outer loop
      vertex 0.48912 4.21511 4.25
      vertex 0.184097 4.21511 4.55
      vertex 0.48912 4.21511 4.55
    endloop
  endfacet
  facet normal 0 1 0
    outer loop
      vertex 0.184097 4.21511 4.55
      vertex 0.48912 4.21511 4.25
      vertex 0.184097 4.21511 4.25
    endloop
  endfacet
  facet normal 0.85324 0.521518 0
    outer loop
      vertex 0.77739 3.74348 4.55
      vertex 0.48912 4.21511 4.25
      vertex 0.48912 4.21511 4.55
    endloop
  endfacet
  facet normal 0.85324 0.521518 0
    outer loop
      vertex 0.48912 4.21511 4.25
      vertex 0.77739 3.74348 4.55
      vertex 0.77739 3.74348 4.25
    endloop
  endfacet
  facet normal 0 1 -0
    outer loop
      vertex 1.07008 3.74348 4.25
      vertex 0.77739 3.74348 4.55
      vertex 1.07008 3.74348 4.55
    endloop
  endfacet
  facet normal 0 1 0
    outer loop
      vertex 0.77739 3.74348 4.55
      vertex 1.07008 3.74348 4.25
      vertex 0.77739 3.74348 4.25
    endloop
  endfacet
  facet normal -0.84089 -0.541206 0
    outer loop
      vertex 1.07008 3.74348 4.25
      vertex 0.734192 4.26536 4.55
      vertex 0.734192 4.26536 4.25
    endloop
  endfacet
  facet normal -0.84089 -0.541206 0
    outer loop
      vertex 0.734192 4.26536 4.55
      vertex 1.07008 3.74348 4.25
      vertex 1.07008 3.74348 4.55
    endloop
  endfacet
  facet normal -0.262932 0.964814 0
    outer loop
      vertex 0.761566 4.27282 4.25
      vertex 0.734192 4.26536 4.55
      vertex 0.761566 4.27282 4.55
    endloop
  endfacet
  facet normal -0.262932 0.964814 0
    outer loop
      vertex 0.734192 4.26536 4.55
      vertex 0.761566 4.27282 4.25
      vertex 0.734192 4.26536 4.25
    endloop
  endfacet
  facet normal -0.328009 0.944674 0
    outer loop
      vertex 0.787659 4.28188 4.25
      vertex 0.761566 4.27282 4.55
      vertex 0.787659 4.28188 4.55
    endloop
  endfacet
  facet normal -0.328009 0.944674 0
    outer loop
      vertex 0.761566 4.27282 4.55
      vertex 0.787659 4.28188 4.25
      vertex 0.761566 4.27282 4.25
    endloop
  endfacet
  facet normal -0.395283 0.91856 0
    outer loop
      vertex 0.812454 4.29255 4.25
      vertex 0.787659 4.28188 4.55
      vertex 0.812454 4.29255 4.55
    endloop
  endfacet
  facet normal -0.395283 0.91856 0
    outer loop
      vertex 0.787659 4.28188 4.55
      vertex 0.812454 4.29255 4.25
      vertex 0.787659 4.28188 4.25
    endloop
  endfacet
  facet normal -0.461795 0.886986 0
    outer loop
      vertex 0.835983 4.3048 4.25
      vertex 0.812454 4.29255 4.55
      vertex 0.835983 4.3048 4.55
    endloop
  endfacet
  facet normal -0.461795 0.886986 0
    outer loop
      vertex 0.812454 4.29255 4.55
      vertex 0.835983 4.3048 4.25
      vertex 0.812454 4.29255 4.25
    endloop
  endfacet
  facet normal -0.529038 0.848598 0
    outer loop
      vertex 0.858215 4.31866 4.25
      vertex 0.835983 4.3048 4.55
      vertex 0.858215 4.31866 4.55
    endloop
  endfacet
  facet normal -0.529038 0.848598 0
    outer loop
      vertex 0.835983 4.3048 4.55
      vertex 0.858215 4.31866 4.25
      vertex 0.835983 4.3048 4.25
    endloop
  endfacet
  facet normal -0.593757 0.804644 0
    outer loop
      vertex 0.879166 4.33412 4.25
      vertex 0.858215 4.31866 4.55
      vertex 0.879166 4.33412 4.55
    endloop
  endfacet
  facet normal -0.593757 0.804644 0
    outer loop
      vertex 0.858215 4.31866 4.55
      vertex 0.879166 4.33412 4.25
      vertex 0.858215 4.31866 4.25
    endloop
  endfacet
  facet normal -0.655093 0.755548 0
    outer loop
      vertex 0.898819 4.35116 4.25
      vertex 0.879166 4.33412 4.55
      vertex 0.898819 4.35116 4.55
    endloop
  endfacet
  facet normal -0.655093 0.755548 0
    outer loop
      vertex 0.879166 4.33412 4.55
      vertex 0.898819 4.35116 4.25
      vertex 0.879166 4.33412 4.25
    endloop
  endfacet
  facet normal -0.712298 0.701877 0
    outer loop
      vertex 0.898819 4.35116 4.25
      vertex 0.917206 4.36982 4.55
      vertex 0.917206 4.36982 4.25
    endloop
  endfacet
  facet normal -0.712298 0.701877 0
    outer loop
      vertex 0.917206 4.36982 4.55
      vertex 0.898819 4.35116 4.25
      vertex 0.898819 4.35116 4.55
    endloop
  endfacet
  facet normal -0.764094 0.645105 0
    outer loop
      vertex 0.917206 4.36982 4.25
      vertex 0.934311 4.39008 4.55
      vertex 0.934311 4.39008 4.25
    endloop
  endfacet
  facet normal -0.764094 0.645105 0
    outer loop
      vertex 0.934311 4.39008 4.55
      vertex 0.917206 4.36982 4.25
      vertex 0.917206 4.36982 4.55
    endloop
  endfacet
  facet normal -0.810586 0.58562 0
    outer loop
      vertex 0.934311 4.39008 4.25
      vertex 0.949844 4.41158 4.55
      vertex 0.949844 4.41158 4.25
    endloop
  endfacet
  facet normal -0.810586 0.58562 0
    outer loop
      vertex 0.949844 4.41158 4.55
      vertex 0.934311 4.39008 4.25
      vertex 0.934311 4.39008 4.55
    endloop
  endfacet
  facet normal -0.852684 0.522426 0
    outer loop
      vertex 0.949844 4.41158 4.25
      vertex 0.963562 4.43397 4.55
      vertex 0.963562 4.43397 4.25
    endloop
  endfacet
  facet normal -0.852684 0.522426 0
    outer loop
      vertex 0.963562 4.43397 4.55
      vertex 0.949844 4.41158 4.25
      vertex 0.949844 4.41158 4.55
    endloop
  endfacet
  facet normal -0.890378 0.455222 0
    outer loop
      vertex 0.963562 4.43397 4.25
      vertex 0.975449 4.45722 4.55
      vertex 0.975449 4.45722 4.25
    endloop
  endfacet
  facet normal -0.890378 0.455222 0
    outer loop
      vertex 0.975449 4.45722 4.55
      vertex 0.963562 4.43397 4.25
      vertex 0.963562 4.43397 4.55
    endloop
  endfacet
  facet normal -0.923235 0.384235 0
    outer loop
      vertex 0.975449 4.45722 4.25
      vertex 0.985504 4.48138 4.55
      vertex 0.985504 4.48138 4.25
    endloop
  endfacet
  facet normal -0.923235 0.384235 0
    outer loop
      vertex 0.985504 4.48138 4.55
      vertex 0.975449 4.45722 4.25
      vertex 0.975449 4.45722 4.55
    endloop
  endfacet
  facet normal -0.949816 0.312809 0
    outer loop
      vertex 0.985504 4.48138 4.25
      vertex 0.993744 4.5064 4.55
      vertex 0.993744 4.5064 4.25
    endloop
  endfacet
  facet normal -0.949816 0.312809 0
    outer loop
      vertex 0.993744 4.5064 4.55
      vertex 0.985504 4.48138 4.25
      vertex 0.985504 4.48138 4.55
    endloop
  endfacet
  facet normal -0.970857 0.23966 0
    outer loop
      vertex 0.993744 4.5064 4.25
      vertex 1.00014 4.53231 4.55
      vertex 1.00014 4.53231 4.25
    endloop
  endfacet
  facet normal -0.970857 0.23966 0
    outer loop
      vertex 1.00014 4.53231 4.55
      vertex 0.993744 4.5064 4.25
      vertex 0.993744 4.5064 4.55
    endloop
  endfacet
  facet normal -0.985771 0.168096 0
    outer loop
      vertex 1.00014 4.53231 4.25
      vertex 1.00471 4.55911 4.55
      vertex 1.00471 4.55911 4.25
    endloop
  endfacet
  facet normal -0.985771 0.168096 0
    outer loop
      vertex 1.00471 4.55911 4.55
      vertex 1.00014 4.53231 4.25
      vertex 1.00014 4.53231 4.55
    endloop
  endfacet
  facet normal -0.995129 0.0985775 0
    outer loop
      vertex 1.00471 4.55911 4.25
      vertex 1.00745 4.58677 4.55
      vertex 1.00745 4.58677 4.25
    endloop
  endfacet
  facet normal -0.995129 0.0985775 0
    outer loop
      vertex 1.00745 4.58677 4.55
      vertex 1.00471 4.55911 4.25
      vertex 1.00471 4.55911 4.55
    endloop
  endfacet
  facet normal -0.999493 0.0318466 0
    outer loop
      vertex 1.00745 4.58677 4.25
      vertex 1.00836 4.61533 4.55
      vertex 1.00836 4.61533 4.25
    endloop
  endfacet
  facet normal -0.999493 0.0318466 0
    outer loop
      vertex 1.00836 4.61533 4.55
      vertex 1.00745 4.58677 4.25
      vertex 1.00745 4.58677 4.55
    endloop
  endfacet
  facet normal -0.999271 -0.0381657 0
    outer loop
      vertex 1.00836 4.61533 4.25
      vertex 1.00688 4.65408 4.55
      vertex 1.00688 4.65408 4.25
    endloop
  endfacet
  facet normal -0.999271 -0.0381657 0
    outer loop
      vertex 1.00688 4.65408 4.55
      vertex 1.00836 4.61533 4.25
      vertex 1.00836 4.61533 4.55
    endloop
  endfacet
  facet normal -0.992624 -0.121236 0
    outer loop
      vertex 1.00688 4.65408 4.25
      vertex 1.0024 4.69076 4.55
      vertex 1.0024 4.69076 4.25
    endloop
  endfacet
  facet normal -0.992624 -0.121236 0
    outer loop
      vertex 1.0024 4.69076 4.55
      vertex 1.00688 4.65408 4.25
      vertex 1.00688 4.65408 4.55
    endloop
  endfacet
  facet normal -0.977614 -0.210405 0
    outer loop
      vertex 1.0024 4.69076 4.25
      vertex 0.994949 4.72538 4.55
      vertex 0.994949 4.72538 4.25
    endloop
  endfacet
  facet normal -0.977614 -0.210405 0
    outer loop
      vertex 0.994949 4.72538 4.55
      vertex 1.0024 4.69076 4.25
      vertex 1.0024 4.69076 4.55
    endloop
  endfacet
  facet normal -0.952273 -0.305248 0
    outer loop
      vertex 0.994949 4.72538 4.25
      vertex 0.984512 4.75794 4.55
      vertex 0.984512 4.75794 4.25
    endloop
  endfacet
  facet normal -0.952273 -0.305248 0
    outer loop
      vertex 0.984512 4.75794 4.55
      vertex 0.994949 4.72538 4.25
      vertex 0.994949 4.72538 4.55
    endloop
  endfacet
  facet normal -0.915335 -0.402693 0
    outer loop
      vertex 0.984512 4.75794 4.25
      vertex 0.971085 4.78846 4.55
      vertex 0.971085 4.78846 4.25
    endloop
  endfacet
  facet normal -0.915335 -0.402693 0
    outer loop
      vertex 0.971085 4.78846 4.55
      vertex 0.984512 4.75794 4.25
      vertex 0.984512 4.75794 4.55
    endloop
  endfacet
  facet normal -0.866386 -0.499375 0
    outer loop
      vertex 0.971085 4.78846 4.25
      vertex 0.954681 4.81692 4.55
      vertex 0.954681 4.81692 4.25
    endloop
  endfacet
  facet normal -0.866386 -0.499375 0
    outer loop
      vertex 0.954681 4.81692 4.55
      vertex 0.971085 4.78846 4.25
      vertex 0.971085 4.78846 4.55
    endloop
  endfacet
  facet normal -0.806143 -0.591721 0
    outer loop
      vertex 0.954681 4.81692 4.25
      vertex 0.935303 4.84332 4.55
      vertex 0.935303 4.84332 4.25
    endloop
  endfacet
  facet normal -0.806143 -0.591721 0
    outer loop
      vertex 0.935303 4.84332 4.55
      vertex 0.954681 4.81692 4.25
      vertex 0.954681 4.81692 4.55
    endloop
  endfacet
  facet normal -0.736136 -0.676834 0
    outer loop
      vertex 0.935303 4.84332 4.25
      vertex 0.912933 4.86765 4.55
      vertex 0.912933 4.86765 4.25
    endloop
  endfacet
  facet normal -0.736136 -0.676834 0
    outer loop
      vertex 0.912933 4.86765 4.55
      vertex 0.935303 4.84332 4.25
      vertex 0.935303 4.84332 4.55
    endloop
  endfacet
  facet normal -0.660248 -0.751047 0
    outer loop
      vertex 0.887589 4.88993 4.25
      vertex 0.912933 4.86765 4.55
      vertex 0.887589 4.88993 4.55
    endloop
  endfacet
  facet normal -0.660248 -0.751047 -0
    outer loop
      vertex 0.912933 4.86765 4.55
      vertex 0.887589 4.88993 4.25
      vertex 0.912933 4.86765 4.25
    endloop
  endfacet
  facet normal -0.581512 -0.813538 0
    outer loop
      vertex 0.859497 4.91001 4.25
      vertex 0.887589 4.88993 4.55
      vertex 0.859497 4.91001 4.55
    endloop
  endfacet
  facet normal -0.581512 -0.813538 -0
    outer loop
      vertex 0.887589 4.88993 4.55
      vertex 0.859497 4.91001 4.25
      vertex 0.887589 4.88993 4.25
    endloop
  endfacet
  facet normal -0.500775 -0.865577 0
    outer loop
      vertex 0.828903 4.92771 4.25
      vertex 0.859497 4.91001 4.55
      vertex 0.828903 4.92771 4.55
    endloop
  endfacet
  facet normal -0.500775 -0.865577 -0
    outer loop
      vertex 0.859497 4.91001 4.55
      vertex 0.828903 4.92771 4.25
      vertex 0.859497 4.91001 4.25
    endloop
  endfacet
  facet normal -0.421201 -0.906967 0
    outer loop
      vertex 0.795807 4.94308 4.25
      vertex 0.828903 4.92771 4.55
      vertex 0.795807 4.94308 4.55
    endloop
  endfacet
  facet normal -0.421201 -0.906967 -0
    outer loop
      vertex 0.828903 4.92771 4.55
      vertex 0.795807 4.94308 4.25
      vertex 0.828903 4.92771 4.25
    endloop
  endfacet
  facet normal -0.342557 -0.939497 0
    outer loop
      vertex 0.760208 4.95606 4.25
      vertex 0.795807 4.94308 4.55
      vertex 0.760208 4.95606 4.55
    endloop
  endfacet
  facet normal -0.342557 -0.939497 -0
    outer loop
      vertex 0.795807 4.94308 4.55
      vertex 0.760208 4.95606 4.25
      vertex 0.795807 4.94308 4.25
    endloop
  endfacet
  facet normal -0.268498 -0.96328 0
    outer loop
      vertex 0.722107 4.96668 4.25
      vertex 0.760208 4.95606 4.55
      vertex 0.722107 4.96668 4.55
    endloop
  endfacet
  facet normal -0.268498 -0.96328 -0
    outer loop
      vertex 0.760208 4.95606 4.55
      vertex 0.722107 4.96668 4.25
      vertex 0.760208 4.95606 4.25
    endloop
  endfacet
  facet normal -0.199506 -0.979897 0
    outer loop
      vertex 0.681488 4.97495 4.25
      vertex 0.722107 4.96668 4.55
      vertex 0.681488 4.97495 4.55
    endloop
  endfacet
  facet normal -0.199506 -0.979897 -0
    outer loop
      vertex 0.722107 4.96668 4.55
      vertex 0.681488 4.97495 4.25
      vertex 0.722107 4.96668 4.25
    endloop
  endfacet
  facet normal -0.135833 -0.990732 0
    outer loop
      vertex 0.638382 4.98086 4.25
      vertex 0.681488 4.97495 4.55
      vertex 0.638382 4.98086 4.55
    endloop
  endfacet
  facet normal -0.135833 -0.990732 -0
    outer loop
      vertex 0.681488 4.97495 4.55
      vertex 0.638382 4.98086 4.25
      vertex 0.681488 4.97495 4.25
    endloop
  endfacet
  facet normal -0.0773835 -0.997001 0
    outer loop
      vertex 0.592773 4.9844 4.25
      vertex 0.638382 4.98086 4.55
      vertex 0.592773 4.9844 4.55
    endloop
  endfacet
  facet normal -0.0773835 -0.997001 -0
    outer loop
      vertex 0.638382 4.98086 4.55
      vertex 0.592773 4.9844 4.25
      vertex 0.638382 4.98086 4.25
    endloop
  endfacet
  facet normal -0.0247269 -0.999694 0
    outer loop
      vertex 0.544662 4.98559 4.25
      vertex 0.592773 4.9844 4.55
      vertex 0.544662 4.98559 4.55
    endloop
  endfacet
  facet normal -0.0247269 -0.999694 -0
    outer loop
      vertex 0.592773 4.9844 4.55
      vertex 0.544662 4.98559 4.25
      vertex 0.592773 4.9844 4.25
    endloop
  endfacet
  facet normal 0 -1 0
    outer loop
      vertex -0.075943 4.98559 4.25
      vertex 0.544662 4.98559 4.55
      vertex -0.075943 4.98559 4.55
    endloop
  endfacet
  facet normal 0 -1 -0
    outer loop
      vertex 0.544662 4.98559 4.55
      vertex -0.075943 4.98559 4.25
      vertex 0.544662 4.98559 4.25
    endloop
  endfacet
  facet normal 1 -0 0
    outer loop
      vertex -0.075943 3.74348 4.55
      vertex -0.075943 4.98559 4.25
      vertex -0.075943 4.98559 4.55
    endloop
  endfacet
  facet normal 1 0 0
    outer loop
      vertex -0.075943 4.98559 4.25
      vertex -0.075943 3.74348 4.55
      vertex -0.075943 3.74348 4.25
    endloop
  endfacet
  facet normal 0 1 -0
    outer loop
      vertex 0.184097 3.74348 4.25
      vertex -0.075943 3.74348 4.55
      vertex 0.184097 3.74348 4.55
    endloop
  endfacet
  facet normal 0 1 0
    outer loop
      vertex -0.075943 3.74348 4.55
      vertex 0.184097 3.74348 4.25
      vertex -0.075943 3.74348 4.25
    endloop
  endfacet
  facet normal -1 0 0
    outer loop
      vertex 0.184097 3.74348 4.25
      vertex 0.184097 4.21511 4.55
      vertex 0.184097 4.21511 4.25
    endloop
  endfacet
  facet normal -1 -0 0
    outer loop
      vertex 0.184097 4.21511 4.55
      vertex 0.184097 3.74348 4.25
      vertex 0.184097 3.74348 4.55
    endloop
  endfacet
  facet normal -1 0 0
    outer loop
      vertex 0.184097 4.41697 4.25
      vertex 0.184097 4.7837 4.55
      vertex 0.184097 4.7837 4.25
    endloop
  endfacet
  facet normal -1 -0 0
    outer loop
      vertex 0.184097 4.7837 4.55
      vertex 0.184097 4.41697 4.25
      vertex 0.184097 4.41697 4.55
    endloop
  endfacet
  facet normal 0 1 -0
    outer loop
      vertex 0.517334 4.7837 4.25
      vertex 0.184097 4.7837 4.55
      vertex 0.517334 4.7837 4.55
    endloop
  endfacet
  facet normal 0 1 0
    outer loop
      vertex 0.184097 4.7837 4.55
      vertex 0.517334 4.7837 4.25
      vertex 0.184097 4.7837 4.25
    endloop
  endfacet
  facet normal 0.0456941 0.998955 -0
    outer loop
      vertex 0.56543 4.7815 4.25
      vertex 0.517334 4.7837 4.55
      vertex 0.56543 4.7815 4.55
    endloop
  endfacet
  facet normal 0.0456941 0.998955 0
    outer loop
      vertex 0.517334 4.7837 4.55
      vertex 0.56543 4.7815 4.25
      vertex 0.517334 4.7837 4.25
    endloop
  endfacet
  facet normal 0.154313 0.988022 -0
    outer loop
      vertex 0.60788 4.77487 4.25
      vertex 0.56543 4.7815 4.55
      vertex 0.60788 4.77487 4.55
    endloop
  endfacet
  facet normal 0.154313 0.988022 0
    outer loop
      vertex 0.56543 4.7815 4.55
      vertex 0.60788 4.77487 4.25
      vertex 0.56543 4.7815 4.25
    endloop
  endfacet
  facet normal 0.287666 0.957731 -0
    outer loop
      vertex 0.644669 4.76382 4.25
      vertex 0.60788 4.77487 4.55
      vertex 0.644669 4.76382 4.55
    endloop
  endfacet
  facet normal 0.287666 0.957731 0
    outer loop
      vertex 0.60788 4.77487 4.55
      vertex 0.644669 4.76382 4.25
      vertex 0.60788 4.77487 4.25
    endloop
  endfacet
  facet normal 0.444818 0.895621 -0
    outer loop
      vertex 0.675797 4.74836 4.25
      vertex 0.644669 4.76382 4.55
      vertex 0.675797 4.74836 4.55
    endloop
  endfacet
  facet normal 0.444818 0.895621 0
    outer loop
      vertex 0.644669 4.76382 4.55
      vertex 0.675797 4.74836 4.25
      vertex 0.644669 4.76382 4.25
    endloop
  endfacet
  facet normal 0.61535 0.788254 -0
    outer loop
      vertex 0.701263 4.72848 4.25
      vertex 0.675797 4.74836 4.55
      vertex 0.701263 4.72848 4.55
    endloop
  endfacet
  facet normal 0.61535 0.788254 0
    outer loop
      vertex 0.675797 4.74836 4.55
      vertex 0.701263 4.72848 4.25
      vertex 0.675797 4.74836 4.25
    endloop
  endfacet
  facet normal 0.775269 0.631632 0
    outer loop
      vertex 0.721069 4.70417 4.55
      vertex 0.701263 4.72848 4.25
      vertex 0.701263 4.72848 4.55
    endloop
  endfacet
  facet normal 0.775269 0.631632 0
    outer loop
      vertex 0.701263 4.72848 4.25
      vertex 0.721069 4.70417 4.55
      vertex 0.721069 4.70417 4.25
    endloop
  endfacet
  facet normal 0.897097 0.441833 0
    outer loop
      vertex 0.735214 4.67545 4.55
      vertex 0.721069 4.70417 4.25
      vertex 0.721069 4.70417 4.55
    endloop
  endfacet
  facet normal 0.897097 0.441833 0
    outer loop
      vertex 0.721069 4.70417 4.25
      vertex 0.735214 4.67545 4.55
      vertex 0.735214 4.67545 4.25
    endloop
  endfacet
  facet normal 0.968758 0.248007 0
    outer loop
      vertex 0.743698 4.64231 4.55
      vertex 0.735214 4.67545 4.25
      vertex 0.735214 4.67545 4.55
    endloop
  endfacet
  facet normal 0.968758 0.248007 0
    outer loop
      vertex 0.735214 4.67545 4.25
      vertex 0.743698 4.64231 4.55
      vertex 0.743698 4.64231 4.25
    endloop
  endfacet
  facet normal 0.997159 0.0753244 0
    outer loop
      vertex 0.746536 4.60474 4.55
      vertex 0.743698 4.64231 4.25
      vertex 0.743698 4.64231 4.55
    endloop
  endfacet
  facet normal 0.997159 0.0753244 0
    outer loop
      vertex 0.743698 4.64231 4.25
      vertex 0.746536 4.60474 4.55
      vertex 0.746536 4.60474 4.25
    endloop
  endfacet
  facet normal 0.999338 -0.0363867 0
    outer loop
      vertex 0.745834 4.58546 4.55
      vertex 0.746536 4.60474 4.25
      vertex 0.746536 4.60474 4.55
    endloop
  endfacet
  facet normal 0.999338 -0.0363867 0
    outer loop
      vertex 0.746536 4.60474 4.25
      vertex 0.745834 4.58546 4.55
      vertex 0.745834 4.58546 4.25
    endloop
  endfacet
  facet normal 0.993562 -0.113287 0
    outer loop
      vertex 0.743744 4.56713 4.55
      vertex 0.745834 4.58546 4.25
      vertex 0.745834 4.58546 4.55
    endloop
  endfacet
  facet normal 0.993562 -0.113287 0
    outer loop
      vertex 0.745834 4.58546 4.25
      vertex 0.743744 4.56713 4.55
      vertex 0.743744 4.56713 4.25
    endloop
  endfacet
  facet normal 0.980439 -0.196823 0
    outer loop
      vertex 0.740265 4.5498 4.55
      vertex 0.743744 4.56713 4.25
      vertex 0.743744 4.56713 4.55
    endloop
  endfacet
  facet normal 0.980439 -0.196823 0
    outer loop
      vertex 0.743744 4.56713 4.25
      vertex 0.740265 4.5498 4.55
      vertex 0.740265 4.5498 4.25
    endloop
  endfacet
  facet normal 0.958228 -0.286004 0
    outer loop
      vertex 0.735382 4.53344 4.55
      vertex 0.740265 4.5498 4.25
      vertex 0.740265 4.5498 4.55
    endloop
  endfacet
  facet normal 0.958228 -0.286004 0
    outer loop
      vertex 0.740265 4.5498 4.25
      vertex 0.735382 4.53344 4.55
      vertex 0.735382 4.53344 4.25
    endloop
  endfacet
  facet normal 0.926301 -0.376784 0
    outer loop
      vertex 0.729126 4.51806 4.55
      vertex 0.735382 4.53344 4.25
      vertex 0.735382 4.53344 4.55
    endloop
  endfacet
  facet normal 0.926301 -0.376784 0
    outer loop
      vertex 0.735382 4.53344 4.25
      vertex 0.729126 4.51806 4.55
      vertex 0.729126 4.51806 4.25
    endloop
  endfacet
  facet normal 0.88248 -0.47035 0
    outer loop
      vertex 0.721451 4.50366 4.55
      vertex 0.729126 4.51806 4.25
      vertex 0.729126 4.51806 4.55
    endloop
  endfacet
  facet normal 0.88248 -0.47035 0
    outer loop
      vertex 0.729126 4.51806 4.25
      vertex 0.721451 4.50366 4.55
      vertex 0.721451 4.50366 4.25
    endloop
  endfacet
  facet normal 0.829121 -0.55907 0
    outer loop
      vertex 0.712402 4.49024 4.55
      vertex 0.721451 4.50366 4.25
      vertex 0.721451 4.50366 4.55
    endloop
  endfacet
  facet normal 0.829121 -0.55907 0
    outer loop
      vertex 0.721451 4.50366 4.25
      vertex 0.712402 4.49024 4.55
      vertex 0.712402 4.49024 4.25
    endloop
  endfacet
  facet normal 0.765377 -0.643582 0
    outer loop
      vertex 0.70195 4.47781 4.55
      vertex 0.712402 4.49024 4.25
      vertex 0.712402 4.49024 4.55
    endloop
  endfacet
  facet normal 0.765377 -0.643582 0
    outer loop
      vertex 0.712402 4.49024 4.25
      vertex 0.70195 4.47781 4.55
      vertex 0.70195 4.47781 4.25
    endloop
  endfacet
  facet normal 0.696078 -0.717967 0
    outer loop
      vertex 0.690109 4.46633 4.25
      vertex 0.70195 4.47781 4.55
      vertex 0.690109 4.46633 4.55
    endloop
  endfacet
  facet normal 0.696078 -0.717967 0
    outer loop
      vertex 0.70195 4.47781 4.55
      vertex 0.690109 4.46633 4.25
      vertex 0.70195 4.47781 4.25
    endloop
  endfacet
  facet normal 0.617893 -0.786262 0
    outer loop
      vertex 0.676926 4.45597 4.25
      vertex 0.690109 4.46633 4.55
      vertex 0.676926 4.45597 4.55
    endloop
  endfacet
  facet normal 0.617893 -0.786262 0
    outer loop
      vertex 0.690109 4.46633 4.55
      vertex 0.676926 4.45597 4.25
      vertex 0.690109 4.46633 4.25
    endloop
  endfacet
  facet normal 0.533352 -0.845894 0
    outer loop
      vertex 0.66243 4.44683 4.25
      vertex 0.676926 4.45597 4.55
      vertex 0.66243 4.44683 4.55
    endloop
  endfacet
  facet normal 0.533352 -0.845894 0
    outer loop
      vertex 0.676926 4.45597 4.55
      vertex 0.66243 4.44683 4.25
      vertex 0.676926 4.45597 4.25
    endloop
  endfacet
  facet normal 0.447937 -0.894065 0
    outer loop
      vertex 0.646622 4.43891 4.25
      vertex 0.66243 4.44683 4.55
      vertex 0.646622 4.43891 4.55
    endloop
  endfacet
  facet normal 0.447937 -0.894065 0
    outer loop
      vertex 0.66243 4.44683 4.55
      vertex 0.646622 4.43891 4.25
      vertex 0.66243 4.44683 4.25
    endloop
  endfacet
  facet normal 0.364717 -0.931118 0
    outer loop
      vertex 0.629517 4.43221 4.25
      vertex 0.646622 4.43891 4.55
      vertex 0.629517 4.43221 4.55
    endloop
  endfacet
  facet normal 0.364717 -0.931118 0
    outer loop
      vertex 0.646622 4.43891 4.55
      vertex 0.629517 4.43221 4.25
      vertex 0.646622 4.43891 4.25
    endloop
  endfacet
  facet normal 0.285658 -0.958332 0
    outer loop
      vertex 0.611099 4.42672 4.25
      vertex 0.629517 4.43221 4.55
      vertex 0.611099 4.42672 4.55
    endloop
  endfacet
  facet normal 0.285658 -0.958332 0
    outer loop
      vertex 0.629517 4.43221 4.55
      vertex 0.611099 4.42672 4.25
      vertex 0.629517 4.43221 4.25
    endloop
  endfacet
  facet normal 0.211215 -0.97744 0
    outer loop
      vertex 0.591385 4.42246 4.25
      vertex 0.611099 4.42672 4.55
      vertex 0.591385 4.42246 4.55
    endloop
  endfacet
  facet normal 0.211215 -0.97744 0
    outer loop
      vertex 0.611099 4.42672 4.55
      vertex 0.591385 4.42246 4.25
      vertex 0.611099 4.42672 4.25
    endloop
  endfacet
  facet normal 0.143549 -0.989643 0
    outer loop
      vertex 0.570358 4.41941 4.25
      vertex 0.591385 4.42246 4.55
      vertex 0.570358 4.41941 4.55
    endloop
  endfacet
  facet normal 0.143549 -0.989643 0
    outer loop
      vertex 0.591385 4.42246 4.55
      vertex 0.570358 4.41941 4.25
      vertex 0.591385 4.42246 4.25
    endloop
  endfacet
  facet normal 0.081646 -0.996661 0
    outer loop
      vertex 0.548019 4.41758 4.25
      vertex 0.570358 4.41941 4.55
      vertex 0.548019 4.41758 4.55
    endloop
  endfacet
  facet normal 0.081646 -0.996661 0
    outer loop
      vertex 0.570358 4.41941 4.55
      vertex 0.548019 4.41758 4.25
      vertex 0.570358 4.41941 4.25
    endloop
  endfacet
  facet normal 0.0258006 -0.999667 0
    outer loop
      vertex 0.524384 4.41697 4.25
      vertex 0.548019 4.41758 4.55
      vertex 0.524384 4.41697 4.55
    endloop
  endfacet
  facet normal 0.0258006 -0.999667 0
    outer loop
      vertex 0.548019 4.41758 4.55
      vertex 0.524384 4.41697 4.25
      vertex 0.548019 4.41758 4.25
    endloop
  endfacet
  facet normal 0 -1 0
    outer loop
      vertex 0.184097 4.41697 4.25
      vertex 0.524384 4.41697 4.55
      vertex 0.184097 4.41697 4.55
    endloop
  endfacet
  facet normal 0 -1 -0
    outer loop
      vertex 0.524384 4.41697 4.55
      vertex 0.184097 4.41697 4.25
      vertex 0.524384 4.41697 4.25
    endloop
  endfacet
  facet normal 0 -1 0
    outer loop
      vertex 1.74573 3.92773 4.25
      vertex 2.03047 3.92773 4.55
      vertex 1.74573 3.92773 4.55
    endloop
  endfacet
  facet normal 0 -1 -0
    outer loop
      vertex 2.03047 3.92773 4.55
      vertex 1.74573 3.92773 4.25
      vertex 2.03047 3.92773 4.25
    endloop
  endfacet
  facet normal -1 0 0
    outer loop
      vertex 1.74573 3.92773 4.25
      vertex 1.74573 4.98559 4.55
      vertex 1.74573 4.98559 4.25
    endloop
  endfacet
  facet normal -1 -0 0
    outer loop
      vertex 1.74573 4.98559 4.55
      vertex 1.74573 3.92773 4.25
      vertex 1.74573 3.92773 4.55
    endloop
  endfacet
  facet normal 0 -1 0
    outer loop
      vertex 1.51123 4.98559 4.25
      vertex 1.74573 4.98559 4.55
      vertex 1.51123 4.98559 4.55
    endloop
  endfacet
  facet normal 0 -1 -0
    outer loop
      vertex 1.74573 4.98559 4.55
      vertex 1.51123 4.98559 4.25
      vertex 1.74573 4.98559 4.25
    endloop
  endfacet
  facet normal 0.544261 -0.838916 0
    outer loop
      vertex 1.20004 4.7837 4.25
      vertex 1.51123 4.98559 4.55
      vertex 1.20004 4.7837 4.55
    endloop
  endfacet
  facet normal 0.544261 -0.838916 0
    outer loop
      vertex 1.51123 4.98559 4.55
      vertex 1.20004 4.7837 4.25
      vertex 1.51123 4.98559 4.25
    endloop
  endfacet
  facet normal 1 -0 0
    outer loop
      vertex 1.20004 4.58888 4.55
      vertex 1.20004 4.7837 4.25
      vertex 1.20004 4.7837 4.55
    endloop
  endfacet
  facet normal 1 0 0
    outer loop
      vertex 1.20004 4.7837 4.25
      vertex 1.20004 4.58888 4.55
      vertex 1.20004 4.58888 4.25
    endloop
  endfacet
  facet normal -0.529579 0.84826 0
    outer loop
      vertex 1.498 4.7749 4.25
      vertex 1.20004 4.58888 4.55
      vertex 1.498 4.7749 4.55
    endloop
  endfacet
  facet normal -0.529579 0.84826 0
    outer loop
      vertex 1.20004 4.58888 4.55
      vertex 1.498 4.7749 4.25
      vertex 1.20004 4.58888 4.25
    endloop
  endfacet
  facet normal 1 -0 0
    outer loop
      vertex 1.498 3.92773 4.55
      vertex 1.498 4.7749 4.25
      vertex 1.498 4.7749 4.55
    endloop
  endfacet
  facet normal 1 0 0
    outer loop
      vertex 1.498 4.7749 4.25
      vertex 1.498 3.92773 4.55
      vertex 1.498 3.92773 4.25
    endloop
  endfacet
  facet normal 0 -1 0
    outer loop
      vertex 1.19034 3.92773 4.25
      vertex 1.498 3.92773 4.55
      vertex 1.19034 3.92773 4.55
    endloop
  endfacet
  facet normal 0 -1 -0
    outer loop
      vertex 1.498 3.92773 4.55
      vertex 1.19034 3.92773 4.25
      vertex 1.498 3.92773 4.25
    endloop
  endfacet
  facet normal 1 -0 0
    outer loop
      vertex 1.19034 3.74348 4.55
      vertex 1.19034 3.92773 4.25
      vertex 1.19034 3.92773 4.55
    endloop
  endfacet
  facet normal 1 0 0
    outer loop
      vertex 1.19034 3.92773 4.25
      vertex 1.19034 3.74348 4.55
      vertex 1.19034 3.74348 4.25
    endloop
  endfacet
  facet normal 0 1 -0
    outer loop
      vertex 2.03047 3.74348 4.25
      vertex 1.19034 3.74348 4.55
      vertex 2.03047 3.74348 4.55
    endloop
  endfacet
  facet normal 0 1 0
    outer loop
      vertex 1.19034 3.74348 4.55
      vertex 2.03047 3.74348 4.25
      vertex 1.19034 3.74348 4.25
    endloop
  endfacet
  facet normal -1 0 0
    outer loop
      vertex 2.03047 3.74348 4.25
      vertex 2.03047 3.92773 4.55
      vertex 2.03047 3.92773 4.25
    endloop
  endfacet
  facet normal -1 -0 0
    outer loop
      vertex 2.03047 3.92773 4.55
      vertex 2.03047 3.74348 4.25
      vertex 2.03047 3.74348 4.55
    endloop
  endfacet
  facet normal 0 -1 0
    outer loop
      vertex -0.713364 4.31915 4.25
      vertex -0.254944 4.31915 4.55
      vertex -0.713364 4.31915 4.55
    endloop
  endfacet
  facet normal 0 -1 -0
    outer loop
      vertex -0.254944 4.31915 4.55
      vertex -0.713364 4.31915 4.25
      vertex -0.254944 4.31915 4.25
    endloop
  endfacet
  facet normal 1 -0 0
    outer loop
      vertex -0.713364 4.10403 4.55
      vertex -0.713364 4.31915 4.25
      vertex -0.713364 4.31915 4.55
    endloop
  endfacet
  facet normal 1 0 0
    outer loop
      vertex -0.713364 4.31915 4.25
      vertex -0.713364 4.10403 4.55
      vertex -0.713364 4.10403 4.25
    endloop
  endfacet
  facet normal 0 1 -0
    outer loop
      vertex -0.254944 4.10403 4.25
      vertex -0.713364 4.10403 4.55
      vertex -0.254944 4.10403 4.55
    endloop
  endfacet
  facet normal 0 1 0
    outer loop
      vertex -0.713364 4.10403 4.55
      vertex -0.254944 4.10403 4.25
      vertex -0.713364 4.10403 4.25
    endloop
  endfacet
  facet normal -1 0 0
    outer loop
      vertex -0.254944 4.10403 4.25
      vertex -0.254944 4.31915 4.55
      vertex -0.254944 4.31915 4.25
    endloop
  endfacet
  facet normal -1 -0 0
    outer loop
      vertex -0.254944 4.31915 4.55
      vertex -0.254944 4.10403 4.25
      vertex -0.254944 4.10403 4.55
    endloop
  endfacet
endsolid OpenSCAD_Model
