solid OpenSCAD_Model
  facet normal 0.980784 0.195094 0
    outer loop
      vertex 8.96578 5.5221 7.4
      vertex 8.8637 6.03528 2.2
      vertex 8.8637 6.03528 7.4
    endloop
  endfacet
  facet normal 0.980784 0.195094 0
    outer loop
      vertex 8.8637 6.03528 2.2
      vertex 8.96578 5.5221 7.4
      vertex 8.96578 5.5221 2.2
    endloop
  endfacet
  facet normal 0.997859 0.0654027 0
    outer loop
      vertex 9 5 7.4
      vertex 8.96578 5.5221 2.2
      vertex 8.96578 5.5221 7.4
    endloop
  endfacet
  facet normal 0.997859 0.0654027 0
    outer loop
      vertex 8.96578 5.5221 2.2
      vertex 9 5 7.4
      vertex 9 5 2.2
    endloop
  endfacet
  facet normal 0.946932 0.321435 0
    outer loop
      vertex 8.8637 6.03528 7.4
      vertex 8.69552 6.53073 2.2
      vertex 8.69552 6.53073 7.4
    endloop
  endfacet
  facet normal 0.946932 0.321435 0
    outer loop
      vertex 8.69552 6.53073 2.2
      vertex 8.8637 6.03528 7.4
      vertex 8.8637 6.03528 2.2
    endloop
  endfacet
  facet normal 0.751845 -0.65934 0
    outer loop
      vertex 7.82843 2.17157 7.4
      vertex 8.17341 2.56495 2.4
      vertex 8.17341 2.56495 7.4
    endloop
  endfacet
  facet normal 0.751845 -0.65934 0
    outer loop
      vertex 8.17341 2.56495 2.4
      vertex 7.82843 2.17157 7.4
      vertex 7.82843 2.17157 2.4
    endloop
  endfacet
  facet normal 0.65934 -0.751845 0
    outer loop
      vertex 7.43505 1.82659 2.4
      vertex 7.82843 2.17157 7.4
      vertex 7.43505 1.82659 7.4
    endloop
  endfacet
  facet normal 0.65934 -0.751845 0
    outer loop
      vertex 7.82843 2.17157 7.4
      vertex 7.43505 1.82659 2.4
      vertex 7.82843 2.17157 2.4
    endloop
  endfacet
  facet normal 0.980784 -0.195098 0
    outer loop
      vertex 8.8637 3.96472 7.4
      vertex 8.96578 4.47789 2.2
      vertex 8.96578 4.47789 7.4
    endloop
  endfacet
  facet normal 0.980784 -0.195098 0
    outer loop
      vertex 8.96578 4.47789 2.2
      vertex 8.8637 3.96472 7.4
      vertex 8.8637 3.96472 2.2
    endloop
  endfacet
  facet normal -0.555569 0.831471 0
    outer loop
      vertex 3 8.4641 2.4
      vertex 2.56495 8.17341 7.4
      vertex 3 8.4641 7.4
    endloop
  endfacet
  facet normal -0.555569 0.831471 0
    outer loop
      vertex 2.56495 8.17341 7.4
      vertex 3 8.4641 2.4
      vertex 2.56495 8.17341 2.4
    endloop
  endfacet
  facet normal -0.997859 0.0654027 0
    outer loop
      vertex 1 5 2.4
      vertex 1.03422 5.5221 7.4
      vertex 1.03422 5.5221 2.4
    endloop
  endfacet
  facet normal -0.997859 0.0654027 0
    outer loop
      vertex 1.03422 5.5221 7.4
      vertex 1 5 2.4
      vertex 1 5 7.4
    endloop
  endfacet
  facet normal 0.321435 0.946932 -0
    outer loop
      vertex 6.53073 8.69552 2.2
      vertex 6.03528 8.8637 7.4
      vertex 6.53073 8.69552 7.4
    endloop
  endfacet
  facet normal 0.321435 0.946932 0
    outer loop
      vertex 6.03528 8.8637 7.4
      vertex 6.53073 8.69552 2.2
      vertex 6.03528 8.8637 2.2
    endloop
  endfacet
  facet normal 0.946932 -0.321435 0
    outer loop
      vertex 8.69552 3.46927 7.4
      vertex 8.8637 3.96472 2.2
      vertex 8.8637 3.96472 7.4
    endloop
  endfacet
  facet normal 0.946932 -0.321435 0
    outer loop
      vertex 8.8637 3.96472 2.2
      vertex 8.69552 3.46927 7.4
      vertex 8.69552 3.46927 2.2
    endloop
  endfacet
  facet normal 0.442291 -0.896871 0
    outer loop
      vertex 6.53073 1.30448 2.4
      vertex 7 1.5359 7.4
      vertex 6.53073 1.30448 7.4
    endloop
  endfacet
  facet normal 0.442291 -0.896871 0
    outer loop
      vertex 7 1.5359 7.4
      vertex 6.53073 1.30448 2.4
      vertex 7 1.5359 2.4
    endloop
  endfacet
  facet normal -0.946932 -0.321435 0
    outer loop
      vertex 1.30448 3.46927 2.4
      vertex 1.1363 3.96472 7.4
      vertex 1.1363 3.96472 2.4
    endloop
  endfacet
  facet normal -0.946932 -0.321435 0
    outer loop
      vertex 1.1363 3.96472 7.4
      vertex 1.30448 3.46927 2.4
      vertex 1.30448 3.46927 7.4
    endloop
  endfacet
  facet normal 0.555569 0.831471 -0
    outer loop
      vertex 7.43505 8.17341 2.2
      vertex 7 8.4641 7.4
      vertex 7.43505 8.17341 7.4
    endloop
  endfacet
  facet normal 0.555569 0.831471 0
    outer loop
      vertex 7 8.4641 7.4
      vertex 7.43505 8.17341 2.2
      vertex 7 8.4641 2.2
    endloop
  endfacet
  facet normal 0.831471 -0.555569 0
    outer loop
      vertex 8.17341 2.56495 7.4
      vertex 8.4641 3 2.4
      vertex 8.4641 3 7.4
    endloop
  endfacet
  facet normal 0.831471 -0.555569 0
    outer loop
      vertex 8.4641 3 2.4
      vertex 8.17341 2.56495 7.4
      vertex 8.17341 2.56495 2.4
    endloop
  endfacet
  facet normal -0.896871 -0.442291 0
    outer loop
      vertex 1.5359 3 2.4
      vertex 1.30448 3.46927 7.4
      vertex 1.30448 3.46927 2.4
    endloop
  endfacet
  facet normal -0.896871 -0.442291 0
    outer loop
      vertex 1.30448 3.46927 7.4
      vertex 1.5359 3 2.4
      vertex 1.5359 3 7.4
    endloop
  endfacet
  facet normal -0.0654014 0.997859 0
    outer loop
      vertex 5 9 2.2
      vertex 4.47789 8.96578 7.4
      vertex 5 9 7.4
    endloop
  endfacet
  facet normal -0.0654014 0.997859 0
    outer loop
      vertex 4.47789 8.96578 7.4
      vertex 5 9 2.2
      vertex 4.47789 8.96578 2.2
    endloop
  endfacet
  facet normal -0.751845 0.65934 0
    outer loop
      vertex 1.82659 7.43505 2.4
      vertex 2.17157 7.82843 7.4
      vertex 2.17157 7.82843 2.4
    endloop
  endfacet
  facet normal -0.751845 0.65934 0
    outer loop
      vertex 2.17157 7.82843 7.4
      vertex 1.82659 7.43505 2.4
      vertex 1.82659 7.43505 7.4
    endloop
  endfacet
  facet normal -0.321435 -0.946932 0
    outer loop
      vertex 3.46927 1.30448 2.4
      vertex 3.96472 1.1363 7.4
      vertex 3.46927 1.30448 7.4
    endloop
  endfacet
  facet normal -0.321435 -0.946932 -0
    outer loop
      vertex 3.96472 1.1363 7.4
      vertex 3.46927 1.30448 2.4
      vertex 3.96472 1.1363 2.4
    endloop
  endfacet
  facet normal 0.751845 0.65934 0
    outer loop
      vertex 8.17341 7.43505 7.4
      vertex 7.82843 7.82843 2.2
      vertex 7.82843 7.82843 7.4
    endloop
  endfacet
  facet normal 0.751845 0.65934 0
    outer loop
      vertex 7.82843 7.82843 2.2
      vertex 8.17341 7.43505 7.4
      vertex 8.17341 7.43505 2.2
    endloop
  endfacet
  facet normal -0.65934 0.751845 0
    outer loop
      vertex 2.56495 8.17341 2.4
      vertex 2.17157 7.82843 7.4
      vertex 2.56495 8.17341 7.4
    endloop
  endfacet
  facet normal -0.65934 0.751845 0
    outer loop
      vertex 2.17157 7.82843 7.4
      vertex 2.56495 8.17341 2.4
      vertex 2.17157 7.82843 2.4
    endloop
  endfacet
  facet normal -0.442291 0.896871 0
    outer loop
      vertex 3.46927 8.69552 7.4
      vertex 3 8.4641 2.4
      vertex 3 8.4641 7.4
    endloop
  endfacet
  facet normal -0.442291 0.896871 0
    outer loop
      vertex 3.46927 8.69552 2.2
      vertex 3 8.4641 2.4
      vertex 3.46927 8.69552 7.4
    endloop
  endfacet
  facet normal -0.442291 0.896871 0
    outer loop
      vertex 3 8.4641 2.4
      vertex 3.46927 8.69552 2.2
      vertex 3 8.4641 2.2
    endloop
  endfacet
  facet normal 0.896871 0.442291 0
    outer loop
      vertex 8.69552 6.53073 7.4
      vertex 8.4641 7 2.2
      vertex 8.4641 7 7.4
    endloop
  endfacet
  facet normal 0.896871 0.442291 0
    outer loop
      vertex 8.4641 7 2.2
      vertex 8.69552 6.53073 7.4
      vertex 8.69552 6.53073 2.2
    endloop
  endfacet
  facet normal 0.195094 0.980784 -0
    outer loop
      vertex 6.03528 8.8637 2.2
      vertex 5.5221 8.96578 7.4
      vertex 6.03528 8.8637 7.4
    endloop
  endfacet
  facet normal 0.195094 0.980784 0
    outer loop
      vertex 5.5221 8.96578 7.4
      vertex 6.03528 8.8637 2.2
      vertex 5.5221 8.96578 2.2
    endloop
  endfacet
  facet normal 0.195094 -0.980784 0
    outer loop
      vertex 5.5221 1.03422 2.4
      vertex 6.03528 1.1363 7.4
      vertex 5.5221 1.03422 7.4
    endloop
  endfacet
  facet normal 0.195094 -0.980784 0
    outer loop
      vertex 6.03528 1.1363 7.4
      vertex 5.5221 1.03422 2.4
      vertex 6.03528 1.1363 2.4
    endloop
  endfacet
  facet normal -0.896871 0.442291 0
    outer loop
      vertex 1.30448 6.53073 2.4
      vertex 1.5359 7 7.4
      vertex 1.5359 7 2.4
    endloop
  endfacet
  facet normal -0.896871 0.442291 0
    outer loop
      vertex 1.5359 7 7.4
      vertex 1.30448 6.53073 2.4
      vertex 1.30448 6.53073 7.4
    endloop
  endfacet
  facet normal 0.442291 0.896871 -0
    outer loop
      vertex 7 8.4641 2.2
      vertex 6.53073 8.69552 7.4
      vertex 7 8.4641 7.4
    endloop
  endfacet
  facet normal 0.442291 0.896871 0
    outer loop
      vertex 6.53073 8.69552 7.4
      vertex 7 8.4641 2.2
      vertex 6.53073 8.69552 2.2
    endloop
  endfacet
  facet normal 0.997859 -0.0654014 0
    outer loop
      vertex 8.96578 4.47789 7.4
      vertex 9 5 2.2
      vertex 9 5 7.4
    endloop
  endfacet
  facet normal 0.997859 -0.0654014 0
    outer loop
      vertex 9 5 2.2
      vertex 8.96578 4.47789 7.4
      vertex 8.96578 4.47789 2.2
    endloop
  endfacet
  facet normal -0.195098 0.980784 0
    outer loop
      vertex 4.47789 8.96578 2.2
      vertex 3.96472 8.8637 7.4
      vertex 4.47789 8.96578 7.4
    endloop
  endfacet
  facet normal -0.195098 0.980784 0
    outer loop
      vertex 3.96472 8.8637 7.4
      vertex 4.47789 8.96578 2.2
      vertex 3.96472 8.8637 2.2
    endloop
  endfacet
  facet normal 0.831471 0.555569 0
    outer loop
      vertex 8.4641 7 7.4
      vertex 8.17341 7.43505 2.2
      vertex 8.17341 7.43505 7.4
    endloop
  endfacet
  facet normal 0.831471 0.555569 0
    outer loop
      vertex 8.17341 7.43505 2.2
      vertex 8.4641 7 7.4
      vertex 8.4641 7 2.2
    endloop
  endfacet
  facet normal -0.321435 0.946932 0
    outer loop
      vertex 3.96472 8.8637 2.2
      vertex 3.46927 8.69552 7.4
      vertex 3.96472 8.8637 7.4
    endloop
  endfacet
  facet normal -0.321435 0.946932 0
    outer loop
      vertex 3.46927 8.69552 7.4
      vertex 3.96472 8.8637 2.2
      vertex 3.46927 8.69552 2.2
    endloop
  endfacet
  facet normal -0.751845 -0.65934 0
    outer loop
      vertex 2.17157 2.17157 2.4
      vertex 1.82659 2.56495 7.4
      vertex 1.82659 2.56495 2.4
    endloop
  endfacet
  facet normal -0.751845 -0.65934 0
    outer loop
      vertex 1.82659 2.56495 7.4
      vertex 2.17157 2.17157 2.4
      vertex 2.17157 2.17157 7.4
    endloop
  endfacet
  facet normal -0.0654014 -0.997859 0
    outer loop
      vertex 4.47789 1.03422 2.4
      vertex 5 1 7.4
      vertex 4.47789 1.03422 7.4
    endloop
  endfacet
  facet normal -0.0654014 -0.997859 -0
    outer loop
      vertex 5 1 7.4
      vertex 4.47789 1.03422 2.4
      vertex 5 1 2.4
    endloop
  endfacet
  facet normal 0.321435 -0.946932 0
    outer loop
      vertex 6.03528 1.1363 2.4
      vertex 6.53073 1.30448 7.4
      vertex 6.03528 1.1363 7.4
    endloop
  endfacet
  facet normal 0.321435 -0.946932 0
    outer loop
      vertex 6.53073 1.30448 7.4
      vertex 6.03528 1.1363 2.4
      vertex 6.53073 1.30448 2.4
    endloop
  endfacet
  facet normal 0.555569 -0.831471 0
    outer loop
      vertex 7 1.5359 2.4
      vertex 7.43505 1.82659 7.4
      vertex 7 1.5359 7.4
    endloop
  endfacet
  facet normal 0.555569 -0.831471 0
    outer loop
      vertex 7.43505 1.82659 7.4
      vertex 7 1.5359 2.4
      vertex 7.43505 1.82659 2.4
    endloop
  endfacet
  facet normal -0.831471 -0.555569 0
    outer loop
      vertex 1.82659 2.56495 2.4
      vertex 1.5359 3 7.4
      vertex 1.5359 3 2.4
    endloop
  endfacet
  facet normal -0.831471 -0.555569 0
    outer loop
      vertex 1.5359 3 7.4
      vertex 1.82659 2.56495 2.4
      vertex 1.82659 2.56495 7.4
    endloop
  endfacet
  facet normal -0.65934 -0.751845 0
    outer loop
      vertex 2.17157 2.17157 2.4
      vertex 2.56495 1.82659 7.4
      vertex 2.17157 2.17157 7.4
    endloop
  endfacet
  facet normal -0.65934 -0.751845 -0
    outer loop
      vertex 2.56495 1.82659 7.4
      vertex 2.17157 2.17157 2.4
      vertex 2.56495 1.82659 2.4
    endloop
  endfacet
  facet normal 0.896871 -0.442291 0
    outer loop
      vertex 8.4641 3 2.4
      vertex 8.69552 3.46927 7.4
      vertex 8.4641 3 7.4
    endloop
  endfacet
  facet normal 0.896871 -0.442291 0
    outer loop
      vertex 8.69552 3.46927 7.4
      vertex 8.4641 3 2.4
      vertex 8.69552 3.46927 2.2
    endloop
  endfacet
  facet normal 0.896871 -0.442291 0
    outer loop
      vertex 8.69552 3.46927 2.2
      vertex 8.4641 3 2.4
      vertex 8.4641 3 2.2
    endloop
  endfacet
  facet normal -0.980784 0.195094 0
    outer loop
      vertex 1.03422 5.5221 2.4
      vertex 1.1363 6.03528 7.4
      vertex 1.1363 6.03528 2.4
    endloop
  endfacet
  facet normal -0.980784 0.195094 0
    outer loop
      vertex 1.1363 6.03528 7.4
      vertex 1.03422 5.5221 2.4
      vertex 1.03422 5.5221 7.4
    endloop
  endfacet
  facet normal -0.195098 -0.980784 0
    outer loop
      vertex 3.96472 1.1363 2.4
      vertex 4.47789 1.03422 7.4
      vertex 3.96472 1.1363 7.4
    endloop
  endfacet
  facet normal -0.195098 -0.980784 -0
    outer loop
      vertex 4.47789 1.03422 7.4
      vertex 3.96472 1.1363 2.4
      vertex 4.47789 1.03422 2.4
    endloop
  endfacet
  facet normal 0.0654027 -0.997859 0
    outer loop
      vertex 5 1 2.4
      vertex 5.5221 1.03422 7.4
      vertex 5 1 7.4
    endloop
  endfacet
  facet normal 0.0654027 -0.997859 0
    outer loop
      vertex 5.5221 1.03422 7.4
      vertex 5 1 2.4
      vertex 5.5221 1.03422 2.4
    endloop
  endfacet
  facet normal -0.831471 0.555569 0
    outer loop
      vertex 1.5359 7 2.4
      vertex 1.82659 7.43505 7.4
      vertex 1.82659 7.43505 2.4
    endloop
  endfacet
  facet normal -0.831471 0.555569 0
    outer loop
      vertex 1.82659 7.43505 7.4
      vertex 1.5359 7 2.4
      vertex 1.5359 7 7.4
    endloop
  endfacet
  facet normal 0.65934 0.751845 -0
    outer loop
      vertex 7.82843 7.82843 2.2
      vertex 7.43505 8.17341 7.4
      vertex 7.82843 7.82843 7.4
    endloop
  endfacet
  facet normal 0.65934 0.751845 0
    outer loop
      vertex 7.43505 8.17341 7.4
      vertex 7.82843 7.82843 2.2
      vertex 7.43505 8.17341 2.2
    endloop
  endfacet
  facet normal -0.997859 -0.0654014 0
    outer loop
      vertex 1.03422 4.47789 2.4
      vertex 1 5 7.4
      vertex 1 5 2.4
    endloop
  endfacet
  facet normal -0.997859 -0.0654014 0
    outer loop
      vertex 1 5 7.4
      vertex 1.03422 4.47789 2.4
      vertex 1.03422 4.47789 7.4
    endloop
  endfacet
  facet normal 0 0 -1
    outer loop
      vertex 6.7 5 2.2
      vertex 9 5 2.2
      vertex 8.96578 4.47789 2.2
    endloop
  endfacet
  facet normal 0 0 -1
    outer loop
      vertex 6.68546 4.7781 2.2
      vertex 8.96578 4.47789 2.2
      vertex 8.8637 3.96472 2.2
    endloop
  endfacet
  facet normal 0 0 -1
    outer loop
      vertex 9 5 2.2
      vertex 6.7 5 2.2
      vertex 8.96578 5.5221 2.2
    endloop
  endfacet
  facet normal 0 0 -1
    outer loop
      vertex 6.64207 4.56001 2.2
      vertex 8.8637 3.96472 2.2
      vertex 8.69552 3.46927 2.2
    endloop
  endfacet
  facet normal 0 0 -1
    outer loop
      vertex 6.68546 5.22189 2.2
      vertex 8.96578 5.5221 2.2
      vertex 6.7 5 2.2
    endloop
  endfacet
  facet normal 0 0 -1
    outer loop
      vertex 6.57059 4.34944 2.2
      vertex 8.69552 3.46927 2.2
      vertex 8.4641 3 2.2
    endloop
  endfacet
  facet normal -0 0 -1
    outer loop
      vertex 8.96578 5.5221 2.2
      vertex 6.68546 5.22189 2.2
      vertex 8.8637 6.03528 2.2
    endloop
  endfacet
  facet normal 0 0 -1
    outer loop
      vertex 6.64207 5.43999 2.2
      vertex 8.8637 6.03528 2.2
      vertex 6.68546 5.22189 2.2
    endloop
  endfacet
  facet normal 0 0 -1
    outer loop
      vertex 6.57059 5.65056 2.2
      vertex 8.69552 6.53073 2.2
      vertex 6.64207 5.43999 2.2
    endloop
  endfacet
  facet normal -0 0 -1
    outer loop
      vertex 8.69552 6.53073 2.2
      vertex 6.57059 5.65056 2.2
      vertex 8.4641 7 2.2
    endloop
  endfacet
  facet normal -0 0 -1
    outer loop
      vertex 8.4641 7 2.2
      vertex 6.47224 5.85 2.2
      vertex 8.17341 7.43505 2.2
    endloop
  endfacet
  facet normal -0 0 -1
    outer loop
      vertex 8.8637 6.03528 2.2
      vertex 6.64207 5.43999 2.2
      vertex 8.69552 6.53073 2.2
    endloop
  endfacet
  facet normal 0 0 -1
    outer loop
      vertex 8.96578 4.47789 2.2
      vertex 6.68546 4.7781 2.2
      vertex 6.7 5 2.2
    endloop
  endfacet
  facet normal 0 0 -1
    outer loop
      vertex 8.8637 3.96472 2.2
      vertex 6.64207 4.56001 2.2
      vertex 6.68546 4.7781 2.2
    endloop
  endfacet
  facet normal 0 0 -1
    outer loop
      vertex 8.69552 3.46927 2.2
      vertex 6.57059 4.34944 2.2
      vertex 6.64207 4.56001 2.2
    endloop
  endfacet
  facet normal 0 0 -1
    outer loop
      vertex 8.4641 3 2.2
      vertex 6.47224 4.15 2.2
      vertex 6.57059 4.34944 2.2
    endloop
  endfacet
  facet normal 0 0 -1
    outer loop
      vertex 8.4641 3 2.2
      vertex 6.3487 3.96511 2.2
      vertex 6.47224 4.15 2.2
    endloop
  endfacet
  facet normal 0 0 -1
    outer loop
      vertex 8.4641 3 2.2
      vertex 6.20208 3.79792 2.2
      vertex 6.3487 3.96511 2.2
    endloop
  endfacet
  facet normal 0 0 -1
    outer loop
      vertex 8.4641 3 2.2
      vertex 6.03489 3.6513 2.2
      vertex 6.20208 3.79792 2.2
    endloop
  endfacet
  facet normal 0 0 -1
    outer loop
      vertex 8.4641 3 2.2
      vertex 5.85 3.52776 2.2
      vertex 6.03489 3.6513 2.2
    endloop
  endfacet
  facet normal 0 0 -1
    outer loop
      vertex 8.4641 3 2.2
      vertex 5.65056 3.4294 2.2
      vertex 5.85 3.52776 2.2
    endloop
  endfacet
  facet normal 0 0 -1
    outer loop
      vertex 8.4641 3 2.2
      vertex 5.43999 3.35793 2.2
      vertex 5.65056 3.4294 2.2
    endloop
  endfacet
  facet normal 0 0 -1
    outer loop
      vertex 8.4641 3 2.2
      vertex 5.22189 3.31454 2.2
      vertex 5.43999 3.35793 2.2
    endloop
  endfacet
  facet normal 0 0 -1
    outer loop
      vertex 8.4641 3 2.2
      vertex 5 3.3 2.2
      vertex 5.22189 3.31454 2.2
    endloop
  endfacet
  facet normal 0 0 -1
    outer loop
      vertex 3 3 2.2
      vertex 5 3.3 2.2
      vertex 8.4641 3 2.2
    endloop
  endfacet
  facet normal -0 0 -1
    outer loop
      vertex 3.31454 4.7781 2.2
      vertex 3 3 2.2
      vertex 3.3 5 2.2
    endloop
  endfacet
  facet normal -0 0 -1
    outer loop
      vertex 3.35793 4.56001 2.2
      vertex 3 3 2.2
      vertex 3.31454 4.7781 2.2
    endloop
  endfacet
  facet normal -0 0 -1
    outer loop
      vertex 3.4294 4.34944 2.2
      vertex 3 3 2.2
      vertex 3.35793 4.56001 2.2
    endloop
  endfacet
  facet normal -0 0 -1
    outer loop
      vertex 3.52776 4.15 2.2
      vertex 3 3 2.2
      vertex 3.4294 4.34944 2.2
    endloop
  endfacet
  facet normal -0 0 -1
    outer loop
      vertex 3.6513 3.96511 2.2
      vertex 3 3 2.2
      vertex 3.52776 4.15 2.2
    endloop
  endfacet
  facet normal -0 0 -1
    outer loop
      vertex 3.79792 3.79792 2.2
      vertex 3 3 2.2
      vertex 3.6513 3.96511 2.2
    endloop
  endfacet
  facet normal -0 0 -1
    outer loop
      vertex 3.96511 3.6513 2.2
      vertex 3 3 2.2
      vertex 3.79792 3.79792 2.2
    endloop
  endfacet
  facet normal -0 0 -1
    outer loop
      vertex 4.15 3.52776 2.2
      vertex 3 3 2.2
      vertex 3.96511 3.6513 2.2
    endloop
  endfacet
  facet normal -0 0 -1
    outer loop
      vertex 4.34944 3.4294 2.2
      vertex 3 3 2.2
      vertex 4.15 3.52776 2.2
    endloop
  endfacet
  facet normal -0 0 -1
    outer loop
      vertex 4.56001 3.35793 2.2
      vertex 3 3 2.2
      vertex 4.34944 3.4294 2.2
    endloop
  endfacet
  facet normal -0 0 -1
    outer loop
      vertex 4.7781 3.31454 2.2
      vertex 3 3 2.2
      vertex 4.56001 3.35793 2.2
    endloop
  endfacet
  facet normal -0 0 -1
    outer loop
      vertex 5 3.3 2.2
      vertex 3 3 2.2
      vertex 4.7781 3.31454 2.2
    endloop
  endfacet
  facet normal 0 0 -1
    outer loop
      vertex 6.47224 5.85 2.2
      vertex 8.4641 7 2.2
      vertex 6.57059 5.65056 2.2
    endloop
  endfacet
  facet normal 0 0 -1
    outer loop
      vertex 6.3487 6.03489 2.2
      vertex 8.17341 7.43505 2.2
      vertex 6.47224 5.85 2.2
    endloop
  endfacet
  facet normal -0 0 -1
    outer loop
      vertex 8.17341 7.43505 2.2
      vertex 6.3487 6.03489 2.2
      vertex 7.82843 7.82843 2.2
    endloop
  endfacet
  facet normal 0 0 -1
    outer loop
      vertex 6.20208 6.20208 2.2
      vertex 7.82843 7.82843 2.2
      vertex 6.3487 6.03489 2.2
    endloop
  endfacet
  facet normal -0 0 -1
    outer loop
      vertex 7.82843 7.82843 2.2
      vertex 6.20208 6.20208 2.2
      vertex 7.43505 8.17341 2.2
    endloop
  endfacet
  facet normal 0 0 -1
    outer loop
      vertex 6.03489 6.3487 2.2
      vertex 7.43505 8.17341 2.2
      vertex 6.20208 6.20208 2.2
    endloop
  endfacet
  facet normal -0 0 -1
    outer loop
      vertex 7.43505 8.17341 2.2
      vertex 6.03489 6.3487 2.2
      vertex 7 8.4641 2.2
    endloop
  endfacet
  facet normal 0 0 -1
    outer loop
      vertex 5.85 6.47224 2.2
      vertex 7 8.4641 2.2
      vertex 6.03489 6.3487 2.2
    endloop
  endfacet
  facet normal -0 0 -1
    outer loop
      vertex 7 8.4641 2.2
      vertex 5.85 6.47224 2.2
      vertex 6.53073 8.69552 2.2
    endloop
  endfacet
  facet normal 0 0 -1
    outer loop
      vertex 5.65056 6.57059 2.2
      vertex 6.53073 8.69552 2.2
      vertex 5.85 6.47224 2.2
    endloop
  endfacet
  facet normal -0 0 -1
    outer loop
      vertex 6.53073 8.69552 2.2
      vertex 5.65056 6.57059 2.2
      vertex 6.03528 8.8637 2.2
    endloop
  endfacet
  facet normal 0 0 -1
    outer loop
      vertex 5.43999 6.64207 2.2
      vertex 6.03528 8.8637 2.2
      vertex 5.65056 6.57059 2.2
    endloop
  endfacet
  facet normal -0 0 -1
    outer loop
      vertex 6.03528 8.8637 2.2
      vertex 5.43999 6.64207 2.2
      vertex 5.5221 8.96578 2.2
    endloop
  endfacet
  facet normal 0 0 -1
    outer loop
      vertex 5.22189 6.68546 2.2
      vertex 5.5221 8.96578 2.2
      vertex 5.43999 6.64207 2.2
    endloop
  endfacet
  facet normal 0 0 -1
    outer loop
      vertex 5 6.7 2.2
      vertex 5.5221 8.96578 2.2
      vertex 5.22189 6.68546 2.2
    endloop
  endfacet
  facet normal 0 0 -1
    outer loop
      vertex 5 6.7 2.2
      vertex 5 9 2.2
      vertex 5.5221 8.96578 2.2
    endloop
  endfacet
  facet normal 0 0 -1
    outer loop
      vertex 4.7781 6.68546 2.2
      vertex 5 9 2.2
      vertex 5 6.7 2.2
    endloop
  endfacet
  facet normal 0 0 -1
    outer loop
      vertex 4.47789 8.96578 2.2
      vertex 4.7781 6.68546 2.2
      vertex 4.56001 6.64207 2.2
    endloop
  endfacet
  facet normal 0 0 -1
    outer loop
      vertex 4.7781 6.68546 2.2
      vertex 4.47789 8.96578 2.2
      vertex 5 9 2.2
    endloop
  endfacet
  facet normal 0 0 -1
    outer loop
      vertex 3.96472 8.8637 2.2
      vertex 4.56001 6.64207 2.2
      vertex 4.34944 6.57059 2.2
    endloop
  endfacet
  facet normal 0 0 -1
    outer loop
      vertex 3.46927 8.69552 2.2
      vertex 4.34944 6.57059 2.2
      vertex 4.15 6.47224 2.2
    endloop
  endfacet
  facet normal 0 0 -1
    outer loop
      vertex 3 8.4641 2.2
      vertex 4.15 6.47224 2.2
      vertex 3.96511 6.3487 2.2
    endloop
  endfacet
  facet normal 0 0 -1
    outer loop
      vertex 4.56001 6.64207 2.2
      vertex 3.96472 8.8637 2.2
      vertex 4.47789 8.96578 2.2
    endloop
  endfacet
  facet normal 0 0 -1
    outer loop
      vertex 3 8.4641 2.2
      vertex 3.96511 6.3487 2.2
      vertex 3.79792 6.20208 2.2
    endloop
  endfacet
  facet normal 0 0 -1
    outer loop
      vertex 3 8.4641 2.2
      vertex 3.79792 6.20208 2.2
      vertex 3.6513 6.03489 2.2
    endloop
  endfacet
  facet normal 0 0 -1
    outer loop
      vertex 3 8.4641 2.2
      vertex 3.6513 6.03489 2.2
      vertex 3.52776 5.85 2.2
    endloop
  endfacet
  facet normal 0 0 -1
    outer loop
      vertex 4.34944 6.57059 2.2
      vertex 3.46927 8.69552 2.2
      vertex 3.96472 8.8637 2.2
    endloop
  endfacet
  facet normal 0 0 -1
    outer loop
      vertex 3 8.4641 2.2
      vertex 3.52776 5.85 2.2
      vertex 3.4294 5.65056 2.2
    endloop
  endfacet
  facet normal 0 0 -1
    outer loop
      vertex 3 8.4641 2.2
      vertex 3.4294 5.65056 2.2
      vertex 3.35793 5.43999 2.2
    endloop
  endfacet
  facet normal 0 0 -1
    outer loop
      vertex 3 8.4641 2.2
      vertex 3.35793 5.43999 2.2
      vertex 3.31454 5.22189 2.2
    endloop
  endfacet
  facet normal 0 0 -1
    outer loop
      vertex 3 8.4641 2.2
      vertex 3.31454 5.22189 2.2
      vertex 3.3 5 2.2
    endloop
  endfacet
  facet normal 0 0 -1
    outer loop
      vertex 3 8.4641 2.2
      vertex 3.3 5 2.2
      vertex 3 3 2.2
    endloop
  endfacet
  facet normal 0 0 -1
    outer loop
      vertex 4.15 6.47224 2.2
      vertex 3 8.4641 2.2
      vertex 3.46927 8.69552 2.2
    endloop
  endfacet
  facet normal 0 0 1
    outer loop
      vertex 6.7 5 7.4
      vertex 9 5 7.4
      vertex 8.96578 5.5221 7.4
    endloop
  endfacet
  facet normal 0 0 1
    outer loop
      vertex 6.68546 5.22189 7.4
      vertex 8.96578 5.5221 7.4
      vertex 8.8637 6.03528 7.4
    endloop
  endfacet
  facet normal 0 0 1
    outer loop
      vertex 9 5 7.4
      vertex 6.7 5 7.4
      vertex 8.96578 4.47789 7.4
    endloop
  endfacet
  facet normal 0 0 1
    outer loop
      vertex 6.64207 5.43999 7.4
      vertex 8.8637 6.03528 7.4
      vertex 8.69552 6.53073 7.4
    endloop
  endfacet
  facet normal -0 0 1
    outer loop
      vertex 6.68546 4.7781 7.4
      vertex 8.96578 4.47789 7.4
      vertex 6.7 5 7.4
    endloop
  endfacet
  facet normal 0 0 1
    outer loop
      vertex 6.57059 5.65056 7.4
      vertex 8.69552 6.53073 7.4
      vertex 8.4641 7 7.4
    endloop
  endfacet
  facet normal 0 0 1
    outer loop
      vertex 8.96578 4.47789 7.4
      vertex 6.68546 4.7781 7.4
      vertex 8.8637 3.96472 7.4
    endloop
  endfacet
  facet normal 0 0 1
    outer loop
      vertex 6.47224 5.85 7.4
      vertex 8.4641 7 7.4
      vertex 8.17341 7.43505 7.4
    endloop
  endfacet
  facet normal -0 0 1
    outer loop
      vertex 6.64207 4.56001 7.4
      vertex 8.8637 3.96472 7.4
      vertex 6.68546 4.7781 7.4
    endloop
  endfacet
  facet normal 0 0 1
    outer loop
      vertex 6.3487 6.03489 7.4
      vertex 8.17341 7.43505 7.4
      vertex 7.82843 7.82843 7.4
    endloop
  endfacet
  facet normal 0 0 1
    outer loop
      vertex 8.8637 3.96472 7.4
      vertex 6.64207 4.56001 7.4
      vertex 8.69552 3.46927 7.4
    endloop
  endfacet
  facet normal 0 0 1
    outer loop
      vertex 6.20208 6.20208 7.4
      vertex 7.82843 7.82843 7.4
      vertex 7.43505 8.17341 7.4
    endloop
  endfacet
  facet normal -0 0 1
    outer loop
      vertex 6.57059 4.34944 7.4
      vertex 8.69552 3.46927 7.4
      vertex 6.64207 4.56001 7.4
    endloop
  endfacet
  facet normal 0 0 1
    outer loop
      vertex 6.03489 6.3487 7.4
      vertex 7.43505 8.17341 7.4
      vertex 7 8.4641 7.4
    endloop
  endfacet
  facet normal 0 0 1
    outer loop
      vertex 8.69552 3.46927 7.4
      vertex 6.57059 4.34944 7.4
      vertex 8.4641 3 7.4
    endloop
  endfacet
  facet normal -0 0 1
    outer loop
      vertex 6.47224 4.15 7.4
      vertex 8.4641 3 7.4
      vertex 6.57059 4.34944 7.4
    endloop
  endfacet
  facet normal 0 0 1
    outer loop
      vertex 8.96578 5.5221 7.4
      vertex 6.68546 5.22189 7.4
      vertex 6.7 5 7.4
    endloop
  endfacet
  facet normal 0 0 1
    outer loop
      vertex 8.8637 6.03528 7.4
      vertex 6.64207 5.43999 7.4
      vertex 6.68546 5.22189 7.4
    endloop
  endfacet
  facet normal 0 0 1
    outer loop
      vertex 8.69552 6.53073 7.4
      vertex 6.57059 5.65056 7.4
      vertex 6.64207 5.43999 7.4
    endloop
  endfacet
  facet normal 0 0 1
    outer loop
      vertex 5.85 6.47224 7.4
      vertex 7 8.4641 7.4
      vertex 6.53073 8.69552 7.4
    endloop
  endfacet
  facet normal 0 0 1
    outer loop
      vertex 8.4641 7 7.4
      vertex 6.47224 5.85 7.4
      vertex 6.57059 5.65056 7.4
    endloop
  endfacet
  facet normal 0 0 1
    outer loop
      vertex 8.17341 7.43505 7.4
      vertex 6.3487 6.03489 7.4
      vertex 6.47224 5.85 7.4
    endloop
  endfacet
  facet normal 0 0 1
    outer loop
      vertex 7.82843 7.82843 7.4
      vertex 6.20208 6.20208 7.4
      vertex 6.3487 6.03489 7.4
    endloop
  endfacet
  facet normal 0 0 1
    outer loop
      vertex 5.65056 6.57059 7.4
      vertex 6.53073 8.69552 7.4
      vertex 6.03528 8.8637 7.4
    endloop
  endfacet
  facet normal 0 0 1
    outer loop
      vertex 7.43505 8.17341 7.4
      vertex 6.03489 6.3487 7.4
      vertex 6.20208 6.20208 7.4
    endloop
  endfacet
  facet normal 0 0 1
    outer loop
      vertex 7 8.4641 7.4
      vertex 5.85 6.47224 7.4
      vertex 6.03489 6.3487 7.4
    endloop
  endfacet
  facet normal 0 0 1
    outer loop
      vertex 6.53073 8.69552 7.4
      vertex 5.65056 6.57059 7.4
      vertex 5.85 6.47224 7.4
    endloop
  endfacet
  facet normal 0 0 1
    outer loop
      vertex 5.43999 6.64207 7.4
      vertex 6.03528 8.8637 7.4
      vertex 5.5221 8.96578 7.4
    endloop
  endfacet
  facet normal 0 0 1
    outer loop
      vertex 6.03528 8.8637 7.4
      vertex 5.43999 6.64207 7.4
      vertex 5.65056 6.57059 7.4
    endloop
  endfacet
  facet normal 0 0 1
    outer loop
      vertex 5.5221 8.96578 7.4
      vertex 5.22189 6.68546 7.4
      vertex 5.43999 6.64207 7.4
    endloop
  endfacet
  facet normal 0 0 1
    outer loop
      vertex 5 9 7.4
      vertex 5.22189 6.68546 7.4
      vertex 5.5221 8.96578 7.4
    endloop
  endfacet
  facet normal 0 0 1
    outer loop
      vertex 5 9 7.4
      vertex 5 6.7 7.4
      vertex 5.22189 6.68546 7.4
    endloop
  endfacet
  facet normal 0 0 1
    outer loop
      vertex 5 9 7.4
      vertex 4.7781 6.68546 7.4
      vertex 5 6.7 7.4
    endloop
  endfacet
  facet normal -0 0 1
    outer loop
      vertex 4.47789 8.96578 7.4
      vertex 4.7781 6.68546 7.4
      vertex 5 9 7.4
    endloop
  endfacet
  facet normal 0 0 1
    outer loop
      vertex 4.7781 6.68546 7.4
      vertex 4.47789 8.96578 7.4
      vertex 4.56001 6.64207 7.4
    endloop
  endfacet
  facet normal -0 0 1
    outer loop
      vertex 3.96472 8.8637 7.4
      vertex 4.56001 6.64207 7.4
      vertex 4.47789 8.96578 7.4
    endloop
  endfacet
  facet normal 0 0 1
    outer loop
      vertex 4.56001 6.64207 7.4
      vertex 3.96472 8.8637 7.4
      vertex 4.34944 6.57059 7.4
    endloop
  endfacet
  facet normal -0 0 1
    outer loop
      vertex 3.46927 8.69552 7.4
      vertex 4.34944 6.57059 7.4
      vertex 3.96472 8.8637 7.4
    endloop
  endfacet
  facet normal 0 0 1
    outer loop
      vertex 4.34944 6.57059 7.4
      vertex 3.46927 8.69552 7.4
      vertex 4.15 6.47224 7.4
    endloop
  endfacet
  facet normal -0 0 1
    outer loop
      vertex 3 8.4641 7.4
      vertex 4.15 6.47224 7.4
      vertex 3.46927 8.69552 7.4
    endloop
  endfacet
  facet normal 0 0 1
    outer loop
      vertex 4.15 6.47224 7.4
      vertex 3 8.4641 7.4
      vertex 3.96511 6.3487 7.4
    endloop
  endfacet
  facet normal -0 0 1
    outer loop
      vertex 2.56495 8.17341 7.4
      vertex 3.96511 6.3487 7.4
      vertex 3 8.4641 7.4
    endloop
  endfacet
  facet normal 0 0 1
    outer loop
      vertex 3.96511 6.3487 7.4
      vertex 2.56495 8.17341 7.4
      vertex 3.79792 6.20208 7.4
    endloop
  endfacet
  facet normal -0 0 1
    outer loop
      vertex 2.17157 7.82843 7.4
      vertex 3.79792 6.20208 7.4
      vertex 2.56495 8.17341 7.4
    endloop
  endfacet
  facet normal 0 0 1
    outer loop
      vertex 3.79792 6.20208 7.4
      vertex 2.17157 7.82843 7.4
      vertex 3.6513 6.03489 7.4
    endloop
  endfacet
  facet normal -0 0 1
    outer loop
      vertex 1.82659 7.43505 7.4
      vertex 3.6513 6.03489 7.4
      vertex 2.17157 7.82843 7.4
    endloop
  endfacet
  facet normal 0 0 1
    outer loop
      vertex 3.6513 6.03489 7.4
      vertex 1.82659 7.43505 7.4
      vertex 3.52776 5.85 7.4
    endloop
  endfacet
  facet normal -0 0 1
    outer loop
      vertex 1.5359 7 7.4
      vertex 3.52776 5.85 7.4
      vertex 1.82659 7.43505 7.4
    endloop
  endfacet
  facet normal 0 0 1
    outer loop
      vertex 8.4641 3 7.4
      vertex 6.47224 4.15 7.4
      vertex 8.17341 2.56495 7.4
    endloop
  endfacet
  facet normal -0 0 1
    outer loop
      vertex 6.3487 3.96511 7.4
      vertex 8.17341 2.56495 7.4
      vertex 6.47224 4.15 7.4
    endloop
  endfacet
  facet normal 0 0 1
    outer loop
      vertex 8.17341 2.56495 7.4
      vertex 6.3487 3.96511 7.4
      vertex 7.82843 2.17157 7.4
    endloop
  endfacet
  facet normal -0 0 1
    outer loop
      vertex 6.20208 3.79792 7.4
      vertex 7.82843 2.17157 7.4
      vertex 6.3487 3.96511 7.4
    endloop
  endfacet
  facet normal 0 0 1
    outer loop
      vertex 7.82843 2.17157 7.4
      vertex 6.20208 3.79792 7.4
      vertex 7.43505 1.82659 7.4
    endloop
  endfacet
  facet normal -0 0 1
    outer loop
      vertex 6.03489 3.6513 7.4
      vertex 7.43505 1.82659 7.4
      vertex 6.20208 3.79792 7.4
    endloop
  endfacet
  facet normal 0 0 1
    outer loop
      vertex 7.43505 1.82659 7.4
      vertex 6.03489 3.6513 7.4
      vertex 7 1.5359 7.4
    endloop
  endfacet
  facet normal -0 0 1
    outer loop
      vertex 5.85 3.52776 7.4
      vertex 7 1.5359 7.4
      vertex 6.03489 3.6513 7.4
    endloop
  endfacet
  facet normal 0 0 1
    outer loop
      vertex 7 1.5359 7.4
      vertex 5.85 3.52776 7.4
      vertex 6.53073 1.30448 7.4
    endloop
  endfacet
  facet normal -0 0 1
    outer loop
      vertex 5.65056 3.4294 7.4
      vertex 6.53073 1.30448 7.4
      vertex 5.85 3.52776 7.4
    endloop
  endfacet
  facet normal 0 0 1
    outer loop
      vertex 6.53073 1.30448 7.4
      vertex 5.65056 3.4294 7.4
      vertex 6.03528 1.1363 7.4
    endloop
  endfacet
  facet normal -0 0 1
    outer loop
      vertex 5.43999 3.35793 7.4
      vertex 6.03528 1.1363 7.4
      vertex 5.65056 3.4294 7.4
    endloop
  endfacet
  facet normal 0 0 1
    outer loop
      vertex 6.03528 1.1363 7.4
      vertex 5.43999 3.35793 7.4
      vertex 5.5221 1.03422 7.4
    endloop
  endfacet
  facet normal -0 0 1
    outer loop
      vertex 5.22189 3.31454 7.4
      vertex 5.5221 1.03422 7.4
      vertex 5.43999 3.35793 7.4
    endloop
  endfacet
  facet normal -0 0 1
    outer loop
      vertex 5 3.3 7.4
      vertex 5.5221 1.03422 7.4
      vertex 5.22189 3.31454 7.4
    endloop
  endfacet
  facet normal 0 0 1
    outer loop
      vertex 5 3.3 7.4
      vertex 5 1 7.4
      vertex 5.5221 1.03422 7.4
    endloop
  endfacet
  facet normal 0 0 1
    outer loop
      vertex 4.7781 3.31454 7.4
      vertex 5 1 7.4
      vertex 5 3.3 7.4
    endloop
  endfacet
  facet normal 0 0 1
    outer loop
      vertex 4.47789 1.03422 7.4
      vertex 4.7781 3.31454 7.4
      vertex 4.56001 3.35793 7.4
    endloop
  endfacet
  facet normal 0 0 1
    outer loop
      vertex 4.7781 3.31454 7.4
      vertex 4.47789 1.03422 7.4
      vertex 5 1 7.4
    endloop
  endfacet
  facet normal 0 0 1
    outer loop
      vertex 3.96472 1.1363 7.4
      vertex 4.56001 3.35793 7.4
      vertex 4.34944 3.4294 7.4
    endloop
  endfacet
  facet normal 0 0 1
    outer loop
      vertex 3.46927 1.30448 7.4
      vertex 4.34944 3.4294 7.4
      vertex 4.15 3.52776 7.4
    endloop
  endfacet
  facet normal 0 0 1
    outer loop
      vertex 3 1.5359 7.4
      vertex 4.15 3.52776 7.4
      vertex 3.96511 3.6513 7.4
    endloop
  endfacet
  facet normal 0 0 1
    outer loop
      vertex 4.56001 3.35793 7.4
      vertex 3.96472 1.1363 7.4
      vertex 4.47789 1.03422 7.4
    endloop
  endfacet
  facet normal 0 0 1
    outer loop
      vertex 2.56495 1.82659 7.4
      vertex 3.96511 3.6513 7.4
      vertex 3.79792 3.79792 7.4
    endloop
  endfacet
  facet normal 0 0 1
    outer loop
      vertex 2.17157 2.17157 7.4
      vertex 3.79792 3.79792 7.4
      vertex 3.6513 3.96511 7.4
    endloop
  endfacet
  facet normal 0 0 1
    outer loop
      vertex 1.82659 2.56495 7.4
      vertex 3.6513 3.96511 7.4
      vertex 3.52776 4.15 7.4
    endloop
  endfacet
  facet normal 0 0 1
    outer loop
      vertex 4.34944 3.4294 7.4
      vertex 3.46927 1.30448 7.4
      vertex 3.96472 1.1363 7.4
    endloop
  endfacet
  facet normal 0 0 1
    outer loop
      vertex 1.5359 3 7.4
      vertex 3.52776 4.15 7.4
      vertex 3.4294 4.34944 7.4
    endloop
  endfacet
  facet normal 0 0 1
    outer loop
      vertex 1.30448 3.46927 7.4
      vertex 3.4294 4.34944 7.4
      vertex 3.35793 4.56001 7.4
    endloop
  endfacet
  facet normal 0 0 1
    outer loop
      vertex 1.1363 3.96472 7.4
      vertex 3.35793 4.56001 7.4
      vertex 3.31454 4.7781 7.4
    endloop
  endfacet
  facet normal 0 0 1
    outer loop
      vertex 1.03422 4.47789 7.4
      vertex 3.31454 4.7781 7.4
      vertex 3.3 5 7.4
    endloop
  endfacet
  facet normal 0 0 1
    outer loop
      vertex 3.52776 5.85 7.4
      vertex 1.5359 7 7.4
      vertex 3.4294 5.65056 7.4
    endloop
  endfacet
  facet normal 0 0 1
    outer loop
      vertex 4.15 3.52776 7.4
      vertex 3 1.5359 7.4
      vertex 3.46927 1.30448 7.4
    endloop
  endfacet
  facet normal -0 0 1
    outer loop
      vertex 1.30448 6.53073 7.4
      vertex 3.4294 5.65056 7.4
      vertex 1.5359 7 7.4
    endloop
  endfacet
  facet normal 0 0 1
    outer loop
      vertex 3.96511 3.6513 7.4
      vertex 2.56495 1.82659 7.4
      vertex 3 1.5359 7.4
    endloop
  endfacet
  facet normal 0 0 1
    outer loop
      vertex 3.4294 5.65056 7.4
      vertex 1.30448 6.53073 7.4
      vertex 3.35793 5.43999 7.4
    endloop
  endfacet
  facet normal 0 0 1
    outer loop
      vertex 3.79792 3.79792 7.4
      vertex 2.17157 2.17157 7.4
      vertex 2.56495 1.82659 7.4
    endloop
  endfacet
  facet normal -0 0 1
    outer loop
      vertex 1.1363 6.03528 7.4
      vertex 3.35793 5.43999 7.4
      vertex 1.30448 6.53073 7.4
    endloop
  endfacet
  facet normal 0 0 1
    outer loop
      vertex 3.6513 3.96511 7.4
      vertex 1.82659 2.56495 7.4
      vertex 2.17157 2.17157 7.4
    endloop
  endfacet
  facet normal 0 0 1
    outer loop
      vertex 3.35793 5.43999 7.4
      vertex 1.1363 6.03528 7.4
      vertex 3.31454 5.22189 7.4
    endloop
  endfacet
  facet normal 0 0 1
    outer loop
      vertex 3.52776 4.15 7.4
      vertex 1.5359 3 7.4
      vertex 1.82659 2.56495 7.4
    endloop
  endfacet
  facet normal -0 0 1
    outer loop
      vertex 1.03422 5.5221 7.4
      vertex 3.31454 5.22189 7.4
      vertex 1.1363 6.03528 7.4
    endloop
  endfacet
  facet normal 0 0 1
    outer loop
      vertex 3.4294 4.34944 7.4
      vertex 1.30448 3.46927 7.4
      vertex 1.5359 3 7.4
    endloop
  endfacet
  facet normal 0 0 1
    outer loop
      vertex 3.31454 5.22189 7.4
      vertex 1.03422 5.5221 7.4
      vertex 3.3 5 7.4
    endloop
  endfacet
  facet normal 0 0 1
    outer loop
      vertex 3.35793 4.56001 7.4
      vertex 1.1363 3.96472 7.4
      vertex 1.30448 3.46927 7.4
    endloop
  endfacet
  facet normal 0 0 1
    outer loop
      vertex 1 5 7.4
      vertex 3.3 5 7.4
      vertex 1.03422 5.5221 7.4
    endloop
  endfacet
  facet normal 0 0 1
    outer loop
      vertex 3.31454 4.7781 7.4
      vertex 1.03422 4.47789 7.4
      vertex 1.1363 3.96472 7.4
    endloop
  endfacet
  facet normal 0 0 1
    outer loop
      vertex 3.3 5 7.4
      vertex 1 5 7.4
      vertex 1.03422 4.47789 7.4
    endloop
  endfacet
  facet normal -0.980784 -0.195098 0
    outer loop
      vertex 1.1363 3.96472 2.4
      vertex 1.03422 4.47789 7.4
      vertex 1.03422 4.47789 2.4
    endloop
  endfacet
  facet normal -0.980784 -0.195098 0
    outer loop
      vertex 1.03422 4.47789 7.4
      vertex 1.1363 3.96472 2.4
      vertex 1.1363 3.96472 7.4
    endloop
  endfacet
  facet normal -0.946932 0.321435 0
    outer loop
      vertex 1.1363 6.03528 2.4
      vertex 1.30448 6.53073 7.4
      vertex 1.30448 6.53073 2.4
    endloop
  endfacet
  facet normal -0.946932 0.321435 0
    outer loop
      vertex 1.30448 6.53073 7.4
      vertex 1.1363 6.03528 2.4
      vertex 1.1363 6.03528 7.4
    endloop
  endfacet
  facet normal -0.442291 -0.896871 0
    outer loop
      vertex 3 1.5359 2.4
      vertex 3.46927 1.30448 7.4
      vertex 3 1.5359 7.4
    endloop
  endfacet
  facet normal -0.442291 -0.896871 -0
    outer loop
      vertex 3.46927 1.30448 7.4
      vertex 3 1.5359 2.4
      vertex 3.46927 1.30448 2.4
    endloop
  endfacet
  facet normal -0.555569 -0.831471 0
    outer loop
      vertex 2.56495 1.82659 2.4
      vertex 3 1.5359 7.4
      vertex 2.56495 1.82659 7.4
    endloop
  endfacet
  facet normal -0.555569 -0.831471 -0
    outer loop
      vertex 3 1.5359 7.4
      vertex 2.56495 1.82659 2.4
      vertex 3 1.5359 2.4
    endloop
  endfacet
  facet normal 0.0654027 0.997859 -0
    outer loop
      vertex 5.5221 8.96578 2.2
      vertex 5 9 7.4
      vertex 5.5221 8.96578 7.4
    endloop
  endfacet
  facet normal 0.0654027 0.997859 0
    outer loop
      vertex 5 9 7.4
      vertex 5.5221 8.96578 2.2
      vertex 5 9 2.2
    endloop
  endfacet
  facet normal -0.321444 -0.946929 0
    outer loop
      vertex 5.43999 6.64207 2.2
      vertex 5.65056 6.57059 7.4
      vertex 5.43999 6.64207 7.4
    endloop
  endfacet
  facet normal -0.321444 -0.946929 -0
    outer loop
      vertex 5.65056 6.57059 7.4
      vertex 5.43999 6.64207 2.2
      vertex 5.65056 6.57059 2.2
    endloop
  endfacet
  facet normal -0.896878 -0.442278 0
    outer loop
      vertex 6.57059 5.65056 2.2
      vertex 6.47224 5.85 7.4
      vertex 6.47224 5.85 2.2
    endloop
  endfacet
  facet normal -0.896878 -0.442278 0
    outer loop
      vertex 6.47224 5.85 7.4
      vertex 6.57059 5.65056 2.2
      vertex 6.57059 5.65056 7.4
    endloop
  endfacet
  facet normal -0.980779 -0.195122 0
    outer loop
      vertex 6.68546 5.22189 2.2
      vertex 6.64207 5.43999 7.4
      vertex 6.64207 5.43999 2.2
    endloop
  endfacet
  facet normal -0.980779 -0.195122 0
    outer loop
      vertex 6.64207 5.43999 7.4
      vertex 6.68546 5.22189 2.2
      vertex 6.68546 5.22189 7.4
    endloop
  endfacet
  facet normal -0.99786 -0.0653877 0
    outer loop
      vertex 6.7 5 2.2
      vertex 6.68546 5.22189 7.4
      vertex 6.68546 5.22189 2.2
    endloop
  endfacet
  facet normal -0.99786 -0.0653877 0
    outer loop
      vertex 6.68546 5.22189 7.4
      vertex 6.7 5 2.2
      vertex 6.7 5 7.4
    endloop
  endfacet
  facet normal 0.321444 -0.946929 0
    outer loop
      vertex 4.34944 6.57059 2.2
      vertex 4.56001 6.64207 7.4
      vertex 4.34944 6.57059 7.4
    endloop
  endfacet
  facet normal 0.321444 -0.946929 0
    outer loop
      vertex 4.56001 6.64207 7.4
      vertex 4.34944 6.57059 2.2
      vertex 4.56001 6.64207 2.2
    endloop
  endfacet
  facet normal -0.195122 0.980779 0
    outer loop
      vertex 5.43999 3.35793 2.2
      vertex 5.22189 3.31454 7.4
      vertex 5.43999 3.35793 7.4
    endloop
  endfacet
  facet normal -0.195122 0.980779 0
    outer loop
      vertex 5.22189 3.31454 7.4
      vertex 5.43999 3.35793 2.2
      vertex 5.22189 3.31454 2.2
    endloop
  endfacet
  facet normal 0.442278 -0.896878 0
    outer loop
      vertex 4.15 6.47224 2.2
      vertex 4.34944 6.57059 7.4
      vertex 4.15 6.47224 7.4
    endloop
  endfacet
  facet normal 0.442278 -0.896878 0
    outer loop
      vertex 4.34944 6.57059 7.4
      vertex 4.15 6.47224 2.2
      vertex 4.34944 6.57059 2.2
    endloop
  endfacet
  facet normal 0.831469 -0.555572 0
    outer loop
      vertex 3.52776 5.85 7.4
      vertex 3.6513 6.03489 2.2
      vertex 3.6513 6.03489 7.4
    endloop
  endfacet
  facet normal 0.831469 -0.555572 0
    outer loop
      vertex 3.6513 6.03489 2.2
      vertex 3.52776 5.85 7.4
      vertex 3.52776 5.85 2.2
    endloop
  endfacet
  facet normal -0.980777 0.19513 0
    outer loop
      vertex 6.64207 4.56001 2.2
      vertex 6.68546 4.7781 7.4
      vertex 6.68546 4.7781 2.2
    endloop
  endfacet
  facet normal -0.980777 0.19513 0
    outer loop
      vertex 6.68546 4.7781 7.4
      vertex 6.64207 4.56001 2.2
      vertex 6.64207 4.56001 7.4
    endloop
  endfacet
  facet normal 0.751844 -0.659342 0
    outer loop
      vertex 3.6513 6.03489 7.4
      vertex 3.79792 6.20208 2.2
      vertex 3.79792 6.20208 7.4
    endloop
  endfacet
  facet normal 0.751844 -0.659342 0
    outer loop
      vertex 3.79792 6.20208 2.2
      vertex 3.6513 6.03489 7.4
      vertex 3.6513 6.03489 2.2
    endloop
  endfacet
  facet normal -0.946929 0.321444 0
    outer loop
      vertex 6.57059 4.34944 2.2
      vertex 6.64207 4.56001 7.4
      vertex 6.64207 4.56001 2.2
    endloop
  endfacet
  facet normal -0.946929 0.321444 0
    outer loop
      vertex 6.64207 4.56001 7.4
      vertex 6.57059 4.34944 2.2
      vertex 6.57059 4.34944 7.4
    endloop
  endfacet
  facet normal 0.946942 -0.321404 0
    outer loop
      vertex 3.35793 5.43999 7.4
      vertex 3.4294 5.65056 2.2
      vertex 3.4294 5.65056 7.4
    endloop
  endfacet
  facet normal 0.946942 -0.321404 0
    outer loop
      vertex 3.4294 5.65056 2.2
      vertex 3.35793 5.43999 7.4
      vertex 3.35793 5.43999 2.2
    endloop
  endfacet
  facet normal 0.555572 -0.831469 0
    outer loop
      vertex 3.96511 6.3487 2.2
      vertex 4.15 6.47224 7.4
      vertex 3.96511 6.3487 7.4
    endloop
  endfacet
  facet normal 0.555572 -0.831469 0
    outer loop
      vertex 4.15 6.47224 7.4
      vertex 3.96511 6.3487 2.2
      vertex 4.15 6.47224 2.2
    endloop
  endfacet
  facet normal -0.896878 0.442278 0
    outer loop
      vertex 6.47224 4.15 2.2
      vertex 6.57059 4.34944 7.4
      vertex 6.57059 4.34944 2.2
    endloop
  endfacet
  facet normal -0.896878 0.442278 0
    outer loop
      vertex 6.57059 4.34944 7.4
      vertex 6.47224 4.15 2.2
      vertex 6.47224 4.15 7.4
    endloop
  endfacet
  facet normal -0.659342 0.751844 0
    outer loop
      vertex 6.20208 3.79792 2.2
      vertex 6.03489 3.6513 7.4
      vertex 6.20208 3.79792 7.4
    endloop
  endfacet
  facet normal -0.659342 0.751844 0
    outer loop
      vertex 6.03489 3.6513 7.4
      vertex 6.20208 3.79792 2.2
      vertex 6.03489 3.6513 2.2
    endloop
  endfacet
  facet normal 0.99786 -0.0653877 0
    outer loop
      vertex 3.3 5 7.4
      vertex 3.31454 5.22189 2.2
      vertex 3.31454 5.22189 7.4
    endloop
  endfacet
  facet normal 0.99786 -0.0653877 0
    outer loop
      vertex 3.31454 5.22189 2.2
      vertex 3.3 5 7.4
      vertex 3.3 5 2.2
    endloop
  endfacet
  facet normal -0.946929 -0.321444 0
    outer loop
      vertex 6.64207 5.43999 2.2
      vertex 6.57059 5.65056 7.4
      vertex 6.57059 5.65056 2.2
    endloop
  endfacet
  facet normal -0.946929 -0.321444 0
    outer loop
      vertex 6.57059 5.65056 7.4
      vertex 6.64207 5.43999 2.2
      vertex 6.64207 5.43999 7.4
    endloop
  endfacet
  facet normal -0.555572 -0.831469 0
    outer loop
      vertex 5.85 6.47224 2.2
      vertex 6.03489 6.3487 7.4
      vertex 5.85 6.47224 7.4
    endloop
  endfacet
  facet normal -0.555572 -0.831469 -0
    outer loop
      vertex 6.03489 6.3487 7.4
      vertex 5.85 6.47224 2.2
      vertex 6.03489 6.3487 2.2
    endloop
  endfacet
  facet normal -0.0653877 0.99786 0
    outer loop
      vertex 5.22189 3.31454 2.2
      vertex 5 3.3 7.4
      vertex 5.22189 3.31454 7.4
    endloop
  endfacet
  facet normal -0.0653877 0.99786 0
    outer loop
      vertex 5 3.3 7.4
      vertex 5.22189 3.31454 2.2
      vertex 5 3.3 2.2
    endloop
  endfacet
  facet normal 0.89686 -0.442314 0
    outer loop
      vertex 3.4294 5.65056 7.4
      vertex 3.52776 5.85 2.2
      vertex 3.52776 5.85 7.4
    endloop
  endfacet
  facet normal 0.89686 -0.442314 0
    outer loop
      vertex 3.52776 5.85 2.2
      vertex 3.4294 5.65056 7.4
      vertex 3.4294 5.65056 2.2
    endloop
  endfacet
  facet normal -0.751844 -0.659342 0
    outer loop
      vertex 6.3487 6.03489 2.2
      vertex 6.20208 6.20208 7.4
      vertex 6.20208 6.20208 2.2
    endloop
  endfacet
  facet normal -0.751844 -0.659342 0
    outer loop
      vertex 6.20208 6.20208 7.4
      vertex 6.3487 6.03489 2.2
      vertex 6.3487 6.03489 7.4
    endloop
  endfacet
  facet normal -0.831469 -0.555572 0
    outer loop
      vertex 6.47224 5.85 2.2
      vertex 6.3487 6.03489 7.4
      vertex 6.3487 6.03489 2.2
    endloop
  endfacet
  facet normal -0.831469 -0.555572 0
    outer loop
      vertex 6.3487 6.03489 7.4
      vertex 6.47224 5.85 2.2
      vertex 6.47224 5.85 7.4
    endloop
  endfacet
  facet normal 0.659342 -0.751844 0
    outer loop
      vertex 3.79792 6.20208 2.2
      vertex 3.96511 6.3487 7.4
      vertex 3.79792 6.20208 7.4
    endloop
  endfacet
  facet normal 0.659342 -0.751844 0
    outer loop
      vertex 3.96511 6.3487 7.4
      vertex 3.79792 6.20208 2.2
      vertex 3.96511 6.3487 2.2
    endloop
  endfacet
  facet normal 0.980777 0.19513 0
    outer loop
      vertex 3.35793 4.56001 7.4
      vertex 3.31454 4.7781 2.2
      vertex 3.31454 4.7781 7.4
    endloop
  endfacet
  facet normal 0.980777 0.19513 0
    outer loop
      vertex 3.31454 4.7781 2.2
      vertex 3.35793 4.56001 7.4
      vertex 3.35793 4.56001 2.2
    endloop
  endfacet
  facet normal 0.19513 -0.980777 0
    outer loop
      vertex 4.56001 6.64207 2.2
      vertex 4.7781 6.68546 7.4
      vertex 4.56001 6.64207 7.4
    endloop
  endfacet
  facet normal 0.19513 -0.980777 0
    outer loop
      vertex 4.7781 6.68546 7.4
      vertex 4.56001 6.64207 2.2
      vertex 4.7781 6.68546 2.2
    endloop
  endfacet
  facet normal 0.0653848 -0.99786 0
    outer loop
      vertex 4.7781 6.68546 2.2
      vertex 5 6.7 7.4
      vertex 4.7781 6.68546 7.4
    endloop
  endfacet
  facet normal 0.0653848 -0.99786 0
    outer loop
      vertex 5 6.7 7.4
      vertex 4.7781 6.68546 2.2
      vertex 5 6.7 2.2
    endloop
  endfacet
  facet normal 0.946942 0.321404 0
    outer loop
      vertex 3.4294 4.34944 7.4
      vertex 3.35793 4.56001 2.2
      vertex 3.35793 4.56001 7.4
    endloop
  endfacet
  facet normal 0.946942 0.321404 0
    outer loop
      vertex 3.35793 4.56001 2.2
      vertex 3.4294 4.34944 7.4
      vertex 3.4294 4.34944 2.2
    endloop
  endfacet
  facet normal 0.751844 0.659342 0
    outer loop
      vertex 3.79792 3.79792 7.4
      vertex 3.6513 3.96511 2.2
      vertex 3.6513 3.96511 7.4
    endloop
  endfacet
  facet normal 0.751844 0.659342 0
    outer loop
      vertex 3.6513 3.96511 2.2
      vertex 3.79792 3.79792 7.4
      vertex 3.79792 3.79792 2.2
    endloop
  endfacet
  facet normal -0.99786 0.0653848 0
    outer loop
      vertex 6.68546 4.7781 2.2
      vertex 6.7 5 7.4
      vertex 6.7 5 2.2
    endloop
  endfacet
  facet normal -0.99786 0.0653848 0
    outer loop
      vertex 6.7 5 7.4
      vertex 6.68546 4.7781 2.2
      vertex 6.68546 4.7781 7.4
    endloop
  endfacet
  facet normal -0.442278 -0.896878 0
    outer loop
      vertex 5.65056 6.57059 2.2
      vertex 5.85 6.47224 7.4
      vertex 5.65056 6.57059 7.4
    endloop
  endfacet
  facet normal -0.442278 -0.896878 -0
    outer loop
      vertex 5.85 6.47224 7.4
      vertex 5.65056 6.57059 2.2
      vertex 5.85 6.47224 2.2
    endloop
  endfacet
  facet normal -0.831469 0.555572 0
    outer loop
      vertex 6.3487 3.96511 2.2
      vertex 6.47224 4.15 7.4
      vertex 6.47224 4.15 2.2
    endloop
  endfacet
  facet normal -0.831469 0.555572 0
    outer loop
      vertex 6.47224 4.15 7.4
      vertex 6.3487 3.96511 2.2
      vertex 6.3487 3.96511 7.4
    endloop
  endfacet
  facet normal 0.831469 0.555572 0
    outer loop
      vertex 3.6513 3.96511 7.4
      vertex 3.52776 4.15 2.2
      vertex 3.52776 4.15 7.4
    endloop
  endfacet
  facet normal 0.831469 0.555572 0
    outer loop
      vertex 3.52776 4.15 2.2
      vertex 3.6513 3.96511 7.4
      vertex 3.6513 3.96511 2.2
    endloop
  endfacet
  facet normal -0.442314 0.89686 0
    outer loop
      vertex 5.85 3.52776 2.2
      vertex 5.65056 3.4294 7.4
      vertex 5.85 3.52776 7.4
    endloop
  endfacet
  facet normal -0.442314 0.89686 0
    outer loop
      vertex 5.65056 3.4294 7.4
      vertex 5.85 3.52776 2.2
      vertex 5.65056 3.4294 2.2
    endloop
  endfacet
  facet normal -0.0653877 -0.99786 0
    outer loop
      vertex 5 6.7 2.2
      vertex 5.22189 6.68546 7.4
      vertex 5 6.7 7.4
    endloop
  endfacet
  facet normal -0.0653877 -0.99786 -0
    outer loop
      vertex 5.22189 6.68546 7.4
      vertex 5 6.7 2.2
      vertex 5.22189 6.68546 2.2
    endloop
  endfacet
  facet normal 0.980779 -0.195122 0
    outer loop
      vertex 3.31454 5.22189 7.4
      vertex 3.35793 5.43999 2.2
      vertex 3.35793 5.43999 7.4
    endloop
  endfacet
  facet normal 0.980779 -0.195122 0
    outer loop
      vertex 3.35793 5.43999 2.2
      vertex 3.31454 5.22189 7.4
      vertex 3.31454 5.22189 2.2
    endloop
  endfacet
  facet normal 0.0653848 0.99786 -0
    outer loop
      vertex 5 3.3 2.2
      vertex 4.7781 3.31454 7.4
      vertex 5 3.3 7.4
    endloop
  endfacet
  facet normal 0.0653848 0.99786 0
    outer loop
      vertex 4.7781 3.31454 7.4
      vertex 5 3.3 2.2
      vertex 4.7781 3.31454 2.2
    endloop
  endfacet
  facet normal -0.659342 -0.751844 0
    outer loop
      vertex 6.03489 6.3487 2.2
      vertex 6.20208 6.20208 7.4
      vertex 6.03489 6.3487 7.4
    endloop
  endfacet
  facet normal -0.659342 -0.751844 -0
    outer loop
      vertex 6.20208 6.20208 7.4
      vertex 6.03489 6.3487 2.2
      vertex 6.20208 6.20208 2.2
    endloop
  endfacet
  facet normal -0.321404 0.946942 0
    outer loop
      vertex 5.65056 3.4294 2.2
      vertex 5.43999 3.35793 7.4
      vertex 5.65056 3.4294 7.4
    endloop
  endfacet
  facet normal -0.321404 0.946942 0
    outer loop
      vertex 5.43999 3.35793 7.4
      vertex 5.65056 3.4294 2.2
      vertex 5.43999 3.35793 2.2
    endloop
  endfacet
  facet normal 0.99786 0.0653848 0
    outer loop
      vertex 3.31454 4.7781 7.4
      vertex 3.3 5 2.2
      vertex 3.3 5 7.4
    endloop
  endfacet
  facet normal 0.99786 0.0653848 0
    outer loop
      vertex 3.3 5 2.2
      vertex 3.31454 4.7781 7.4
      vertex 3.31454 4.7781 2.2
    endloop
  endfacet
  facet normal 0.659342 0.751844 -0
    outer loop
      vertex 3.96511 3.6513 2.2
      vertex 3.79792 3.79792 7.4
      vertex 3.96511 3.6513 7.4
    endloop
  endfacet
  facet normal 0.659342 0.751844 0
    outer loop
      vertex 3.79792 3.79792 7.4
      vertex 3.96511 3.6513 2.2
      vertex 3.79792 3.79792 2.2
    endloop
  endfacet
  facet normal 0.555572 0.831469 -0
    outer loop
      vertex 4.15 3.52776 2.2
      vertex 3.96511 3.6513 7.4
      vertex 4.15 3.52776 7.4
    endloop
  endfacet
  facet normal 0.555572 0.831469 0
    outer loop
      vertex 3.96511 3.6513 7.4
      vertex 4.15 3.52776 2.2
      vertex 3.96511 3.6513 2.2
    endloop
  endfacet
  facet normal 0.442314 0.89686 -0
    outer loop
      vertex 4.34944 3.4294 2.2
      vertex 4.15 3.52776 7.4
      vertex 4.34944 3.4294 7.4
    endloop
  endfacet
  facet normal 0.442314 0.89686 0
    outer loop
      vertex 4.15 3.52776 7.4
      vertex 4.34944 3.4294 2.2
      vertex 4.15 3.52776 2.2
    endloop
  endfacet
  facet normal -0.195122 -0.980779 0
    outer loop
      vertex 5.22189 6.68546 2.2
      vertex 5.43999 6.64207 7.4
      vertex 5.22189 6.68546 7.4
    endloop
  endfacet
  facet normal -0.195122 -0.980779 -0
    outer loop
      vertex 5.43999 6.64207 7.4
      vertex 5.22189 6.68546 2.2
      vertex 5.43999 6.64207 2.2
    endloop
  endfacet
  facet normal -0.555572 0.831469 0
    outer loop
      vertex 6.03489 3.6513 2.2
      vertex 5.85 3.52776 7.4
      vertex 6.03489 3.6513 7.4
    endloop
  endfacet
  facet normal -0.555572 0.831469 0
    outer loop
      vertex 5.85 3.52776 7.4
      vertex 6.03489 3.6513 2.2
      vertex 5.85 3.52776 2.2
    endloop
  endfacet
  facet normal 0.89686 0.442314 0
    outer loop
      vertex 3.52776 4.15 7.4
      vertex 3.4294 4.34944 2.2
      vertex 3.4294 4.34944 7.4
    endloop
  endfacet
  facet normal 0.89686 0.442314 0
    outer loop
      vertex 3.4294 4.34944 2.2
      vertex 3.52776 4.15 7.4
      vertex 3.52776 4.15 2.2
    endloop
  endfacet
  facet normal 0.321404 0.946942 -0
    outer loop
      vertex 4.56001 3.35793 2.2
      vertex 4.34944 3.4294 7.4
      vertex 4.56001 3.35793 7.4
    endloop
  endfacet
  facet normal 0.321404 0.946942 0
    outer loop
      vertex 4.34944 3.4294 7.4
      vertex 4.56001 3.35793 2.2
      vertex 4.34944 3.4294 2.2
    endloop
  endfacet
  facet normal -0.751844 0.659342 0
    outer loop
      vertex 6.20208 3.79792 2.2
      vertex 6.3487 3.96511 7.4
      vertex 6.3487 3.96511 2.2
    endloop
  endfacet
  facet normal -0.751844 0.659342 0
    outer loop
      vertex 6.3487 3.96511 7.4
      vertex 6.20208 3.79792 2.2
      vertex 6.20208 3.79792 7.4
    endloop
  endfacet
  facet normal 0.19513 0.980777 -0
    outer loop
      vertex 4.7781 3.31454 2.2
      vertex 4.56001 3.35793 7.4
      vertex 4.7781 3.31454 7.4
    endloop
  endfacet
  facet normal 0.19513 0.980777 0
    outer loop
      vertex 4.56001 3.35793 7.4
      vertex 4.7781 3.31454 2.2
      vertex 4.56001 3.35793 2.2
    endloop
  endfacet
  facet normal 0.980814 0.194947 0
    outer loop
      vertex 148.966 5.5221 7.4
      vertex 148.864 6.03528 2.4
      vertex 148.864 6.03528 7.4
    endloop
  endfacet
  facet normal 0.980814 0.194947 0
    outer loop
      vertex 148.864 6.03528 2.4
      vertex 148.966 5.5221 7.4
      vertex 148.966 5.5221 2.4
    endloop
  endfacet
  facet normal 0.997886 0.064984 0
    outer loop
      vertex 149 5 7.4
      vertex 148.966 5.5221 2.4
      vertex 148.966 5.5221 7.4
    endloop
  endfacet
  facet normal 0.997886 0.064984 0
    outer loop
      vertex 148.966 5.5221 2.4
      vertex 149 5 7.4
      vertex 149 5 2.4
    endloop
  endfacet
  facet normal 0.947036 0.321126 0
    outer loop
      vertex 148.864 6.03528 7.4
      vertex 148.696 6.53073 2.4
      vertex 148.696 6.53073 7.4
    endloop
  endfacet
  facet normal 0.947036 0.321126 0
    outer loop
      vertex 148.696 6.53073 2.4
      vertex 148.864 6.03528 7.4
      vertex 148.864 6.03528 2.4
    endloop
  endfacet
  facet normal 0.751826 -0.659362 0
    outer loop
      vertex 147.828 2.17157 7.4
      vertex 148.173 2.56495 2.4
      vertex 148.173 2.56495 7.4
    endloop
  endfacet
  facet normal 0.751826 -0.659362 0
    outer loop
      vertex 148.173 2.56495 2.4
      vertex 147.828 2.17157 7.4
      vertex 147.828 2.17157 2.4
    endloop
  endfacet
  facet normal 0.659701 -0.751529 0
    outer loop
      vertex 147.435 1.82659 2.4
      vertex 147.828 2.17157 7.4
      vertex 147.435 1.82659 7.4
    endloop
  endfacet
  facet normal 0.659701 -0.751529 0
    outer loop
      vertex 147.828 2.17157 7.4
      vertex 147.435 1.82659 2.4
      vertex 147.828 2.17157 2.4
    endloop
  endfacet
  facet normal 0.980813 -0.194951 0
    outer loop
      vertex 148.864 3.96472 7.4
      vertex 148.966 4.47789 2.4
      vertex 148.966 4.47789 7.4
    endloop
  endfacet
  facet normal 0.980813 -0.194951 0
    outer loop
      vertex 148.966 4.47789 2.4
      vertex 148.864 3.96472 7.4
      vertex 148.864 3.96472 2.4
    endloop
  endfacet
  facet normal -0.555613 0.831441 0
    outer loop
      vertex 143 8.4641 2.2
      vertex 142.565 8.17341 7.4
      vertex 143 8.4641 7.4
    endloop
  endfacet
  facet normal -0.555613 0.831441 0
    outer loop
      vertex 142.565 8.17341 7.4
      vertex 143 8.4641 2.2
      vertex 142.565 8.17341 2.2
    endloop
  endfacet
  facet normal -0.997886 0.064984 0
    outer loop
      vertex 141 5 2.2
      vertex 141.034 5.5221 7.4
      vertex 141.034 5.5221 2.2
    endloop
  endfacet
  facet normal -0.997886 0.064984 0
    outer loop
      vertex 141.034 5.5221 7.4
      vertex 141 5 2.2
      vertex 141 5 7.4
    endloop
  endfacet
  facet normal 0.321115 0.94704 -0
    outer loop
      vertex 146.531 8.69552 2.2
      vertex 146.035 8.8637 7.4
      vertex 146.531 8.69552 7.4
    endloop
  endfacet
  facet normal 0.321115 0.94704 0
    outer loop
      vertex 146.035 8.8637 7.4
      vertex 146.531 8.69552 2.2
      vertex 146.035 8.8637 2.2
    endloop
  endfacet
  facet normal 0.947036 -0.321126 0
    outer loop
      vertex 148.696 3.46927 7.4
      vertex 148.864 3.96472 2.4
      vertex 148.864 3.96472 7.4
    endloop
  endfacet
  facet normal 0.947036 -0.321126 0
    outer loop
      vertex 148.864 3.96472 2.4
      vertex 148.696 3.46927 7.4
      vertex 148.696 3.46927 2.4
    endloop
  endfacet
  facet normal 0.442496 -0.89677 0
    outer loop
      vertex 146.531 1.30448 2.4
      vertex 147 1.5359 7.4
      vertex 146.531 1.30448 7.4
    endloop
  endfacet
  facet normal 0.442496 -0.89677 0
    outer loop
      vertex 147 1.5359 7.4
      vertex 146.531 1.30448 2.4
      vertex 147 1.5359 2.4
    endloop
  endfacet
  facet normal -0.947036 -0.321126 0
    outer loop
      vertex 141.304 3.46927 2.2
      vertex 141.136 3.96472 7.4
      vertex 141.136 3.96472 2.2
    endloop
  endfacet
  facet normal -0.947036 -0.321126 0
    outer loop
      vertex 141.136 3.96472 7.4
      vertex 141.304 3.46927 2.2
      vertex 141.304 3.46927 7.4
    endloop
  endfacet
  facet normal 0.555613 0.831441 -0
    outer loop
      vertex 147.435 8.17341 2.4
      vertex 147 8.4641 7.4
      vertex 147.435 8.17341 7.4
    endloop
  endfacet
  facet normal 0.555613 0.831441 0
    outer loop
      vertex 147 8.4641 7.4
      vertex 147.435 8.17341 2.4
      vertex 147 8.4641 2.4
    endloop
  endfacet
  facet normal 0.831197 -0.555978 0
    outer loop
      vertex 148.173 2.56495 7.4
      vertex 148.464 3 2.4
      vertex 148.464 3 7.4
    endloop
  endfacet
  facet normal 0.831197 -0.555978 0
    outer loop
      vertex 148.464 3 2.4
      vertex 148.173 2.56495 7.4
      vertex 148.173 2.56495 2.4
    endloop
  endfacet
  facet normal -0.896432 -0.443182 -0
    outer loop
      vertex 141.536 3 2.4
      vertex 141.304 3.46927 2.2
      vertex 141.536 3 2.2
    endloop
  endfacet
  facet normal -0.896432 -0.443182 0
    outer loop
      vertex 141.304 3.46927 2.2
      vertex 141.536 3 2.4
      vertex 141.304 3.46927 7.4
    endloop
  endfacet
  facet normal -0.896432 -0.443182 0
    outer loop
      vertex 141.304 3.46927 7.4
      vertex 141.536 3 2.4
      vertex 141.536 3 7.4
    endloop
  endfacet
  facet normal -0.0654151 0.997858 0
    outer loop
      vertex 145 9 2.2
      vertex 144.478 8.96578 7.4
      vertex 145 9 7.4
    endloop
  endfacet
  facet normal -0.0654151 0.997858 0
    outer loop
      vertex 144.478 8.96578 7.4
      vertex 145 9 2.2
      vertex 144.478 8.96578 2.2
    endloop
  endfacet
  facet normal -0.751826 0.659362 0
    outer loop
      vertex 141.827 7.43505 2.2
      vertex 142.172 7.82843 7.4
      vertex 142.172 7.82843 2.2
    endloop
  endfacet
  facet normal -0.751826 0.659362 0
    outer loop
      vertex 142.172 7.82843 7.4
      vertex 141.827 7.43505 2.2
      vertex 141.827 7.43505 7.4
    endloop
  endfacet
  facet normal -0.321115 -0.94704 0
    outer loop
      vertex 143.469 1.30448 2.4
      vertex 143.965 1.1363 7.4
      vertex 143.469 1.30448 7.4
    endloop
  endfacet
  facet normal -0.321115 -0.94704 -0
    outer loop
      vertex 143.965 1.1363 7.4
      vertex 143.469 1.30448 2.4
      vertex 143.965 1.1363 2.4
    endloop
  endfacet
  facet normal 0.751826 0.659362 0
    outer loop
      vertex 148.173 7.43505 7.4
      vertex 147.828 7.82843 2.4
      vertex 147.828 7.82843 7.4
    endloop
  endfacet
  facet normal 0.751826 0.659362 0
    outer loop
      vertex 147.828 7.82843 2.4
      vertex 148.173 7.43505 7.4
      vertex 148.173 7.43505 2.4
    endloop
  endfacet
  facet normal -0.659701 0.751529 0
    outer loop
      vertex 142.565 8.17341 2.2
      vertex 142.172 7.82843 7.4
      vertex 142.565 8.17341 7.4
    endloop
  endfacet
  facet normal -0.659701 0.751529 0
    outer loop
      vertex 142.172 7.82843 7.4
      vertex 142.565 8.17341 2.2
      vertex 142.172 7.82843 2.2
    endloop
  endfacet
  facet normal -0.442496 0.89677 0
    outer loop
      vertex 143.469 8.69552 2.2
      vertex 143 8.4641 7.4
      vertex 143.469 8.69552 7.4
    endloop
  endfacet
  facet normal -0.442496 0.89677 0
    outer loop
      vertex 143 8.4641 7.4
      vertex 143.469 8.69552 2.2
      vertex 143 8.4641 2.2
    endloop
  endfacet
  facet normal 0.896432 0.443182 0
    outer loop
      vertex 148.696 6.53073 7.4
      vertex 148.464 7 2.4
      vertex 148.464 7 7.4
    endloop
  endfacet
  facet normal 0.896432 0.443182 0
    outer loop
      vertex 148.464 7 2.4
      vertex 148.696 6.53073 7.4
      vertex 148.696 6.53073 2.4
    endloop
  endfacet
  facet normal 0.19516 0.980771 -0
    outer loop
      vertex 146.035 8.8637 2.2
      vertex 145.522 8.96578 7.4
      vertex 146.035 8.8637 7.4
    endloop
  endfacet
  facet normal 0.19516 0.980771 0
    outer loop
      vertex 145.522 8.96578 7.4
      vertex 146.035 8.8637 2.2
      vertex 145.522 8.96578 2.2
    endloop
  endfacet
  facet normal 0.19516 -0.980771 0
    outer loop
      vertex 145.522 1.03422 2.4
      vertex 146.035 1.1363 7.4
      vertex 145.522 1.03422 7.4
    endloop
  endfacet
  facet normal 0.19516 -0.980771 0
    outer loop
      vertex 146.035 1.1363 7.4
      vertex 145.522 1.03422 2.4
      vertex 146.035 1.1363 2.4
    endloop
  endfacet
  facet normal -0.896432 0.443182 0
    outer loop
      vertex 141.304 6.53073 2.2
      vertex 141.536 7 7.4
      vertex 141.536 7 2.2
    endloop
  endfacet
  facet normal -0.896432 0.443182 0
    outer loop
      vertex 141.536 7 7.4
      vertex 141.304 6.53073 2.2
      vertex 141.304 6.53073 7.4
    endloop
  endfacet
  facet normal 0.442496 0.89677 -0
    outer loop
      vertex 147 8.4641 2.4
      vertex 146.531 8.69552 7.4
      vertex 147 8.4641 7.4
    endloop
  endfacet
  facet normal 0.442496 0.89677 0
    outer loop
      vertex 146.531 8.69552 2.2
      vertex 147 8.4641 2.4
      vertex 147 8.4641 2.2
    endloop
  endfacet
  facet normal 0.442496 0.89677 0
    outer loop
      vertex 147 8.4641 2.4
      vertex 146.531 8.69552 2.2
      vertex 146.531 8.69552 7.4
    endloop
  endfacet
  facet normal 0.997886 -0.0649827 0
    outer loop
      vertex 148.966 4.47789 7.4
      vertex 149 5 2.4
      vertex 149 5 7.4
    endloop
  endfacet
  facet normal 0.997886 -0.0649827 0
    outer loop
      vertex 149 5 2.4
      vertex 148.966 4.47789 7.4
      vertex 148.966 4.47789 2.4
    endloop
  endfacet
  facet normal -0.19516 0.980771 0
    outer loop
      vertex 144.478 8.96578 2.2
      vertex 143.965 8.8637 7.4
      vertex 144.478 8.96578 7.4
    endloop
  endfacet
  facet normal -0.19516 0.980771 0
    outer loop
      vertex 143.965 8.8637 7.4
      vertex 144.478 8.96578 2.2
      vertex 143.965 8.8637 2.2
    endloop
  endfacet
  facet normal 0.831197 0.555978 0
    outer loop
      vertex 148.464 7 7.4
      vertex 148.173 7.43505 2.4
      vertex 148.173 7.43505 7.4
    endloop
  endfacet
  facet normal 0.831197 0.555978 0
    outer loop
      vertex 148.173 7.43505 2.4
      vertex 148.464 7 7.4
      vertex 148.464 7 2.4
    endloop
  endfacet
  facet normal -0.321115 0.94704 0
    outer loop
      vertex 143.965 8.8637 2.2
      vertex 143.469 8.69552 7.4
      vertex 143.965 8.8637 7.4
    endloop
  endfacet
  facet normal -0.321115 0.94704 0
    outer loop
      vertex 143.469 8.69552 7.4
      vertex 143.965 8.8637 2.2
      vertex 143.469 8.69552 2.2
    endloop
  endfacet
  facet normal -0.751826 -0.659362 0
    outer loop
      vertex 142.172 2.17157 2.4
      vertex 141.827 2.56495 7.4
      vertex 141.827 2.56495 2.4
    endloop
  endfacet
  facet normal -0.751826 -0.659362 0
    outer loop
      vertex 141.827 2.56495 7.4
      vertex 142.172 2.17157 2.4
      vertex 142.172 2.17157 7.4
    endloop
  endfacet
  facet normal -0.0654151 -0.997858 0
    outer loop
      vertex 144.478 1.03422 2.4
      vertex 145 1 7.4
      vertex 144.478 1.03422 7.4
    endloop
  endfacet
  facet normal -0.0654151 -0.997858 -0
    outer loop
      vertex 145 1 7.4
      vertex 144.478 1.03422 2.4
      vertex 145 1 2.4
    endloop
  endfacet
  facet normal 0.321115 -0.94704 0
    outer loop
      vertex 146.035 1.1363 2.4
      vertex 146.531 1.30448 7.4
      vertex 146.035 1.1363 7.4
    endloop
  endfacet
  facet normal 0.321115 -0.94704 0
    outer loop
      vertex 146.531 1.30448 7.4
      vertex 146.035 1.1363 2.4
      vertex 146.531 1.30448 2.4
    endloop
  endfacet
  facet normal 0.555613 -0.831441 0
    outer loop
      vertex 147 1.5359 2.4
      vertex 147.435 1.82659 7.4
      vertex 147 1.5359 7.4
    endloop
  endfacet
  facet normal 0.555613 -0.831441 0
    outer loop
      vertex 147.435 1.82659 7.4
      vertex 147 1.5359 2.4
      vertex 147.435 1.82659 2.4
    endloop
  endfacet
  facet normal -0.831197 -0.555978 0
    outer loop
      vertex 141.827 2.56495 2.4
      vertex 141.536 3 7.4
      vertex 141.536 3 2.4
    endloop
  endfacet
  facet normal -0.831197 -0.555978 0
    outer loop
      vertex 141.536 3 7.4
      vertex 141.827 2.56495 2.4
      vertex 141.827 2.56495 7.4
    endloop
  endfacet
  facet normal -0.659701 -0.751529 0
    outer loop
      vertex 142.172 2.17157 2.4
      vertex 142.565 1.82659 7.4
      vertex 142.172 2.17157 7.4
    endloop
  endfacet
  facet normal -0.659701 -0.751529 -0
    outer loop
      vertex 142.565 1.82659 7.4
      vertex 142.172 2.17157 2.4
      vertex 142.565 1.82659 2.4
    endloop
  endfacet
  facet normal 0.896432 -0.443182 0
    outer loop
      vertex 148.464 3 7.4
      vertex 148.696 3.46927 2.4
      vertex 148.696 3.46927 7.4
    endloop
  endfacet
  facet normal 0.896432 -0.443182 0
    outer loop
      vertex 148.696 3.46927 2.4
      vertex 148.464 3 7.4
      vertex 148.464 3 2.4
    endloop
  endfacet
  facet normal -0.980814 0.194947 0
    outer loop
      vertex 141.034 5.5221 2.2
      vertex 141.136 6.03528 7.4
      vertex 141.136 6.03528 2.2
    endloop
  endfacet
  facet normal -0.980814 0.194947 0
    outer loop
      vertex 141.136 6.03528 7.4
      vertex 141.034 5.5221 2.2
      vertex 141.034 5.5221 7.4
    endloop
  endfacet
  facet normal -0.19516 -0.980771 0
    outer loop
      vertex 143.965 1.1363 2.4
      vertex 144.478 1.03422 7.4
      vertex 143.965 1.1363 7.4
    endloop
  endfacet
  facet normal -0.19516 -0.980771 -0
    outer loop
      vertex 144.478 1.03422 7.4
      vertex 143.965 1.1363 2.4
      vertex 144.478 1.03422 2.4
    endloop
  endfacet
  facet normal 0.0654151 -0.997858 0
    outer loop
      vertex 145 1 2.4
      vertex 145.522 1.03422 7.4
      vertex 145 1 7.4
    endloop
  endfacet
  facet normal 0.0654151 -0.997858 0
    outer loop
      vertex 145.522 1.03422 7.4
      vertex 145 1 2.4
      vertex 145.522 1.03422 2.4
    endloop
  endfacet
  facet normal -0.831197 0.555978 0
    outer loop
      vertex 141.536 7 2.2
      vertex 141.827 7.43505 7.4
      vertex 141.827 7.43505 2.2
    endloop
  endfacet
  facet normal -0.831197 0.555978 0
    outer loop
      vertex 141.827 7.43505 7.4
      vertex 141.536 7 2.2
      vertex 141.536 7 7.4
    endloop
  endfacet
  facet normal 0.659701 0.751529 -0
    outer loop
      vertex 147.828 7.82843 2.4
      vertex 147.435 8.17341 7.4
      vertex 147.828 7.82843 7.4
    endloop
  endfacet
  facet normal 0.659701 0.751529 0
    outer loop
      vertex 147.435 8.17341 7.4
      vertex 147.828 7.82843 2.4
      vertex 147.435 8.17341 2.4
    endloop
  endfacet
  facet normal -0.997886 -0.0649827 0
    outer loop
      vertex 141.034 4.47789 2.2
      vertex 141 5 7.4
      vertex 141 5 2.2
    endloop
  endfacet
  facet normal -0.997886 -0.0649827 0
    outer loop
      vertex 141 5 7.4
      vertex 141.034 4.47789 2.2
      vertex 141.034 4.47789 7.4
    endloop
  endfacet
  facet normal 0 0 -1
    outer loop
      vertex 147 3 2.2
      vertex 146.7 5 2.2
      vertex 147 8.4641 2.2
    endloop
  endfacet
  facet normal 0 0 -1
    outer loop
      vertex 147 3 2.2
      vertex 146.685 4.7781 2.2
      vertex 146.7 5 2.2
    endloop
  endfacet
  facet normal 0 0 -1
    outer loop
      vertex 147 3 2.2
      vertex 146.642 4.56001 2.2
      vertex 146.685 4.7781 2.2
    endloop
  endfacet
  facet normal 0 0 -1
    outer loop
      vertex 147 3 2.2
      vertex 146.571 4.34944 2.2
      vertex 146.642 4.56001 2.2
    endloop
  endfacet
  facet normal 0 0 -1
    outer loop
      vertex 147 3 2.2
      vertex 146.472 4.15 2.2
      vertex 146.571 4.34944 2.2
    endloop
  endfacet
  facet normal 0 0 -1
    outer loop
      vertex 147 3 2.2
      vertex 146.349 3.96511 2.2
      vertex 146.472 4.15 2.2
    endloop
  endfacet
  facet normal 0 0 -1
    outer loop
      vertex 147 3 2.2
      vertex 146.202 3.79792 2.2
      vertex 146.349 3.96511 2.2
    endloop
  endfacet
  facet normal 0 0 -1
    outer loop
      vertex 147 3 2.2
      vertex 146.035 3.6513 2.2
      vertex 146.202 3.79792 2.2
    endloop
  endfacet
  facet normal 0 0 -1
    outer loop
      vertex 147 3 2.2
      vertex 145.85 3.52776 2.2
      vertex 146.035 3.6513 2.2
    endloop
  endfacet
  facet normal 0 0 -1
    outer loop
      vertex 147 3 2.2
      vertex 145.651 3.4294 2.2
      vertex 145.85 3.52776 2.2
    endloop
  endfacet
  facet normal 0 0 -1
    outer loop
      vertex 147 3 2.2
      vertex 145.44 3.35793 2.2
      vertex 145.651 3.4294 2.2
    endloop
  endfacet
  facet normal 0 0 -1
    outer loop
      vertex 147 3 2.2
      vertex 145.222 3.31454 2.2
      vertex 145.44 3.35793 2.2
    endloop
  endfacet
  facet normal 0 0 -1
    outer loop
      vertex 147 3 2.2
      vertex 145 3.3 2.2
      vertex 145.222 3.31454 2.2
    endloop
  endfacet
  facet normal 0 0 -1
    outer loop
      vertex 141.536 3 2.2
      vertex 145 3.3 2.2
      vertex 147 3 2.2
    endloop
  endfacet
  facet normal 0 0 -1
    outer loop
      vertex 141 5 2.2
      vertex 143.3 5 2.2
      vertex 143.315 4.7781 2.2
    endloop
  endfacet
  facet normal 0 0 -1
    outer loop
      vertex 143.3 5 2.2
      vertex 142.565 8.17341 2.2
      vertex 143 8.4641 2.2
    endloop
  endfacet
  facet normal 0 0 -1
    outer loop
      vertex 141.034 4.47789 2.2
      vertex 143.315 4.7781 2.2
      vertex 143.358 4.56001 2.2
    endloop
  endfacet
  facet normal 0 0 -1
    outer loop
      vertex 143.3 5 2.2
      vertex 142.172 7.82843 2.2
      vertex 142.565 8.17341 2.2
    endloop
  endfacet
  facet normal 0 0 -1
    outer loop
      vertex 141.136 3.96472 2.2
      vertex 143.358 4.56001 2.2
      vertex 143.429 4.34944 2.2
    endloop
  endfacet
  facet normal 0 0 -1
    outer loop
      vertex 143.3 5 2.2
      vertex 141.827 7.43505 2.2
      vertex 142.172 7.82843 2.2
    endloop
  endfacet
  facet normal 0 0 -1
    outer loop
      vertex 141.304 3.46927 2.2
      vertex 143.429 4.34944 2.2
      vertex 143.528 4.15 2.2
    endloop
  endfacet
  facet normal -0 0 -1
    outer loop
      vertex 145 3.3 2.2
      vertex 141.536 3 2.2
      vertex 144.778 3.31454 2.2
    endloop
  endfacet
  facet normal 0 0 -1
    outer loop
      vertex 141.536 3 2.2
      vertex 144.56 3.35793 2.2
      vertex 144.778 3.31454 2.2
    endloop
  endfacet
  facet normal 0 0 -1
    outer loop
      vertex 141.536 3 2.2
      vertex 144.349 3.4294 2.2
      vertex 144.56 3.35793 2.2
    endloop
  endfacet
  facet normal 0 0 -1
    outer loop
      vertex 141.536 3 2.2
      vertex 144.15 3.52776 2.2
      vertex 144.349 3.4294 2.2
    endloop
  endfacet
  facet normal 0 0 -1
    outer loop
      vertex 141.536 3 2.2
      vertex 143.965 3.6513 2.2
      vertex 144.15 3.52776 2.2
    endloop
  endfacet
  facet normal 0 0 -1
    outer loop
      vertex 141.536 3 2.2
      vertex 143.798 3.79792 2.2
      vertex 143.965 3.6513 2.2
    endloop
  endfacet
  facet normal 0 0 -1
    outer loop
      vertex 141.536 3 2.2
      vertex 143.651 3.96511 2.2
      vertex 143.798 3.79792 2.2
    endloop
  endfacet
  facet normal 0 0 -1
    outer loop
      vertex 141.536 3 2.2
      vertex 143.528 4.15 2.2
      vertex 143.651 3.96511 2.2
    endloop
  endfacet
  facet normal 0 0 -1
    outer loop
      vertex 141.304 3.46927 2.2
      vertex 143.528 4.15 2.2
      vertex 141.536 3 2.2
    endloop
  endfacet
  facet normal 0 0 -1
    outer loop
      vertex 143.3 5 2.2
      vertex 141.536 7 2.2
      vertex 141.827 7.43505 2.2
    endloop
  endfacet
  facet normal 0 0 -1
    outer loop
      vertex 143.429 4.34944 2.2
      vertex 141.304 3.46927 2.2
      vertex 141.136 3.96472 2.2
    endloop
  endfacet
  facet normal 0 0 -1
    outer loop
      vertex 143.3 5 2.2
      vertex 141.304 6.53073 2.2
      vertex 141.536 7 2.2
    endloop
  endfacet
  facet normal 0 0 -1
    outer loop
      vertex 143.358 4.56001 2.2
      vertex 141.136 3.96472 2.2
      vertex 141.034 4.47789 2.2
    endloop
  endfacet
  facet normal 0 0 -1
    outer loop
      vertex 143.3 5 2.2
      vertex 141.136 6.03528 2.2
      vertex 141.304 6.53073 2.2
    endloop
  endfacet
  facet normal -0 0 -1
    outer loop
      vertex 143.315 4.7781 2.2
      vertex 141.034 4.47789 2.2
      vertex 141 5 2.2
    endloop
  endfacet
  facet normal 0 0 -1
    outer loop
      vertex 143.3 5 2.2
      vertex 141.034 5.5221 2.2
      vertex 141.136 6.03528 2.2
    endloop
  endfacet
  facet normal 0 0 -1
    outer loop
      vertex 143.3 5 2.2
      vertex 141 5 2.2
      vertex 141.034 5.5221 2.2
    endloop
  endfacet
  facet normal 0 0 -1
    outer loop
      vertex 146.685 5.22189 2.2
      vertex 147 8.4641 2.2
      vertex 146.7 5 2.2
    endloop
  endfacet
  facet normal 0 0 -1
    outer loop
      vertex 146.642 5.43999 2.2
      vertex 147 8.4641 2.2
      vertex 146.685 5.22189 2.2
    endloop
  endfacet
  facet normal 0 0 -1
    outer loop
      vertex 146.571 5.65056 2.2
      vertex 147 8.4641 2.2
      vertex 146.642 5.43999 2.2
    endloop
  endfacet
  facet normal 0 0 -1
    outer loop
      vertex 146.472 5.85 2.2
      vertex 147 8.4641 2.2
      vertex 146.571 5.65056 2.2
    endloop
  endfacet
  facet normal 0 0 -1
    outer loop
      vertex 146.349 6.03489 2.2
      vertex 147 8.4641 2.2
      vertex 146.472 5.85 2.2
    endloop
  endfacet
  facet normal 0 0 -1
    outer loop
      vertex 146.202 6.20208 2.2
      vertex 147 8.4641 2.2
      vertex 146.349 6.03489 2.2
    endloop
  endfacet
  facet normal 0 0 -1
    outer loop
      vertex 146.035 6.3487 2.2
      vertex 147 8.4641 2.2
      vertex 146.202 6.20208 2.2
    endloop
  endfacet
  facet normal 0 0 -1
    outer loop
      vertex 145.85 6.47224 2.2
      vertex 147 8.4641 2.2
      vertex 146.035 6.3487 2.2
    endloop
  endfacet
  facet normal -0 0 -1
    outer loop
      vertex 147 8.4641 2.2
      vertex 145.85 6.47224 2.2
      vertex 146.531 8.69552 2.2
    endloop
  endfacet
  facet normal 0 0 -1
    outer loop
      vertex 145.651 6.57059 2.2
      vertex 146.531 8.69552 2.2
      vertex 145.85 6.47224 2.2
    endloop
  endfacet
  facet normal -0 0 -1
    outer loop
      vertex 146.531 8.69552 2.2
      vertex 145.651 6.57059 2.2
      vertex 146.035 8.8637 2.2
    endloop
  endfacet
  facet normal 0 0 -1
    outer loop
      vertex 145.44 6.64207 2.2
      vertex 146.035 8.8637 2.2
      vertex 145.651 6.57059 2.2
    endloop
  endfacet
  facet normal -0 0 -1
    outer loop
      vertex 146.035 8.8637 2.2
      vertex 145.44 6.64207 2.2
      vertex 145.522 8.96578 2.2
    endloop
  endfacet
  facet normal 0 0 -1
    outer loop
      vertex 145.222 6.68546 2.2
      vertex 145.522 8.96578 2.2
      vertex 145.44 6.64207 2.2
    endloop
  endfacet
  facet normal 0 0 -1
    outer loop
      vertex 145 6.7 2.2
      vertex 145.522 8.96578 2.2
      vertex 145.222 6.68546 2.2
    endloop
  endfacet
  facet normal 0 0 -1
    outer loop
      vertex 145 6.7 2.2
      vertex 145 9 2.2
      vertex 145.522 8.96578 2.2
    endloop
  endfacet
  facet normal 0 0 -1
    outer loop
      vertex 144.778 6.68546 2.2
      vertex 145 9 2.2
      vertex 145 6.7 2.2
    endloop
  endfacet
  facet normal 0 0 -1
    outer loop
      vertex 144.478 8.96578 2.2
      vertex 144.778 6.68546 2.2
      vertex 144.56 6.64207 2.2
    endloop
  endfacet
  facet normal 0 0 -1
    outer loop
      vertex 144.778 6.68546 2.2
      vertex 144.478 8.96578 2.2
      vertex 145 9 2.2
    endloop
  endfacet
  facet normal 0 0 -1
    outer loop
      vertex 143.965 8.8637 2.2
      vertex 144.56 6.64207 2.2
      vertex 144.349 6.57059 2.2
    endloop
  endfacet
  facet normal 0 0 -1
    outer loop
      vertex 143.469 8.69552 2.2
      vertex 144.349 6.57059 2.2
      vertex 144.15 6.47224 2.2
    endloop
  endfacet
  facet normal 0 0 -1
    outer loop
      vertex 143 8.4641 2.2
      vertex 144.15 6.47224 2.2
      vertex 143.965 6.3487 2.2
    endloop
  endfacet
  facet normal 0 0 -1
    outer loop
      vertex 144.56 6.64207 2.2
      vertex 143.965 8.8637 2.2
      vertex 144.478 8.96578 2.2
    endloop
  endfacet
  facet normal 0 0 -1
    outer loop
      vertex 143 8.4641 2.2
      vertex 143.965 6.3487 2.2
      vertex 143.798 6.20208 2.2
    endloop
  endfacet
  facet normal 0 0 -1
    outer loop
      vertex 143 8.4641 2.2
      vertex 143.798 6.20208 2.2
      vertex 143.651 6.03489 2.2
    endloop
  endfacet
  facet normal 0 0 -1
    outer loop
      vertex 143 8.4641 2.2
      vertex 143.651 6.03489 2.2
      vertex 143.528 5.85 2.2
    endloop
  endfacet
  facet normal 0 0 -1
    outer loop
      vertex 144.349 6.57059 2.2
      vertex 143.469 8.69552 2.2
      vertex 143.965 8.8637 2.2
    endloop
  endfacet
  facet normal 0 0 -1
    outer loop
      vertex 143 8.4641 2.2
      vertex 143.528 5.85 2.2
      vertex 143.429 5.65056 2.2
    endloop
  endfacet
  facet normal 0 0 -1
    outer loop
      vertex 143 8.4641 2.2
      vertex 143.429 5.65056 2.2
      vertex 143.358 5.43999 2.2
    endloop
  endfacet
  facet normal 0 0 -1
    outer loop
      vertex 143 8.4641 2.2
      vertex 143.358 5.43999 2.2
      vertex 143.315 5.22189 2.2
    endloop
  endfacet
  facet normal 0 0 -1
    outer loop
      vertex 143 8.4641 2.2
      vertex 143.315 5.22189 2.2
      vertex 143.3 5 2.2
    endloop
  endfacet
  facet normal 0 0 -1
    outer loop
      vertex 144.15 6.47224 2.2
      vertex 143 8.4641 2.2
      vertex 143.469 8.69552 2.2
    endloop
  endfacet
  facet normal 0 0 1
    outer loop
      vertex 146.7 5 7.4
      vertex 149 5 7.4
      vertex 148.966 5.5221 7.4
    endloop
  endfacet
  facet normal 0 0 1
    outer loop
      vertex 146.685 5.22189 7.4
      vertex 148.966 5.5221 7.4
      vertex 148.864 6.03528 7.4
    endloop
  endfacet
  facet normal 0 0 1
    outer loop
      vertex 149 5 7.4
      vertex 146.7 5 7.4
      vertex 148.966 4.47789 7.4
    endloop
  endfacet
  facet normal 0 0 1
    outer loop
      vertex 146.642 5.43999 7.4
      vertex 148.864 6.03528 7.4
      vertex 148.696 6.53073 7.4
    endloop
  endfacet
  facet normal -0 0 1
    outer loop
      vertex 146.685 4.7781 7.4
      vertex 148.966 4.47789 7.4
      vertex 146.7 5 7.4
    endloop
  endfacet
  facet normal 0 0 1
    outer loop
      vertex 146.571 5.65056 7.4
      vertex 148.696 6.53073 7.4
      vertex 148.464 7 7.4
    endloop
  endfacet
  facet normal 0 0 1
    outer loop
      vertex 148.966 4.47789 7.4
      vertex 146.685 4.7781 7.4
      vertex 148.864 3.96472 7.4
    endloop
  endfacet
  facet normal 0 0 1
    outer loop
      vertex 146.472 5.85 7.4
      vertex 148.464 7 7.4
      vertex 148.173 7.43505 7.4
    endloop
  endfacet
  facet normal -0 0 1
    outer loop
      vertex 146.642 4.56001 7.4
      vertex 148.864 3.96472 7.4
      vertex 146.685 4.7781 7.4
    endloop
  endfacet
  facet normal 0 0 1
    outer loop
      vertex 146.349 6.03489 7.4
      vertex 148.173 7.43505 7.4
      vertex 147.828 7.82843 7.4
    endloop
  endfacet
  facet normal 0 0 1
    outer loop
      vertex 148.864 3.96472 7.4
      vertex 146.642 4.56001 7.4
      vertex 148.696 3.46927 7.4
    endloop
  endfacet
  facet normal 0 0 1
    outer loop
      vertex 146.202 6.20208 7.4
      vertex 147.828 7.82843 7.4
      vertex 147.435 8.17341 7.4
    endloop
  endfacet
  facet normal -0 0 1
    outer loop
      vertex 146.571 4.34944 7.4
      vertex 148.696 3.46927 7.4
      vertex 146.642 4.56001 7.4
    endloop
  endfacet
  facet normal 0 0 1
    outer loop
      vertex 146.035 6.3487 7.4
      vertex 147.435 8.17341 7.4
      vertex 147 8.4641 7.4
    endloop
  endfacet
  facet normal 0 0 1
    outer loop
      vertex 148.696 3.46927 7.4
      vertex 146.571 4.34944 7.4
      vertex 148.464 3 7.4
    endloop
  endfacet
  facet normal -0 0 1
    outer loop
      vertex 146.472 4.15 7.4
      vertex 148.464 3 7.4
      vertex 146.571 4.34944 7.4
    endloop
  endfacet
  facet normal 0 0 1
    outer loop
      vertex 148.966 5.5221 7.4
      vertex 146.685 5.22189 7.4
      vertex 146.7 5 7.4
    endloop
  endfacet
  facet normal 0 0 1
    outer loop
      vertex 148.864 6.03528 7.4
      vertex 146.642 5.43999 7.4
      vertex 146.685 5.22189 7.4
    endloop
  endfacet
  facet normal 0 0 1
    outer loop
      vertex 148.696 6.53073 7.4
      vertex 146.571 5.65056 7.4
      vertex 146.642 5.43999 7.4
    endloop
  endfacet
  facet normal 0 0 1
    outer loop
      vertex 145.85 6.47224 7.4
      vertex 147 8.4641 7.4
      vertex 146.531 8.69552 7.4
    endloop
  endfacet
  facet normal 0 0 1
    outer loop
      vertex 148.464 7 7.4
      vertex 146.472 5.85 7.4
      vertex 146.571 5.65056 7.4
    endloop
  endfacet
  facet normal 0 0 1
    outer loop
      vertex 148.173 7.43505 7.4
      vertex 146.349 6.03489 7.4
      vertex 146.472 5.85 7.4
    endloop
  endfacet
  facet normal 0 0 1
    outer loop
      vertex 147.828 7.82843 7.4
      vertex 146.202 6.20208 7.4
      vertex 146.349 6.03489 7.4
    endloop
  endfacet
  facet normal 0 0 1
    outer loop
      vertex 145.651 6.57059 7.4
      vertex 146.531 8.69552 7.4
      vertex 146.035 8.8637 7.4
    endloop
  endfacet
  facet normal 0 0 1
    outer loop
      vertex 147.435 8.17341 7.4
      vertex 146.035 6.3487 7.4
      vertex 146.202 6.20208 7.4
    endloop
  endfacet
  facet normal 0 0 1
    outer loop
      vertex 147 8.4641 7.4
      vertex 145.85 6.47224 7.4
      vertex 146.035 6.3487 7.4
    endloop
  endfacet
  facet normal 0 0 1
    outer loop
      vertex 146.531 8.69552 7.4
      vertex 145.651 6.57059 7.4
      vertex 145.85 6.47224 7.4
    endloop
  endfacet
  facet normal 0 0 1
    outer loop
      vertex 145.44 6.64207 7.4
      vertex 146.035 8.8637 7.4
      vertex 145.522 8.96578 7.4
    endloop
  endfacet
  facet normal 0 0 1
    outer loop
      vertex 146.035 8.8637 7.4
      vertex 145.44 6.64207 7.4
      vertex 145.651 6.57059 7.4
    endloop
  endfacet
  facet normal 0 0 1
    outer loop
      vertex 145.522 8.96578 7.4
      vertex 145.222 6.68546 7.4
      vertex 145.44 6.64207 7.4
    endloop
  endfacet
  facet normal 0 0 1
    outer loop
      vertex 145 9 7.4
      vertex 145.222 6.68546 7.4
      vertex 145.522 8.96578 7.4
    endloop
  endfacet
  facet normal 0 0 1
    outer loop
      vertex 145 9 7.4
      vertex 145 6.7 7.4
      vertex 145.222 6.68546 7.4
    endloop
  endfacet
  facet normal 0 0 1
    outer loop
      vertex 145 9 7.4
      vertex 144.778 6.68546 7.4
      vertex 145 6.7 7.4
    endloop
  endfacet
  facet normal -0 0 1
    outer loop
      vertex 144.478 8.96578 7.4
      vertex 144.778 6.68546 7.4
      vertex 145 9 7.4
    endloop
  endfacet
  facet normal 0 0 1
    outer loop
      vertex 144.778 6.68546 7.4
      vertex 144.478 8.96578 7.4
      vertex 144.56 6.64207 7.4
    endloop
  endfacet
  facet normal -0 0 1
    outer loop
      vertex 143.965 8.8637 7.4
      vertex 144.56 6.64207 7.4
      vertex 144.478 8.96578 7.4
    endloop
  endfacet
  facet normal 0 0 1
    outer loop
      vertex 144.56 6.64207 7.4
      vertex 143.965 8.8637 7.4
      vertex 144.349 6.57059 7.4
    endloop
  endfacet
  facet normal -0 0 1
    outer loop
      vertex 143.469 8.69552 7.4
      vertex 144.349 6.57059 7.4
      vertex 143.965 8.8637 7.4
    endloop
  endfacet
  facet normal 0 0 1
    outer loop
      vertex 144.349 6.57059 7.4
      vertex 143.469 8.69552 7.4
      vertex 144.15 6.47224 7.4
    endloop
  endfacet
  facet normal -0 0 1
    outer loop
      vertex 143 8.4641 7.4
      vertex 144.15 6.47224 7.4
      vertex 143.469 8.69552 7.4
    endloop
  endfacet
  facet normal 0 0 1
    outer loop
      vertex 144.15 6.47224 7.4
      vertex 143 8.4641 7.4
      vertex 143.965 6.3487 7.4
    endloop
  endfacet
  facet normal -0 0 1
    outer loop
      vertex 142.565 8.17341 7.4
      vertex 143.965 6.3487 7.4
      vertex 143 8.4641 7.4
    endloop
  endfacet
  facet normal 0 0 1
    outer loop
      vertex 143.965 6.3487 7.4
      vertex 142.565 8.17341 7.4
      vertex 143.798 6.20208 7.4
    endloop
  endfacet
  facet normal -0 0 1
    outer loop
      vertex 142.172 7.82843 7.4
      vertex 143.798 6.20208 7.4
      vertex 142.565 8.17341 7.4
    endloop
  endfacet
  facet normal 0 0 1
    outer loop
      vertex 143.798 6.20208 7.4
      vertex 142.172 7.82843 7.4
      vertex 143.651 6.03489 7.4
    endloop
  endfacet
  facet normal -0 0 1
    outer loop
      vertex 141.827 7.43505 7.4
      vertex 143.651 6.03489 7.4
      vertex 142.172 7.82843 7.4
    endloop
  endfacet
  facet normal 0 0 1
    outer loop
      vertex 143.651 6.03489 7.4
      vertex 141.827 7.43505 7.4
      vertex 143.528 5.85 7.4
    endloop
  endfacet
  facet normal -0 0 1
    outer loop
      vertex 141.536 7 7.4
      vertex 143.528 5.85 7.4
      vertex 141.827 7.43505 7.4
    endloop
  endfacet
  facet normal 0 0 1
    outer loop
      vertex 148.464 3 7.4
      vertex 146.472 4.15 7.4
      vertex 148.173 2.56495 7.4
    endloop
  endfacet
  facet normal -0 0 1
    outer loop
      vertex 146.349 3.96511 7.4
      vertex 148.173 2.56495 7.4
      vertex 146.472 4.15 7.4
    endloop
  endfacet
  facet normal 0 0 1
    outer loop
      vertex 148.173 2.56495 7.4
      vertex 146.349 3.96511 7.4
      vertex 147.828 2.17157 7.4
    endloop
  endfacet
  facet normal -0 0 1
    outer loop
      vertex 146.202 3.79792 7.4
      vertex 147.828 2.17157 7.4
      vertex 146.349 3.96511 7.4
    endloop
  endfacet
  facet normal 0 0 1
    outer loop
      vertex 147.828 2.17157 7.4
      vertex 146.202 3.79792 7.4
      vertex 147.435 1.82659 7.4
    endloop
  endfacet
  facet normal -0 0 1
    outer loop
      vertex 146.035 3.6513 7.4
      vertex 147.435 1.82659 7.4
      vertex 146.202 3.79792 7.4
    endloop
  endfacet
  facet normal 0 0 1
    outer loop
      vertex 147.435 1.82659 7.4
      vertex 146.035 3.6513 7.4
      vertex 147 1.5359 7.4
    endloop
  endfacet
  facet normal -0 0 1
    outer loop
      vertex 145.85 3.52776 7.4
      vertex 147 1.5359 7.4
      vertex 146.035 3.6513 7.4
    endloop
  endfacet
  facet normal 0 0 1
    outer loop
      vertex 147 1.5359 7.4
      vertex 145.85 3.52776 7.4
      vertex 146.531 1.30448 7.4
    endloop
  endfacet
  facet normal -0 0 1
    outer loop
      vertex 145.651 3.4294 7.4
      vertex 146.531 1.30448 7.4
      vertex 145.85 3.52776 7.4
    endloop
  endfacet
  facet normal 0 0 1
    outer loop
      vertex 146.531 1.30448 7.4
      vertex 145.651 3.4294 7.4
      vertex 146.035 1.1363 7.4
    endloop
  endfacet
  facet normal -0 0 1
    outer loop
      vertex 145.44 3.35793 7.4
      vertex 146.035 1.1363 7.4
      vertex 145.651 3.4294 7.4
    endloop
  endfacet
  facet normal 0 0 1
    outer loop
      vertex 146.035 1.1363 7.4
      vertex 145.44 3.35793 7.4
      vertex 145.522 1.03422 7.4
    endloop
  endfacet
  facet normal -0 0 1
    outer loop
      vertex 145.222 3.31454 7.4
      vertex 145.522 1.03422 7.4
      vertex 145.44 3.35793 7.4
    endloop
  endfacet
  facet normal -0 0 1
    outer loop
      vertex 145 3.3 7.4
      vertex 145.522 1.03422 7.4
      vertex 145.222 3.31454 7.4
    endloop
  endfacet
  facet normal 0 0 1
    outer loop
      vertex 145 3.3 7.4
      vertex 145 1 7.4
      vertex 145.522 1.03422 7.4
    endloop
  endfacet
  facet normal 0 0 1
    outer loop
      vertex 144.778 3.31454 7.4
      vertex 145 1 7.4
      vertex 145 3.3 7.4
    endloop
  endfacet
  facet normal 0 0 1
    outer loop
      vertex 144.478 1.03422 7.4
      vertex 144.778 3.31454 7.4
      vertex 144.56 3.35793 7.4
    endloop
  endfacet
  facet normal 0 0 1
    outer loop
      vertex 144.778 3.31454 7.4
      vertex 144.478 1.03422 7.4
      vertex 145 1 7.4
    endloop
  endfacet
  facet normal 0 0 1
    outer loop
      vertex 143.965 1.1363 7.4
      vertex 144.56 3.35793 7.4
      vertex 144.349 3.4294 7.4
    endloop
  endfacet
  facet normal 0 0 1
    outer loop
      vertex 143.469 1.30448 7.4
      vertex 144.349 3.4294 7.4
      vertex 144.15 3.52776 7.4
    endloop
  endfacet
  facet normal 0 0 1
    outer loop
      vertex 143 1.5359 7.4
      vertex 144.15 3.52776 7.4
      vertex 143.965 3.6513 7.4
    endloop
  endfacet
  facet normal 0 0 1
    outer loop
      vertex 144.56 3.35793 7.4
      vertex 143.965 1.1363 7.4
      vertex 144.478 1.03422 7.4
    endloop
  endfacet
  facet normal 0 0 1
    outer loop
      vertex 142.565 1.82659 7.4
      vertex 143.965 3.6513 7.4
      vertex 143.798 3.79792 7.4
    endloop
  endfacet
  facet normal 0 0 1
    outer loop
      vertex 142.172 2.17157 7.4
      vertex 143.798 3.79792 7.4
      vertex 143.651 3.96511 7.4
    endloop
  endfacet
  facet normal 0 0 1
    outer loop
      vertex 141.827 2.56495 7.4
      vertex 143.651 3.96511 7.4
      vertex 143.528 4.15 7.4
    endloop
  endfacet
  facet normal 0 0 1
    outer loop
      vertex 144.349 3.4294 7.4
      vertex 143.469 1.30448 7.4
      vertex 143.965 1.1363 7.4
    endloop
  endfacet
  facet normal 0 0 1
    outer loop
      vertex 141.536 3 7.4
      vertex 143.528 4.15 7.4
      vertex 143.429 4.34944 7.4
    endloop
  endfacet
  facet normal 0 0 1
    outer loop
      vertex 141.304 3.46927 7.4
      vertex 143.429 4.34944 7.4
      vertex 143.358 4.56001 7.4
    endloop
  endfacet
  facet normal 0 0 1
    outer loop
      vertex 141.136 3.96472 7.4
      vertex 143.358 4.56001 7.4
      vertex 143.315 4.7781 7.4
    endloop
  endfacet
  facet normal 0 0 1
    outer loop
      vertex 141.034 4.47789 7.4
      vertex 143.315 4.7781 7.4
      vertex 143.3 5 7.4
    endloop
  endfacet
  facet normal 0 0 1
    outer loop
      vertex 143.528 5.85 7.4
      vertex 141.536 7 7.4
      vertex 143.429 5.65056 7.4
    endloop
  endfacet
  facet normal 0 0 1
    outer loop
      vertex 144.15 3.52776 7.4
      vertex 143 1.5359 7.4
      vertex 143.469 1.30448 7.4
    endloop
  endfacet
  facet normal -0 0 1
    outer loop
      vertex 141.304 6.53073 7.4
      vertex 143.429 5.65056 7.4
      vertex 141.536 7 7.4
    endloop
  endfacet
  facet normal 0 0 1
    outer loop
      vertex 143.965 3.6513 7.4
      vertex 142.565 1.82659 7.4
      vertex 143 1.5359 7.4
    endloop
  endfacet
  facet normal 0 0 1
    outer loop
      vertex 143.429 5.65056 7.4
      vertex 141.304 6.53073 7.4
      vertex 143.358 5.43999 7.4
    endloop
  endfacet
  facet normal 0 0 1
    outer loop
      vertex 143.798 3.79792 7.4
      vertex 142.172 2.17157 7.4
      vertex 142.565 1.82659 7.4
    endloop
  endfacet
  facet normal -0 0 1
    outer loop
      vertex 141.136 6.03528 7.4
      vertex 143.358 5.43999 7.4
      vertex 141.304 6.53073 7.4
    endloop
  endfacet
  facet normal 0 0 1
    outer loop
      vertex 143.651 3.96511 7.4
      vertex 141.827 2.56495 7.4
      vertex 142.172 2.17157 7.4
    endloop
  endfacet
  facet normal 0 0 1
    outer loop
      vertex 143.358 5.43999 7.4
      vertex 141.136 6.03528 7.4
      vertex 143.315 5.22189 7.4
    endloop
  endfacet
  facet normal 0 0 1
    outer loop
      vertex 143.528 4.15 7.4
      vertex 141.536 3 7.4
      vertex 141.827 2.56495 7.4
    endloop
  endfacet
  facet normal -0 0 1
    outer loop
      vertex 141.034 5.5221 7.4
      vertex 143.315 5.22189 7.4
      vertex 141.136 6.03528 7.4
    endloop
  endfacet
  facet normal 0 0 1
    outer loop
      vertex 143.429 4.34944 7.4
      vertex 141.304 3.46927 7.4
      vertex 141.536 3 7.4
    endloop
  endfacet
  facet normal 0 0 1
    outer loop
      vertex 143.315 5.22189 7.4
      vertex 141.034 5.5221 7.4
      vertex 143.3 5 7.4
    endloop
  endfacet
  facet normal 0 0 1
    outer loop
      vertex 143.358 4.56001 7.4
      vertex 141.136 3.96472 7.4
      vertex 141.304 3.46927 7.4
    endloop
  endfacet
  facet normal 0 0 1
    outer loop
      vertex 141 5 7.4
      vertex 143.3 5 7.4
      vertex 141.034 5.5221 7.4
    endloop
  endfacet
  facet normal 0 0 1
    outer loop
      vertex 143.315 4.7781 7.4
      vertex 141.034 4.47789 7.4
      vertex 141.136 3.96472 7.4
    endloop
  endfacet
  facet normal 0 0 1
    outer loop
      vertex 143.3 5 7.4
      vertex 141 5 7.4
      vertex 141.034 4.47789 7.4
    endloop
  endfacet
  facet normal -0.980813 -0.194951 0
    outer loop
      vertex 141.136 3.96472 2.2
      vertex 141.034 4.47789 7.4
      vertex 141.034 4.47789 2.2
    endloop
  endfacet
  facet normal -0.980813 -0.194951 0
    outer loop
      vertex 141.034 4.47789 7.4
      vertex 141.136 3.96472 2.2
      vertex 141.136 3.96472 7.4
    endloop
  endfacet
  facet normal -0.947036 0.321126 0
    outer loop
      vertex 141.136 6.03528 2.2
      vertex 141.304 6.53073 7.4
      vertex 141.304 6.53073 2.2
    endloop
  endfacet
  facet normal -0.947036 0.321126 0
    outer loop
      vertex 141.304 6.53073 7.4
      vertex 141.136 6.03528 2.2
      vertex 141.136 6.03528 7.4
    endloop
  endfacet
  facet normal -0.442496 -0.89677 0
    outer loop
      vertex 143 1.5359 2.4
      vertex 143.469 1.30448 7.4
      vertex 143 1.5359 7.4
    endloop
  endfacet
  facet normal -0.442496 -0.89677 -0
    outer loop
      vertex 143.469 1.30448 7.4
      vertex 143 1.5359 2.4
      vertex 143.469 1.30448 2.4
    endloop
  endfacet
  facet normal -0.555613 -0.831441 0
    outer loop
      vertex 142.565 1.82659 2.4
      vertex 143 1.5359 7.4
      vertex 142.565 1.82659 7.4
    endloop
  endfacet
  facet normal -0.555613 -0.831441 -0
    outer loop
      vertex 143 1.5359 7.4
      vertex 142.565 1.82659 2.4
      vertex 143 1.5359 2.4
    endloop
  endfacet
  facet normal 0.0654151 0.997858 -0
    outer loop
      vertex 145.522 8.96578 2.2
      vertex 145 9 7.4
      vertex 145.522 8.96578 7.4
    endloop
  endfacet
  facet normal 0.0654151 0.997858 0
    outer loop
      vertex 145 9 7.4
      vertex 145.522 8.96578 2.2
      vertex 145 9 2.2
    endloop
  endfacet
  facet normal -0.981113 -0.193434 0
    outer loop
      vertex 146.685 5.22189 2.2
      vertex 146.642 5.43999 7.4
      vertex 146.642 5.43999 2.2
    endloop
  endfacet
  facet normal -0.981113 -0.193434 0
    outer loop
      vertex 146.642 5.43999 7.4
      vertex 146.685 5.22189 2.2
      vertex 146.685 5.22189 7.4
    endloop
  endfacet
  facet normal -0.997723 -0.0674471 0
    outer loop
      vertex 146.7 5 2.2
      vertex 146.685 5.22189 7.4
      vertex 146.685 5.22189 2.2
    endloop
  endfacet
  facet normal -0.997723 -0.0674471 0
    outer loop
      vertex 146.685 5.22189 7.4
      vertex 146.7 5 2.2
      vertex 146.7 5 7.4
    endloop
  endfacet
  facet normal 0.443064 -0.89649 0
    outer loop
      vertex 144.15 6.47224 2.2
      vertex 144.349 6.57059 7.4
      vertex 144.15 6.47224 7.4
    endloop
  endfacet
  facet normal 0.443064 -0.89649 0
    outer loop
      vertex 144.349 6.57059 7.4
      vertex 144.15 6.47224 2.2
      vertex 144.349 6.57059 2.2
    endloop
  endfacet
  facet normal 0.0653555 0.997862 -0
    outer loop
      vertex 145 3.3 2.2
      vertex 144.778 3.31454 7.4
      vertex 145 3.3 7.4
    endloop
  endfacet
  facet normal 0.0653555 0.997862 0
    outer loop
      vertex 144.778 3.31454 7.4
      vertex 145 3.3 2.2
      vertex 144.778 3.31454 2.2
    endloop
  endfacet
  facet normal -0.555343 -0.831621 0
    outer loop
      vertex 145.85 6.47224 2.2
      vertex 146.035 6.3487 7.4
      vertex 145.85 6.47224 7.4
    endloop
  endfacet
  facet normal -0.555343 -0.831621 -0
    outer loop
      vertex 146.035 6.3487 7.4
      vertex 145.85 6.47224 2.2
      vertex 146.035 6.3487 2.2
    endloop
  endfacet
  facet normal 0.659765 -0.751472 0
    outer loop
      vertex 143.798 6.20208 2.2
      vertex 143.965 6.3487 7.4
      vertex 143.798 6.20208 7.4
    endloop
  endfacet
  facet normal 0.659765 -0.751472 0
    outer loop
      vertex 143.965 6.3487 7.4
      vertex 143.798 6.20208 2.2
      vertex 143.965 6.3487 2.2
    endloop
  endfacet
  facet normal -0.320816 0.947141 0
    outer loop
      vertex 145.651 3.4294 2.2
      vertex 145.44 3.35793 7.4
      vertex 145.651 3.4294 7.4
    endloop
  endfacet
  facet normal -0.320816 0.947141 0
    outer loop
      vertex 145.44 3.35793 7.4
      vertex 145.651 3.4294 2.2
      vertex 145.44 3.35793 2.2
    endloop
  endfacet
  facet normal -0.947584 0.319506 0
    outer loop
      vertex 146.571 4.34944 2.2
      vertex 146.642 4.56001 7.4
      vertex 146.642 4.56001 2.2
    endloop
  endfacet
  facet normal -0.947584 0.319506 0
    outer loop
      vertex 146.642 4.56001 7.4
      vertex 146.571 4.34944 2.2
      vertex 146.571 4.34944 7.4
    endloop
  endfacet
  facet normal -0.320856 -0.947128 0
    outer loop
      vertex 145.44 6.64207 2.2
      vertex 145.651 6.57059 7.4
      vertex 145.44 6.64207 7.4
    endloop
  endfacet
  facet normal -0.320856 -0.947128 -0
    outer loop
      vertex 145.651 6.57059 7.4
      vertex 145.44 6.64207 2.2
      vertex 145.651 6.57059 2.2
    endloop
  endfacet
  facet normal 0.555343 -0.831621 0
    outer loop
      vertex 143.965 6.3487 2.2
      vertex 144.15 6.47224 7.4
      vertex 143.965 6.3487 7.4
    endloop
  endfacet
  facet normal 0.555343 -0.831621 0
    outer loop
      vertex 144.15 6.47224 7.4
      vertex 143.965 6.3487 2.2
      vertex 144.15 6.47224 2.2
    endloop
  endfacet
  facet normal -0.895717 0.444625 0
    outer loop
      vertex 146.472 4.15 2.2
      vertex 146.571 4.34944 7.4
      vertex 146.571 4.34944 2.2
    endloop
  endfacet
  facet normal -0.895717 0.444625 0
    outer loop
      vertex 146.571 4.34944 7.4
      vertex 146.472 4.15 2.2
      vertex 146.472 4.15 7.4
    endloop
  endfacet
  facet normal -0.659765 -0.751472 0
    outer loop
      vertex 146.035 6.3487 2.2
      vertex 146.202 6.20208 7.4
      vertex 146.035 6.3487 7.4
    endloop
  endfacet
  facet normal -0.659765 -0.751472 -0
    outer loop
      vertex 146.202 6.20208 7.4
      vertex 146.035 6.3487 2.2
      vertex 146.202 6.20208 2.2
    endloop
  endfacet
  facet normal -0.555343 0.831621 0
    outer loop
      vertex 146.035 3.6513 2.2
      vertex 145.85 3.52776 7.4
      vertex 146.035 3.6513 7.4
    endloop
  endfacet
  facet normal -0.555343 0.831621 0
    outer loop
      vertex 145.85 3.52776 7.4
      vertex 146.035 3.6513 2.2
      vertex 145.85 3.52776 2.2
    endloop
  endfacet
  facet normal -0.443064 -0.89649 0
    outer loop
      vertex 145.651 6.57059 2.2
      vertex 145.85 6.47224 7.4
      vertex 145.651 6.57059 7.4
    endloop
  endfacet
  facet normal -0.443064 -0.89649 -0
    outer loop
      vertex 145.85 6.47224 7.4
      vertex 145.651 6.57059 2.2
      vertex 145.85 6.47224 2.2
    endloop
  endfacet
  facet normal 0.659765 0.751472 -0
    outer loop
      vertex 143.965 3.6513 2.2
      vertex 143.798 3.79792 7.4
      vertex 143.965 3.6513 7.4
    endloop
  endfacet
  facet normal 0.659765 0.751472 0
    outer loop
      vertex 143.798 3.79792 7.4
      vertex 143.965 3.6513 2.2
      vertex 143.798 3.79792 2.2
    endloop
  endfacet
  facet normal 0.750997 0.660306 0
    outer loop
      vertex 143.798 3.79792 7.4
      vertex 143.651 3.96511 2.2
      vertex 143.651 3.96511 7.4
    endloop
  endfacet
  facet normal 0.750997 0.660306 0
    outer loop
      vertex 143.651 3.96511 2.2
      vertex 143.798 3.79792 7.4
      vertex 143.798 3.79792 2.2
    endloop
  endfacet
  facet normal 0.83259 0.553889 0
    outer loop
      vertex 143.651 3.96511 7.4
      vertex 143.528 4.15 2.2
      vertex 143.528 4.15 7.4
    endloop
  endfacet
  facet normal 0.83259 0.553889 0
    outer loop
      vertex 143.528 4.15 2.2
      vertex 143.651 3.96511 7.4
      vertex 143.651 3.96511 2.2
    endloop
  endfacet
  facet normal -0.83259 -0.553889 0
    outer loop
      vertex 146.472 5.85 2.2
      vertex 146.349 6.03489 7.4
      vertex 146.349 6.03489 2.2
    endloop
  endfacet
  facet normal -0.83259 -0.553889 0
    outer loop
      vertex 146.349 6.03489 7.4
      vertex 146.472 5.85 2.2
      vertex 146.472 5.85 7.4
    endloop
  endfacet
  facet normal -0.195208 0.980762 0
    outer loop
      vertex 145.44 3.35793 2.2
      vertex 145.222 3.31454 7.4
      vertex 145.44 3.35793 7.4
    endloop
  endfacet
  facet normal -0.195208 0.980762 0
    outer loop
      vertex 145.222 3.31454 7.4
      vertex 145.44 3.35793 2.2
      vertex 145.222 3.31454 2.2
    endloop
  endfacet
  facet normal -0.981112 0.193442 0
    outer loop
      vertex 146.642 4.56001 2.2
      vertex 146.685 4.7781 7.4
      vertex 146.685 4.7781 2.2
    endloop
  endfacet
  facet normal -0.981112 0.193442 0
    outer loop
      vertex 146.685 4.7781 7.4
      vertex 146.642 4.56001 2.2
      vertex 146.642 4.56001 7.4
    endloop
  endfacet
  facet normal 0.947584 0.319506 0
    outer loop
      vertex 143.429 4.34944 7.4
      vertex 143.358 4.56001 2.2
      vertex 143.358 4.56001 7.4
    endloop
  endfacet
  facet normal 0.947584 0.319506 0
    outer loop
      vertex 143.358 4.56001 2.2
      vertex 143.429 4.34944 7.4
      vertex 143.429 4.34944 2.2
    endloop
  endfacet
  facet normal -0.4431 0.896472 0
    outer loop
      vertex 145.85 3.52776 2.2
      vertex 145.651 3.4294 7.4
      vertex 145.85 3.52776 7.4
    endloop
  endfacet
  facet normal -0.4431 0.896472 0
    outer loop
      vertex 145.651 3.4294 7.4
      vertex 145.85 3.52776 2.2
      vertex 145.651 3.4294 2.2
    endloop
  endfacet
  facet normal 0.555343 0.831621 -0
    outer loop
      vertex 144.15 3.52776 2.2
      vertex 143.965 3.6513 7.4
      vertex 144.15 3.52776 7.4
    endloop
  endfacet
  facet normal 0.555343 0.831621 0
    outer loop
      vertex 143.965 3.6513 7.4
      vertex 144.15 3.52776 2.2
      vertex 143.965 3.6513 2.2
    endloop
  endfacet
  facet normal 0.320856 -0.947128 0
    outer loop
      vertex 144.349 6.57059 2.2
      vertex 144.56 6.64207 7.4
      vertex 144.349 6.57059 7.4
    endloop
  endfacet
  facet normal 0.320856 -0.947128 0
    outer loop
      vertex 144.56 6.64207 7.4
      vertex 144.349 6.57059 2.2
      vertex 144.56 6.64207 2.2
    endloop
  endfacet
  facet normal 0.195208 -0.980762 0
    outer loop
      vertex 144.56 6.64207 2.2
      vertex 144.778 6.68546 7.4
      vertex 144.56 6.64207 7.4
    endloop
  endfacet
  facet normal 0.195208 -0.980762 0
    outer loop
      vertex 144.778 6.68546 7.4
      vertex 144.56 6.64207 2.2
      vertex 144.778 6.68546 2.2
    endloop
  endfacet
  facet normal -0.895717 -0.444625 0
    outer loop
      vertex 146.571 5.65056 2.2
      vertex 146.472 5.85 7.4
      vertex 146.472 5.85 2.2
    endloop
  endfacet
  facet normal -0.895717 -0.444625 0
    outer loop
      vertex 146.472 5.85 7.4
      vertex 146.571 5.65056 2.2
      vertex 146.571 5.65056 7.4
    endloop
  endfacet
  facet normal -0.997723 0.0674441 0
    outer loop
      vertex 146.685 4.7781 2.2
      vertex 146.7 5 7.4
      vertex 146.7 5 2.2
    endloop
  endfacet
  facet normal -0.997723 0.0674441 0
    outer loop
      vertex 146.7 5 7.4
      vertex 146.685 4.7781 2.2
      vertex 146.685 4.7781 7.4
    endloop
  endfacet
  facet normal 0.4431 0.896472 -0
    outer loop
      vertex 144.349 3.4294 2.2
      vertex 144.15 3.52776 7.4
      vertex 144.349 3.4294 7.4
    endloop
  endfacet
  facet normal 0.4431 0.896472 0
    outer loop
      vertex 144.15 3.52776 7.4
      vertex 144.349 3.4294 2.2
      vertex 144.15 3.52776 2.2
    endloop
  endfacet
  facet normal -0.0653555 0.997862 0
    outer loop
      vertex 145.222 3.31454 2.2
      vertex 145 3.3 7.4
      vertex 145.222 3.31454 7.4
    endloop
  endfacet
  facet normal -0.0653555 0.997862 0
    outer loop
      vertex 145 3.3 7.4
      vertex 145.222 3.31454 2.2
      vertex 145 3.3 2.2
    endloop
  endfacet
  facet normal -0.0653555 -0.997862 0
    outer loop
      vertex 145 6.7 2.2
      vertex 145.222 6.68546 7.4
      vertex 145 6.7 7.4
    endloop
  endfacet
  facet normal -0.0653555 -0.997862 -0
    outer loop
      vertex 145.222 6.68546 7.4
      vertex 145 6.7 2.2
      vertex 145.222 6.68546 2.2
    endloop
  endfacet
  facet normal -0.750997 -0.660306 0
    outer loop
      vertex 146.349 6.03489 2.2
      vertex 146.202 6.20208 7.4
      vertex 146.202 6.20208 2.2
    endloop
  endfacet
  facet normal -0.750997 -0.660306 0
    outer loop
      vertex 146.202 6.20208 7.4
      vertex 146.349 6.03489 2.2
      vertex 146.349 6.03489 7.4
    endloop
  endfacet
  facet normal 0.997723 0.0674441 0
    outer loop
      vertex 143.315 4.7781 7.4
      vertex 143.3 5 2.2
      vertex 143.3 5 7.4
    endloop
  endfacet
  facet normal 0.997723 0.0674441 0
    outer loop
      vertex 143.3 5 2.2
      vertex 143.315 4.7781 7.4
      vertex 143.315 4.7781 2.2
    endloop
  endfacet
  facet normal -0.750997 0.660306 0
    outer loop
      vertex 146.202 3.79792 2.2
      vertex 146.349 3.96511 7.4
      vertex 146.349 3.96511 2.2
    endloop
  endfacet
  facet normal -0.750997 0.660306 0
    outer loop
      vertex 146.349 3.96511 7.4
      vertex 146.202 3.79792 2.2
      vertex 146.202 3.79792 7.4
    endloop
  endfacet
  facet normal 0.750997 -0.660306 0
    outer loop
      vertex 143.651 6.03489 7.4
      vertex 143.798 6.20208 2.2
      vertex 143.798 6.20208 7.4
    endloop
  endfacet
  facet normal 0.750997 -0.660306 0
    outer loop
      vertex 143.798 6.20208 2.2
      vertex 143.651 6.03489 7.4
      vertex 143.651 6.03489 2.2
    endloop
  endfacet
  facet normal 0.0653555 -0.997862 0
    outer loop
      vertex 144.778 6.68546 2.2
      vertex 145 6.7 7.4
      vertex 144.778 6.68546 7.4
    endloop
  endfacet
  facet normal 0.0653555 -0.997862 0
    outer loop
      vertex 145 6.7 7.4
      vertex 144.778 6.68546 2.2
      vertex 145 6.7 2.2
    endloop
  endfacet
  facet normal 0.981112 0.193442 0
    outer loop
      vertex 143.358 4.56001 7.4
      vertex 143.315 4.7781 2.2
      vertex 143.315 4.7781 7.4
    endloop
  endfacet
  facet normal 0.981112 0.193442 0
    outer loop
      vertex 143.315 4.7781 2.2
      vertex 143.358 4.56001 7.4
      vertex 143.358 4.56001 2.2
    endloop
  endfacet
  facet normal 0.320816 0.947141 -0
    outer loop
      vertex 144.56 3.35793 2.2
      vertex 144.349 3.4294 7.4
      vertex 144.56 3.35793 7.4
    endloop
  endfacet
  facet normal 0.320816 0.947141 0
    outer loop
      vertex 144.349 3.4294 7.4
      vertex 144.56 3.35793 2.2
      vertex 144.349 3.4294 2.2
    endloop
  endfacet
  facet normal -0.947584 -0.319506 0
    outer loop
      vertex 146.642 5.43999 2.2
      vertex 146.571 5.65056 7.4
      vertex 146.571 5.65056 2.2
    endloop
  endfacet
  facet normal -0.947584 -0.319506 0
    outer loop
      vertex 146.571 5.65056 7.4
      vertex 146.642 5.43999 2.2
      vertex 146.642 5.43999 7.4
    endloop
  endfacet
  facet normal -0.83259 0.553889 0
    outer loop
      vertex 146.349 3.96511 2.2
      vertex 146.472 4.15 7.4
      vertex 146.472 4.15 2.2
    endloop
  endfacet
  facet normal -0.83259 0.553889 0
    outer loop
      vertex 146.472 4.15 7.4
      vertex 146.349 3.96511 2.2
      vertex 146.349 3.96511 7.4
    endloop
  endfacet
  facet normal -0.195208 -0.980762 0
    outer loop
      vertex 145.222 6.68546 2.2
      vertex 145.44 6.64207 7.4
      vertex 145.222 6.68546 7.4
    endloop
  endfacet
  facet normal -0.195208 -0.980762 -0
    outer loop
      vertex 145.44 6.64207 7.4
      vertex 145.222 6.68546 2.2
      vertex 145.44 6.64207 2.2
    endloop
  endfacet
  facet normal 0.895717 0.444625 0
    outer loop
      vertex 143.528 4.15 7.4
      vertex 143.429 4.34944 2.2
      vertex 143.429 4.34944 7.4
    endloop
  endfacet
  facet normal 0.895717 0.444625 0
    outer loop
      vertex 143.429 4.34944 2.2
      vertex 143.528 4.15 7.4
      vertex 143.528 4.15 2.2
    endloop
  endfacet
  facet normal 0.997723 -0.0674471 0
    outer loop
      vertex 143.3 5 7.4
      vertex 143.315 5.22189 2.2
      vertex 143.315 5.22189 7.4
    endloop
  endfacet
  facet normal 0.997723 -0.0674471 0
    outer loop
      vertex 143.315 5.22189 2.2
      vertex 143.3 5 7.4
      vertex 143.3 5 2.2
    endloop
  endfacet
  facet normal 0.981113 -0.193434 0
    outer loop
      vertex 143.315 5.22189 7.4
      vertex 143.358 5.43999 2.2
      vertex 143.358 5.43999 7.4
    endloop
  endfacet
  facet normal 0.981113 -0.193434 0
    outer loop
      vertex 143.358 5.43999 2.2
      vertex 143.315 5.22189 7.4
      vertex 143.315 5.22189 2.2
    endloop
  endfacet
  facet normal 0.947584 -0.319506 0
    outer loop
      vertex 143.358 5.43999 7.4
      vertex 143.429 5.65056 2.2
      vertex 143.429 5.65056 7.4
    endloop
  endfacet
  facet normal 0.947584 -0.319506 0
    outer loop
      vertex 143.429 5.65056 2.2
      vertex 143.358 5.43999 7.4
      vertex 143.358 5.43999 2.2
    endloop
  endfacet
  facet normal 0.83259 -0.553889 0
    outer loop
      vertex 143.528 5.85 7.4
      vertex 143.651 6.03489 2.2
      vertex 143.651 6.03489 7.4
    endloop
  endfacet
  facet normal 0.83259 -0.553889 0
    outer loop
      vertex 143.651 6.03489 2.2
      vertex 143.528 5.85 7.4
      vertex 143.528 5.85 2.2
    endloop
  endfacet
  facet normal -0.659765 0.751472 0
    outer loop
      vertex 146.202 3.79792 2.2
      vertex 146.035 3.6513 7.4
      vertex 146.202 3.79792 7.4
    endloop
  endfacet
  facet normal -0.659765 0.751472 0
    outer loop
      vertex 146.035 3.6513 7.4
      vertex 146.202 3.79792 2.2
      vertex 146.035 3.6513 2.2
    endloop
  endfacet
  facet normal 0.895717 -0.444625 0
    outer loop
      vertex 143.429 5.65056 7.4
      vertex 143.528 5.85 2.2
      vertex 143.528 5.85 7.4
    endloop
  endfacet
  facet normal 0.895717 -0.444625 0
    outer loop
      vertex 143.528 5.85 2.2
      vertex 143.429 5.65056 7.4
      vertex 143.429 5.65056 2.2
    endloop
  endfacet
  facet normal 0.195208 0.980762 -0
    outer loop
      vertex 144.778 3.31454 2.2
      vertex 144.56 3.35793 7.4
      vertex 144.778 3.31454 7.4
    endloop
  endfacet
  facet normal 0.195208 0.980762 0
    outer loop
      vertex 144.56 3.35793 7.4
      vertex 144.778 3.31454 2.2
      vertex 144.56 3.35793 2.2
    endloop
  endfacet
  facet normal -0.0653634 0.997862 0
    outer loop
      vertex 5 99 2.4
      vertex 4.47789 98.9658 7.4
      vertex 5 99 7.4
    endloop
  endfacet
  facet normal -0.0653634 0.997862 0
    outer loop
      vertex 4.47789 98.9658 7.4
      vertex 5 99 2.4
      vertex 4.47789 98.9658 2.4
    endloop
  endfacet
  facet normal 0.980786 0.195087 0
    outer loop
      vertex 8.96578 95.5221 7.4
      vertex 8.8637 96.0353 2.2
      vertex 8.8637 96.0353 7.4
    endloop
  endfacet
  facet normal 0.980786 0.195087 0
    outer loop
      vertex 8.8637 96.0353 2.2
      vertex 8.96578 95.5221 7.4
      vertex 8.96578 95.5221 2.2
    endloop
  endfacet
  facet normal 0.896883 -0.442268 0
    outer loop
      vertex 8.4641 93 7.4
      vertex 8.69552 93.4693 2.2
      vertex 8.69552 93.4693 7.4
    endloop
  endfacet
  facet normal 0.896883 -0.442268 0
    outer loop
      vertex 8.69552 93.4693 2.2
      vertex 8.4641 93 7.4
      vertex 8.4641 93 2.2
    endloop
  endfacet
  facet normal -0.997859 -0.0654027 0
    outer loop
      vertex 1.03422 94.4779 2.4
      vertex 1 95 7.4
      vertex 1 95 2.4
    endloop
  endfacet
  facet normal -0.997859 -0.0654027 0
    outer loop
      vertex 1 95 7.4
      vertex 1.03422 94.4779 2.4
      vertex 1.03422 94.4779 7.4
    endloop
  endfacet
  facet normal 0.831441 -0.555613 0
    outer loop
      vertex 8.17341 92.565 7.4
      vertex 8.4641 93 2.2
      vertex 8.4641 93 7.4
    endloop
  endfacet
  facet normal 0.831441 -0.555613 0
    outer loop
      vertex 8.4641 93 2.2
      vertex 8.17341 92.565 7.4
      vertex 8.17341 92.565 2.2
    endloop
  endfacet
  facet normal -0.751861 -0.659321 0
    outer loop
      vertex 2.17157 92.1716 2.4
      vertex 1.82659 92.565 7.4
      vertex 1.82659 92.565 2.4
    endloop
  endfacet
  facet normal -0.751861 -0.659321 0
    outer loop
      vertex 1.82659 92.565 7.4
      vertex 2.17157 92.1716 2.4
      vertex 2.17157 92.1716 7.4
    endloop
  endfacet
  facet normal -0.831441 0.555613 0
    outer loop
      vertex 1.5359 97 2.4
      vertex 1.82659 97.435 7.4
      vertex 1.82659 97.435 2.4
    endloop
  endfacet
  facet normal -0.831441 0.555613 0
    outer loop
      vertex 1.82659 97.435 7.4
      vertex 1.5359 97 2.4
      vertex 1.5359 97 7.4
    endloop
  endfacet
  facet normal 0.555582 0.831462 -0
    outer loop
      vertex 7.43505 98.1734 2.4
      vertex 7 98.4641 7.4
      vertex 7.43505 98.1734 7.4
    endloop
  endfacet
  facet normal 0.555582 0.831462 0
    outer loop
      vertex 7 98.4641 7.4
      vertex 7.43505 98.1734 2.4
      vertex 7 98.4641 2.4
    endloop
  endfacet
  facet normal -0.980786 0.195087 0
    outer loop
      vertex 1.03422 95.5221 2.4
      vertex 1.1363 96.0353 7.4
      vertex 1.1363 96.0353 2.4
    endloop
  endfacet
  facet normal -0.980786 0.195087 0
    outer loop
      vertex 1.1363 96.0353 7.4
      vertex 1.03422 95.5221 2.4
      vertex 1.03422 95.5221 7.4
    endloop
  endfacet
  facet normal -0.997859 0.0654027 0
    outer loop
      vertex 1 95 2.4
      vertex 1.03422 95.5221 7.4
      vertex 1.03422 95.5221 2.4
    endloop
  endfacet
  facet normal -0.997859 0.0654027 0
    outer loop
      vertex 1.03422 95.5221 7.4
      vertex 1 95 2.4
      vertex 1 95 7.4
    endloop
  endfacet
  facet normal -0.896883 -0.442268 0
    outer loop
      vertex 1.5359 93 2.4
      vertex 1.30448 93.4693 7.4
      vertex 1.30448 93.4693 2.4
    endloop
  endfacet
  facet normal -0.896883 -0.442268 0
    outer loop
      vertex 1.30448 93.4693 7.4
      vertex 1.5359 93 2.4
      vertex 1.5359 93 7.4
    endloop
  endfacet
  facet normal 0.896883 0.442268 0
    outer loop
      vertex 8.69552 96.5307 7.4
      vertex 8.4641 97 2.4
      vertex 8.4641 97 7.4
    endloop
  endfacet
  facet normal 0.896883 0.442268 -0
    outer loop
      vertex 8.69552 96.5307 2.2
      vertex 8.4641 97 2.4
      vertex 8.69552 96.5307 7.4
    endloop
  endfacet
  facet normal 0.896883 0.442268 0
    outer loop
      vertex 8.4641 97 2.4
      vertex 8.69552 96.5307 2.2
      vertex 8.4641 97 2.2
    endloop
  endfacet
  facet normal -0.555582 0.831462 0
    outer loop
      vertex 3 98.4641 2.4
      vertex 2.56495 98.1734 7.4
      vertex 3 98.4641 7.4
    endloop
  endfacet
  facet normal -0.555582 0.831462 0
    outer loop
      vertex 2.56495 98.1734 7.4
      vertex 3 98.4641 2.4
      vertex 2.56495 98.1734 2.4
    endloop
  endfacet
  facet normal -0.946922 0.321464 0
    outer loop
      vertex 1.1363 96.0353 2.4
      vertex 1.30448 96.5307 7.4
      vertex 1.30448 96.5307 2.4
    endloop
  endfacet
  facet normal -0.946922 0.321464 0
    outer loop
      vertex 1.30448 96.5307 7.4
      vertex 1.1363 96.0353 2.4
      vertex 1.1363 96.0353 7.4
    endloop
  endfacet
  facet normal 0.751861 0.659321 0
    outer loop
      vertex 8.17341 97.435 7.4
      vertex 7.82843 97.8284 2.4
      vertex 7.82843 97.8284 7.4
    endloop
  endfacet
  facet normal 0.751861 0.659321 0
    outer loop
      vertex 7.82843 97.8284 2.4
      vertex 8.17341 97.435 7.4
      vertex 8.17341 97.435 2.4
    endloop
  endfacet
  facet normal -0.195135 0.980776 0
    outer loop
      vertex 4.47789 98.9658 2.4
      vertex 3.96472 98.8637 7.4
      vertex 4.47789 98.9658 7.4
    endloop
  endfacet
  facet normal -0.195135 0.980776 0
    outer loop
      vertex 3.96472 98.8637 7.4
      vertex 4.47789 98.9658 2.4
      vertex 3.96472 98.8637 2.4
    endloop
  endfacet
  facet normal -0.44226 -0.896887 0
    outer loop
      vertex 3 91.5359 2.4
      vertex 3.46927 91.3045 7.4
      vertex 3 91.5359 7.4
    endloop
  endfacet
  facet normal -0.44226 -0.896887 0
    outer loop
      vertex 3.46927 91.3045 2.2
      vertex 3 91.5359 2.4
      vertex 3 91.5359 2.2
    endloop
  endfacet
  facet normal -0.44226 -0.896887 0
    outer loop
      vertex 3 91.5359 2.4
      vertex 3.46927 91.3045 2.2
      vertex 3.46927 91.3045 7.4
    endloop
  endfacet
  facet normal 0.946922 -0.321464 0
    outer loop
      vertex 8.69552 93.4693 7.4
      vertex 8.8637 93.9647 2.2
      vertex 8.8637 93.9647 7.4
    endloop
  endfacet
  facet normal 0.946922 -0.321464 0
    outer loop
      vertex 8.8637 93.9647 2.2
      vertex 8.69552 93.4693 7.4
      vertex 8.69552 93.4693 2.2
    endloop
  endfacet
  facet normal 0.659362 0.751826 -0
    outer loop
      vertex 7.82843 97.8284 2.4
      vertex 7.43505 98.1734 7.4
      vertex 7.82843 97.8284 7.4
    endloop
  endfacet
  facet normal 0.659362 0.751826 0
    outer loop
      vertex 7.43505 98.1734 7.4
      vertex 7.82843 97.8284 2.4
      vertex 7.43505 98.1734 2.4
    endloop
  endfacet
  facet normal 0.997859 0.0654027 0
    outer loop
      vertex 9 95 7.4
      vertex 8.96578 95.5221 2.2
      vertex 8.96578 95.5221 7.4
    endloop
  endfacet
  facet normal 0.997859 0.0654027 0
    outer loop
      vertex 8.96578 95.5221 2.2
      vertex 9 95 7.4
      vertex 9 95 2.2
    endloop
  endfacet
  facet normal 0.946922 0.321464 0
    outer loop
      vertex 8.8637 96.0353 7.4
      vertex 8.69552 96.5307 2.2
      vertex 8.69552 96.5307 7.4
    endloop
  endfacet
  facet normal 0.946922 0.321464 0
    outer loop
      vertex 8.69552 96.5307 2.2
      vertex 8.8637 96.0353 7.4
      vertex 8.8637 96.0353 2.2
    endloop
  endfacet
  facet normal 0.0653646 0.997861 -0
    outer loop
      vertex 5.5221 98.9658 2.4
      vertex 5 99 7.4
      vertex 5.5221 98.9658 7.4
    endloop
  endfacet
  facet normal 0.0653646 0.997861 0
    outer loop
      vertex 5 99 7.4
      vertex 5.5221 98.9658 2.4
      vertex 5 99 2.4
    endloop
  endfacet
  facet normal 0.751861 -0.659321 0
    outer loop
      vertex 7.82843 92.1716 7.4
      vertex 8.17341 92.565 2.2
      vertex 8.17341 92.565 7.4
    endloop
  endfacet
  facet normal 0.751861 -0.659321 0
    outer loop
      vertex 8.17341 92.565 2.2
      vertex 7.82843 92.1716 7.4
      vertex 7.82843 92.1716 2.2
    endloop
  endfacet
  facet normal 0.997859 -0.0654027 0
    outer loop
      vertex 8.96578 94.4779 7.4
      vertex 9 95 2.2
      vertex 9 95 7.4
    endloop
  endfacet
  facet normal 0.997859 -0.0654027 0
    outer loop
      vertex 9 95 2.2
      vertex 8.96578 94.4779 7.4
      vertex 8.96578 94.4779 2.2
    endloop
  endfacet
  facet normal -0.195135 -0.980776 0
    outer loop
      vertex 3.96472 91.1363 2.2
      vertex 4.47789 91.0342 7.4
      vertex 3.96472 91.1363 7.4
    endloop
  endfacet
  facet normal -0.195135 -0.980776 -0
    outer loop
      vertex 4.47789 91.0342 7.4
      vertex 3.96472 91.1363 2.2
      vertex 4.47789 91.0342 2.2
    endloop
  endfacet
  facet normal 0.44226 0.896887 -0
    outer loop
      vertex 7 98.4641 2.4
      vertex 6.53073 98.6955 7.4
      vertex 7 98.4641 7.4
    endloop
  endfacet
  facet normal 0.44226 0.896887 0
    outer loop
      vertex 6.53073 98.6955 7.4
      vertex 7 98.4641 2.4
      vertex 6.53073 98.6955 2.4
    endloop
  endfacet
  facet normal 0.555582 -0.831462 0
    outer loop
      vertex 7 91.5359 2.2
      vertex 7.43505 91.8266 7.4
      vertex 7 91.5359 7.4
    endloop
  endfacet
  facet normal 0.555582 -0.831462 0
    outer loop
      vertex 7.43505 91.8266 7.4
      vertex 7 91.5359 2.2
      vertex 7.43505 91.8266 2.2
    endloop
  endfacet
  facet normal 0.831441 0.555613 0
    outer loop
      vertex 8.4641 97 7.4
      vertex 8.17341 97.435 2.4
      vertex 8.17341 97.435 7.4
    endloop
  endfacet
  facet normal 0.831441 0.555613 0
    outer loop
      vertex 8.17341 97.435 2.4
      vertex 8.4641 97 7.4
      vertex 8.4641 97 2.4
    endloop
  endfacet
  facet normal 0.44226 -0.896887 0
    outer loop
      vertex 6.53073 91.3045 2.2
      vertex 7 91.5359 7.4
      vertex 6.53073 91.3045 7.4
    endloop
  endfacet
  facet normal 0.44226 -0.896887 0
    outer loop
      vertex 7 91.5359 7.4
      vertex 6.53073 91.3045 2.2
      vertex 7 91.5359 2.2
    endloop
  endfacet
  facet normal -0.321469 0.94692 0
    outer loop
      vertex 3.96472 98.8637 2.4
      vertex 3.46927 98.6955 7.4
      vertex 3.96472 98.8637 7.4
    endloop
  endfacet
  facet normal -0.321469 0.94692 0
    outer loop
      vertex 3.46927 98.6955 7.4
      vertex 3.96472 98.8637 2.4
      vertex 3.46927 98.6955 2.4
    endloop
  endfacet
  facet normal 0.321469 0.94692 -0
    outer loop
      vertex 6.53073 98.6955 2.4
      vertex 6.03528 98.8637 7.4
      vertex 6.53073 98.6955 7.4
    endloop
  endfacet
  facet normal 0.321469 0.94692 0
    outer loop
      vertex 6.03528 98.8637 7.4
      vertex 6.53073 98.6955 2.4
      vertex 6.03528 98.8637 2.4
    endloop
  endfacet
  facet normal 0.980786 -0.195087 0
    outer loop
      vertex 8.8637 93.9647 7.4
      vertex 8.96578 94.4779 2.2
      vertex 8.96578 94.4779 7.4
    endloop
  endfacet
  facet normal 0.980786 -0.195087 0
    outer loop
      vertex 8.96578 94.4779 2.2
      vertex 8.8637 93.9647 7.4
      vertex 8.8637 93.9647 2.2
    endloop
  endfacet
  facet normal 0.195131 -0.980777 0
    outer loop
      vertex 5.5221 91.0342 2.2
      vertex 6.03528 91.1363 7.4
      vertex 5.5221 91.0342 7.4
    endloop
  endfacet
  facet normal 0.195131 -0.980777 0
    outer loop
      vertex 6.03528 91.1363 7.4
      vertex 5.5221 91.0342 2.2
      vertex 6.03528 91.1363 2.2
    endloop
  endfacet
  facet normal 0.321469 -0.94692 0
    outer loop
      vertex 6.03528 91.1363 2.2
      vertex 6.53073 91.3045 7.4
      vertex 6.03528 91.1363 7.4
    endloop
  endfacet
  facet normal 0.321469 -0.94692 0
    outer loop
      vertex 6.53073 91.3045 7.4
      vertex 6.03528 91.1363 2.2
      vertex 6.53073 91.3045 2.2
    endloop
  endfacet
  facet normal -0.946922 -0.321464 0
    outer loop
      vertex 1.30448 93.4693 2.4
      vertex 1.1363 93.9647 7.4
      vertex 1.1363 93.9647 2.4
    endloop
  endfacet
  facet normal -0.946922 -0.321464 0
    outer loop
      vertex 1.1363 93.9647 7.4
      vertex 1.30448 93.4693 2.4
      vertex 1.30448 93.4693 7.4
    endloop
  endfacet
  facet normal -0.980786 -0.195087 0
    outer loop
      vertex 1.1363 93.9647 2.4
      vertex 1.03422 94.4779 7.4
      vertex 1.03422 94.4779 2.4
    endloop
  endfacet
  facet normal -0.980786 -0.195087 0
    outer loop
      vertex 1.03422 94.4779 7.4
      vertex 1.1363 93.9647 2.4
      vertex 1.1363 93.9647 7.4
    endloop
  endfacet
  facet normal 0.0653646 -0.997861 0
    outer loop
      vertex 5 91 2.2
      vertex 5.5221 91.0342 7.4
      vertex 5 91 7.4
    endloop
  endfacet
  facet normal 0.0653646 -0.997861 0
    outer loop
      vertex 5.5221 91.0342 7.4
      vertex 5 91 2.2
      vertex 5.5221 91.0342 2.2
    endloop
  endfacet
  facet normal -0.44226 0.896887 0
    outer loop
      vertex 3.46927 98.6955 2.4
      vertex 3 98.4641 7.4
      vertex 3.46927 98.6955 7.4
    endloop
  endfacet
  facet normal -0.44226 0.896887 0
    outer loop
      vertex 3 98.4641 7.4
      vertex 3.46927 98.6955 2.4
      vertex 3 98.4641 2.4
    endloop
  endfacet
  facet normal -0.831441 -0.555613 0
    outer loop
      vertex 1.82659 92.565 2.4
      vertex 1.5359 93 7.4
      vertex 1.5359 93 2.4
    endloop
  endfacet
  facet normal -0.831441 -0.555613 0
    outer loop
      vertex 1.5359 93 7.4
      vertex 1.82659 92.565 2.4
      vertex 1.82659 92.565 7.4
    endloop
  endfacet
  facet normal -0.659362 -0.751826 0
    outer loop
      vertex 2.17157 92.1716 2.4
      vertex 2.56495 91.8266 7.4
      vertex 2.17157 92.1716 7.4
    endloop
  endfacet
  facet normal -0.659362 -0.751826 -0
    outer loop
      vertex 2.56495 91.8266 7.4
      vertex 2.17157 92.1716 2.4
      vertex 2.56495 91.8266 2.4
    endloop
  endfacet
  facet normal -0.751861 0.659321 0
    outer loop
      vertex 1.82659 97.435 2.4
      vertex 2.17157 97.8284 7.4
      vertex 2.17157 97.8284 2.4
    endloop
  endfacet
  facet normal -0.751861 0.659321 0
    outer loop
      vertex 2.17157 97.8284 7.4
      vertex 1.82659 97.435 2.4
      vertex 1.82659 97.435 7.4
    endloop
  endfacet
  facet normal 0.195131 0.980777 -0
    outer loop
      vertex 6.03528 98.8637 2.4
      vertex 5.5221 98.9658 7.4
      vertex 6.03528 98.8637 7.4
    endloop
  endfacet
  facet normal 0.195131 0.980777 0
    outer loop
      vertex 5.5221 98.9658 7.4
      vertex 6.03528 98.8637 2.4
      vertex 5.5221 98.9658 2.4
    endloop
  endfacet
  facet normal -0.659362 0.751826 0
    outer loop
      vertex 2.56495 98.1734 2.4
      vertex 2.17157 97.8284 7.4
      vertex 2.56495 98.1734 7.4
    endloop
  endfacet
  facet normal -0.659362 0.751826 0
    outer loop
      vertex 2.17157 97.8284 7.4
      vertex 2.56495 98.1734 2.4
      vertex 2.17157 97.8284 2.4
    endloop
  endfacet
  facet normal -0.321469 -0.94692 0
    outer loop
      vertex 3.46927 91.3045 2.2
      vertex 3.96472 91.1363 7.4
      vertex 3.46927 91.3045 7.4
    endloop
  endfacet
  facet normal -0.321469 -0.94692 -0
    outer loop
      vertex 3.96472 91.1363 7.4
      vertex 3.46927 91.3045 2.2
      vertex 3.96472 91.1363 2.2
    endloop
  endfacet
  facet normal -0.896883 0.442268 0
    outer loop
      vertex 1.30448 96.5307 2.4
      vertex 1.5359 97 7.4
      vertex 1.5359 97 2.4
    endloop
  endfacet
  facet normal -0.896883 0.442268 0
    outer loop
      vertex 1.5359 97 7.4
      vertex 1.30448 96.5307 2.4
      vertex 1.30448 96.5307 7.4
    endloop
  endfacet
  facet normal -0.555582 -0.831462 0
    outer loop
      vertex 2.56495 91.8266 2.4
      vertex 3 91.5359 7.4
      vertex 2.56495 91.8266 7.4
    endloop
  endfacet
  facet normal -0.555582 -0.831462 -0
    outer loop
      vertex 3 91.5359 7.4
      vertex 2.56495 91.8266 2.4
      vertex 3 91.5359 2.4
    endloop
  endfacet
  facet normal 0 0 -1
    outer loop
      vertex 8.96578 94.4779 2.2
      vertex 6.68546 94.7781 2.2
      vertex 6.7 95 2.2
    endloop
  endfacet
  facet normal 0 0 -1
    outer loop
      vertex 7.43505 91.8266 2.2
      vertex 6.64207 94.56 2.2
      vertex 6.68546 94.7781 2.2
    endloop
  endfacet
  facet normal 0 0 -1
    outer loop
      vertex 7.43505 91.8266 2.2
      vertex 6.57059 94.3494 2.2
      vertex 6.64207 94.56 2.2
    endloop
  endfacet
  facet normal 0 0 -1
    outer loop
      vertex 5.85 93.5278 2.2
      vertex 7 91.5359 2.2
      vertex 6.53073 91.3045 2.2
    endloop
  endfacet
  facet normal 0 0 -1
    outer loop
      vertex 7.43505 91.8266 2.2
      vertex 6.47224 94.15 2.2
      vertex 6.57059 94.3494 2.2
    endloop
  endfacet
  facet normal 0 0 -1
    outer loop
      vertex 7.43505 91.8266 2.2
      vertex 6.3487 93.9651 2.2
      vertex 6.47224 94.15 2.2
    endloop
  endfacet
  facet normal 0 0 -1
    outer loop
      vertex 7.43505 91.8266 2.2
      vertex 6.20208 93.7979 2.2
      vertex 6.3487 93.9651 2.2
    endloop
  endfacet
  facet normal 0 0 -1
    outer loop
      vertex 5.65056 93.4294 2.2
      vertex 6.53073 91.3045 2.2
      vertex 6.03528 91.1363 2.2
    endloop
  endfacet
  facet normal 0 0 -1
    outer loop
      vertex 7.43505 91.8266 2.2
      vertex 6.03489 93.6513 2.2
      vertex 6.20208 93.7979 2.2
    endloop
  endfacet
  facet normal 0 0 -1
    outer loop
      vertex 7 91.5359 2.2
      vertex 5.85 93.5278 2.2
      vertex 6.03489 93.6513 2.2
    endloop
  endfacet
  facet normal 0 0 -1
    outer loop
      vertex 6.53073 91.3045 2.2
      vertex 5.65056 93.4294 2.2
      vertex 5.85 93.5278 2.2
    endloop
  endfacet
  facet normal 0 0 -1
    outer loop
      vertex 5.43999 93.3579 2.2
      vertex 6.03528 91.1363 2.2
      vertex 5.5221 91.0342 2.2
    endloop
  endfacet
  facet normal 0 0 -1
    outer loop
      vertex 6.03528 91.1363 2.2
      vertex 5.43999 93.3579 2.2
      vertex 5.65056 93.4294 2.2
    endloop
  endfacet
  facet normal 0 0 -1
    outer loop
      vertex 5.5221 91.0342 2.2
      vertex 5.22189 93.3145 2.2
      vertex 5.43999 93.3579 2.2
    endloop
  endfacet
  facet normal 0 0 -1
    outer loop
      vertex 5 91 2.2
      vertex 5.22189 93.3145 2.2
      vertex 5.5221 91.0342 2.2
    endloop
  endfacet
  facet normal 0 0 -1
    outer loop
      vertex 5 91 2.2
      vertex 5 93.3 2.2
      vertex 5.22189 93.3145 2.2
    endloop
  endfacet
  facet normal 0 0 -1
    outer loop
      vertex 5 91 2.2
      vertex 4.7781 93.3145 2.2
      vertex 5 93.3 2.2
    endloop
  endfacet
  facet normal 0 0 -1
    outer loop
      vertex 4.47789 91.0342 2.2
      vertex 4.7781 93.3145 2.2
      vertex 5 91 2.2
    endloop
  endfacet
  facet normal -0 0 -1
    outer loop
      vertex 4.7781 93.3145 2.2
      vertex 4.47789 91.0342 2.2
      vertex 4.56001 93.3579 2.2
    endloop
  endfacet
  facet normal 0 0 -1
    outer loop
      vertex 3.96472 91.1363 2.2
      vertex 4.56001 93.3579 2.2
      vertex 4.47789 91.0342 2.2
    endloop
  endfacet
  facet normal -0 0 -1
    outer loop
      vertex 4.56001 93.3579 2.2
      vertex 3.96472 91.1363 2.2
      vertex 4.34944 93.4294 2.2
    endloop
  endfacet
  facet normal 0 0 -1
    outer loop
      vertex 3.46927 91.3045 2.2
      vertex 4.34944 93.4294 2.2
      vertex 3.96472 91.1363 2.2
    endloop
  endfacet
  facet normal -0 0 -1
    outer loop
      vertex 4.34944 93.4294 2.2
      vertex 3.46927 91.3045 2.2
      vertex 4.15 93.5278 2.2
    endloop
  endfacet
  facet normal 0 0 -1
    outer loop
      vertex 3 91.5359 2.2
      vertex 4.15 93.5278 2.2
      vertex 3.46927 91.3045 2.2
    endloop
  endfacet
  facet normal -0 0 -1
    outer loop
      vertex 4.15 93.5278 2.2
      vertex 3 91.5359 2.2
      vertex 3.96511 93.6513 2.2
    endloop
  endfacet
  facet normal -0 0 -1
    outer loop
      vertex 3.96511 93.6513 2.2
      vertex 3 91.5359 2.2
      vertex 3.79792 93.7979 2.2
    endloop
  endfacet
  facet normal -0 0 -1
    outer loop
      vertex 3.79792 93.7979 2.2
      vertex 3 91.5359 2.2
      vertex 3.6513 93.9651 2.2
    endloop
  endfacet
  facet normal -0 0 -1
    outer loop
      vertex 3.6513 93.9651 2.2
      vertex 3 91.5359 2.2
      vertex 3.52776 94.15 2.2
    endloop
  endfacet
  facet normal -0 0 -1
    outer loop
      vertex 3.52776 94.15 2.2
      vertex 3 91.5359 2.2
      vertex 3.4294 94.3494 2.2
    endloop
  endfacet
  facet normal -0 0 -1
    outer loop
      vertex 3.4294 94.3494 2.2
      vertex 3 91.5359 2.2
      vertex 3.35793 94.56 2.2
    endloop
  endfacet
  facet normal -0 0 -1
    outer loop
      vertex 3.35793 94.56 2.2
      vertex 3 91.5359 2.2
      vertex 3.31454 94.7781 2.2
    endloop
  endfacet
  facet normal -0 0 -1
    outer loop
      vertex 3.31454 94.7781 2.2
      vertex 3 91.5359 2.2
      vertex 3.3 95 2.2
    endloop
  endfacet
  facet normal 0 0 -1
    outer loop
      vertex 6.7 95 2.2
      vertex 9 95 2.2
      vertex 8.96578 94.4779 2.2
    endloop
  endfacet
  facet normal 0 0 -1
    outer loop
      vertex 6.68546 94.7781 2.2
      vertex 8.96578 94.4779 2.2
      vertex 8.8637 93.9647 2.2
    endloop
  endfacet
  facet normal 0 0 -1
    outer loop
      vertex 9 95 2.2
      vertex 6.7 95 2.2
      vertex 8.96578 95.5221 2.2
    endloop
  endfacet
  facet normal 0 0 -1
    outer loop
      vertex 6.68546 94.7781 2.2
      vertex 8.8637 93.9647 2.2
      vertex 8.69552 93.4693 2.2
    endloop
  endfacet
  facet normal 0 0 -1
    outer loop
      vertex 6.68546 95.2219 2.2
      vertex 8.96578 95.5221 2.2
      vertex 6.7 95 2.2
    endloop
  endfacet
  facet normal 0 0 -1
    outer loop
      vertex 6.68546 94.7781 2.2
      vertex 8.69552 93.4693 2.2
      vertex 8.4641 93 2.2
    endloop
  endfacet
  facet normal -0 0 -1
    outer loop
      vertex 8.96578 95.5221 2.2
      vertex 6.68546 95.2219 2.2
      vertex 8.8637 96.0353 2.2
    endloop
  endfacet
  facet normal 0 0 -1
    outer loop
      vertex 6.68546 94.7781 2.2
      vertex 8.4641 93 2.2
      vertex 8.17341 92.565 2.2
    endloop
  endfacet
  facet normal 0 0 -1
    outer loop
      vertex 6.68546 94.7781 2.2
      vertex 8.17341 92.565 2.2
      vertex 7.82843 92.1716 2.2
    endloop
  endfacet
  facet normal 0 0 -1
    outer loop
      vertex 6.68546 94.7781 2.2
      vertex 7.82843 92.1716 2.2
      vertex 7.43505 91.8266 2.2
    endloop
  endfacet
  facet normal 0 0 -1
    outer loop
      vertex 6.03489 93.6513 2.2
      vertex 7.43505 91.8266 2.2
      vertex 7 91.5359 2.2
    endloop
  endfacet
  facet normal 0 0 -1
    outer loop
      vertex 6.64207 95.44 2.2
      vertex 8.8637 96.0353 2.2
      vertex 6.68546 95.2219 2.2
    endloop
  endfacet
  facet normal -0 0 -1
    outer loop
      vertex 8.8637 96.0353 2.2
      vertex 6.64207 95.44 2.2
      vertex 8.69552 96.5307 2.2
    endloop
  endfacet
  facet normal 0 0 -1
    outer loop
      vertex 6.57059 95.6506 2.2
      vertex 8.69552 96.5307 2.2
      vertex 6.64207 95.44 2.2
    endloop
  endfacet
  facet normal -0 0 -1
    outer loop
      vertex 8.69552 96.5307 2.2
      vertex 6.57059 95.6506 2.2
      vertex 8.4641 97 2.2
    endloop
  endfacet
  facet normal 0 0 -1
    outer loop
      vertex 6.47224 95.85 2.2
      vertex 8.4641 97 2.2
      vertex 6.57059 95.6506 2.2
    endloop
  endfacet
  facet normal 0 0 -1
    outer loop
      vertex 6.3487 96.0349 2.2
      vertex 8.4641 97 2.2
      vertex 6.47224 95.85 2.2
    endloop
  endfacet
  facet normal 0 0 -1
    outer loop
      vertex 6.20208 96.2021 2.2
      vertex 8.4641 97 2.2
      vertex 6.3487 96.0349 2.2
    endloop
  endfacet
  facet normal 0 0 -1
    outer loop
      vertex 6.03489 96.3487 2.2
      vertex 8.4641 97 2.2
      vertex 6.20208 96.2021 2.2
    endloop
  endfacet
  facet normal 0 0 -1
    outer loop
      vertex 5.85 96.4722 2.2
      vertex 8.4641 97 2.2
      vertex 6.03489 96.3487 2.2
    endloop
  endfacet
  facet normal 0 0 -1
    outer loop
      vertex 5.65056 96.5706 2.2
      vertex 8.4641 97 2.2
      vertex 5.85 96.4722 2.2
    endloop
  endfacet
  facet normal 0 0 -1
    outer loop
      vertex 5.43999 96.6421 2.2
      vertex 8.4641 97 2.2
      vertex 5.65056 96.5706 2.2
    endloop
  endfacet
  facet normal 0 0 -1
    outer loop
      vertex 5.22189 96.6855 2.2
      vertex 8.4641 97 2.2
      vertex 5.43999 96.6421 2.2
    endloop
  endfacet
  facet normal 0 0 -1
    outer loop
      vertex 5 96.7 2.2
      vertex 8.4641 97 2.2
      vertex 5.22189 96.6855 2.2
    endloop
  endfacet
  facet normal 0 0 -1
    outer loop
      vertex 3 97 2.2
      vertex 5 96.7 2.2
      vertex 4.7781 96.6855 2.2
    endloop
  endfacet
  facet normal 0 0 -1
    outer loop
      vertex 3 97 2.2
      vertex 3.3 95 2.2
      vertex 3 91.5359 2.2
    endloop
  endfacet
  facet normal 0 0 -1
    outer loop
      vertex 5 96.7 2.2
      vertex 3 97 2.2
      vertex 8.4641 97 2.2
    endloop
  endfacet
  facet normal 0 0 -1
    outer loop
      vertex 4.56001 96.6421 2.2
      vertex 3 97 2.2
      vertex 4.7781 96.6855 2.2
    endloop
  endfacet
  facet normal 0 0 -1
    outer loop
      vertex 4.34944 96.5706 2.2
      vertex 3 97 2.2
      vertex 4.56001 96.6421 2.2
    endloop
  endfacet
  facet normal 0 0 -1
    outer loop
      vertex 4.15 96.4722 2.2
      vertex 3 97 2.2
      vertex 4.34944 96.5706 2.2
    endloop
  endfacet
  facet normal 0 0 -1
    outer loop
      vertex 3.96511 96.3487 2.2
      vertex 3 97 2.2
      vertex 4.15 96.4722 2.2
    endloop
  endfacet
  facet normal 0 0 -1
    outer loop
      vertex 3.79792 96.2021 2.2
      vertex 3 97 2.2
      vertex 3.96511 96.3487 2.2
    endloop
  endfacet
  facet normal 0 0 -1
    outer loop
      vertex 3.6513 96.0349 2.2
      vertex 3 97 2.2
      vertex 3.79792 96.2021 2.2
    endloop
  endfacet
  facet normal 0 0 -1
    outer loop
      vertex 3.52776 95.85 2.2
      vertex 3 97 2.2
      vertex 3.6513 96.0349 2.2
    endloop
  endfacet
  facet normal 0 0 -1
    outer loop
      vertex 3.4294 95.6506 2.2
      vertex 3 97 2.2
      vertex 3.52776 95.85 2.2
    endloop
  endfacet
  facet normal 0 0 -1
    outer loop
      vertex 3.35793 95.44 2.2
      vertex 3 97 2.2
      vertex 3.4294 95.6506 2.2
    endloop
  endfacet
  facet normal 0 0 -1
    outer loop
      vertex 3.31454 95.2219 2.2
      vertex 3 97 2.2
      vertex 3.35793 95.44 2.2
    endloop
  endfacet
  facet normal 0 0 -1
    outer loop
      vertex 3.3 95 2.2
      vertex 3 97 2.2
      vertex 3.31454 95.2219 2.2
    endloop
  endfacet
  facet normal 0.659362 -0.751826 0
    outer loop
      vertex 7.43505 91.8266 2.2
      vertex 7.82843 92.1716 7.4
      vertex 7.43505 91.8266 7.4
    endloop
  endfacet
  facet normal 0.659362 -0.751826 0
    outer loop
      vertex 7.82843 92.1716 7.4
      vertex 7.43505 91.8266 2.2
      vertex 7.82843 92.1716 2.2
    endloop
  endfacet
  facet normal -0.0653634 -0.997862 0
    outer loop
      vertex 4.47789 91.0342 2.2
      vertex 5 91 7.4
      vertex 4.47789 91.0342 7.4
    endloop
  endfacet
  facet normal -0.0653634 -0.997862 -0
    outer loop
      vertex 5 91 7.4
      vertex 4.47789 91.0342 2.2
      vertex 5 91 2.2
    endloop
  endfacet
  facet normal 0 0 1
    outer loop
      vertex 6.7 95 7.4
      vertex 9 95 7.4
      vertex 8.96578 95.5221 7.4
    endloop
  endfacet
  facet normal 0 0 1
    outer loop
      vertex 6.68546 95.2219 7.4
      vertex 8.96578 95.5221 7.4
      vertex 8.8637 96.0353 7.4
    endloop
  endfacet
  facet normal 0 0 1
    outer loop
      vertex 9 95 7.4
      vertex 6.7 95 7.4
      vertex 8.96578 94.4779 7.4
    endloop
  endfacet
  facet normal 0 0 1
    outer loop
      vertex 6.64207 95.44 7.4
      vertex 8.8637 96.0353 7.4
      vertex 8.69552 96.5307 7.4
    endloop
  endfacet
  facet normal -0 0 1
    outer loop
      vertex 6.68546 94.7781 7.4
      vertex 8.96578 94.4779 7.4
      vertex 6.7 95 7.4
    endloop
  endfacet
  facet normal 0 0 1
    outer loop
      vertex 6.57059 95.6506 7.4
      vertex 8.69552 96.5307 7.4
      vertex 8.4641 97 7.4
    endloop
  endfacet
  facet normal 0 0 1
    outer loop
      vertex 8.96578 94.4779 7.4
      vertex 6.68546 94.7781 7.4
      vertex 8.8637 93.9647 7.4
    endloop
  endfacet
  facet normal 0 0 1
    outer loop
      vertex 6.47224 95.85 7.4
      vertex 8.4641 97 7.4
      vertex 8.17341 97.435 7.4
    endloop
  endfacet
  facet normal -0 0 1
    outer loop
      vertex 6.64207 94.56 7.4
      vertex 8.8637 93.9647 7.4
      vertex 6.68546 94.7781 7.4
    endloop
  endfacet
  facet normal 0 0 1
    outer loop
      vertex 6.3487 96.0349 7.4
      vertex 8.17341 97.435 7.4
      vertex 7.82843 97.8284 7.4
    endloop
  endfacet
  facet normal 0 0 1
    outer loop
      vertex 8.8637 93.9647 7.4
      vertex 6.64207 94.56 7.4
      vertex 8.69552 93.4693 7.4
    endloop
  endfacet
  facet normal 0 0 1
    outer loop
      vertex 6.20208 96.2021 7.4
      vertex 7.82843 97.8284 7.4
      vertex 7.43505 98.1734 7.4
    endloop
  endfacet
  facet normal -0 0 1
    outer loop
      vertex 6.57059 94.3494 7.4
      vertex 8.69552 93.4693 7.4
      vertex 6.64207 94.56 7.4
    endloop
  endfacet
  facet normal 0 0 1
    outer loop
      vertex 6.03489 96.3487 7.4
      vertex 7.43505 98.1734 7.4
      vertex 7 98.4641 7.4
    endloop
  endfacet
  facet normal 0 0 1
    outer loop
      vertex 8.69552 93.4693 7.4
      vertex 6.57059 94.3494 7.4
      vertex 8.4641 93 7.4
    endloop
  endfacet
  facet normal -0 0 1
    outer loop
      vertex 6.47224 94.15 7.4
      vertex 8.4641 93 7.4
      vertex 6.57059 94.3494 7.4
    endloop
  endfacet
  facet normal 0 0 1
    outer loop
      vertex 8.96578 95.5221 7.4
      vertex 6.68546 95.2219 7.4
      vertex 6.7 95 7.4
    endloop
  endfacet
  facet normal 0 0 1
    outer loop
      vertex 8.8637 96.0353 7.4
      vertex 6.64207 95.44 7.4
      vertex 6.68546 95.2219 7.4
    endloop
  endfacet
  facet normal 0 0 1
    outer loop
      vertex 8.69552 96.5307 7.4
      vertex 6.57059 95.6506 7.4
      vertex 6.64207 95.44 7.4
    endloop
  endfacet
  facet normal 0 0 1
    outer loop
      vertex 5.85 96.4722 7.4
      vertex 7 98.4641 7.4
      vertex 6.53073 98.6955 7.4
    endloop
  endfacet
  facet normal 0 0 1
    outer loop
      vertex 8.4641 97 7.4
      vertex 6.47224 95.85 7.4
      vertex 6.57059 95.6506 7.4
    endloop
  endfacet
  facet normal 0 0 1
    outer loop
      vertex 8.17341 97.435 7.4
      vertex 6.3487 96.0349 7.4
      vertex 6.47224 95.85 7.4
    endloop
  endfacet
  facet normal 0 0 1
    outer loop
      vertex 7.82843 97.8284 7.4
      vertex 6.20208 96.2021 7.4
      vertex 6.3487 96.0349 7.4
    endloop
  endfacet
  facet normal 0 0 1
    outer loop
      vertex 5.65056 96.5706 7.4
      vertex 6.53073 98.6955 7.4
      vertex 6.03528 98.8637 7.4
    endloop
  endfacet
  facet normal 0 0 1
    outer loop
      vertex 7.43505 98.1734 7.4
      vertex 6.03489 96.3487 7.4
      vertex 6.20208 96.2021 7.4
    endloop
  endfacet
  facet normal 0 0 1
    outer loop
      vertex 7 98.4641 7.4
      vertex 5.85 96.4722 7.4
      vertex 6.03489 96.3487 7.4
    endloop
  endfacet
  facet normal 0 0 1
    outer loop
      vertex 6.53073 98.6955 7.4
      vertex 5.65056 96.5706 7.4
      vertex 5.85 96.4722 7.4
    endloop
  endfacet
  facet normal 0 0 1
    outer loop
      vertex 5.43999 96.6421 7.4
      vertex 6.03528 98.8637 7.4
      vertex 5.5221 98.9658 7.4
    endloop
  endfacet
  facet normal 0 0 1
    outer loop
      vertex 6.03528 98.8637 7.4
      vertex 5.43999 96.6421 7.4
      vertex 5.65056 96.5706 7.4
    endloop
  endfacet
  facet normal 0 0 1
    outer loop
      vertex 5.5221 98.9658 7.4
      vertex 5.22189 96.6855 7.4
      vertex 5.43999 96.6421 7.4
    endloop
  endfacet
  facet normal 0 0 1
    outer loop
      vertex 5 99 7.4
      vertex 5.22189 96.6855 7.4
      vertex 5.5221 98.9658 7.4
    endloop
  endfacet
  facet normal 0 0 1
    outer loop
      vertex 5 99 7.4
      vertex 5 96.7 7.4
      vertex 5.22189 96.6855 7.4
    endloop
  endfacet
  facet normal 0 0 1
    outer loop
      vertex 5 99 7.4
      vertex 4.7781 96.6855 7.4
      vertex 5 96.7 7.4
    endloop
  endfacet
  facet normal -0 0 1
    outer loop
      vertex 4.47789 98.9658 7.4
      vertex 4.7781 96.6855 7.4
      vertex 5 99 7.4
    endloop
  endfacet
  facet normal 0 0 1
    outer loop
      vertex 4.7781 96.6855 7.4
      vertex 4.47789 98.9658 7.4
      vertex 4.56001 96.6421 7.4
    endloop
  endfacet
  facet normal -0 0 1
    outer loop
      vertex 3.96472 98.8637 7.4
      vertex 4.56001 96.6421 7.4
      vertex 4.47789 98.9658 7.4
    endloop
  endfacet
  facet normal 0 0 1
    outer loop
      vertex 4.56001 96.6421 7.4
      vertex 3.96472 98.8637 7.4
      vertex 4.34944 96.5706 7.4
    endloop
  endfacet
  facet normal -0 0 1
    outer loop
      vertex 3.46927 98.6955 7.4
      vertex 4.34944 96.5706 7.4
      vertex 3.96472 98.8637 7.4
    endloop
  endfacet
  facet normal 0 0 1
    outer loop
      vertex 4.34944 96.5706 7.4
      vertex 3.46927 98.6955 7.4
      vertex 4.15 96.4722 7.4
    endloop
  endfacet
  facet normal -0 0 1
    outer loop
      vertex 3 98.4641 7.4
      vertex 4.15 96.4722 7.4
      vertex 3.46927 98.6955 7.4
    endloop
  endfacet
  facet normal 0 0 1
    outer loop
      vertex 4.15 96.4722 7.4
      vertex 3 98.4641 7.4
      vertex 3.96511 96.3487 7.4
    endloop
  endfacet
  facet normal -0 0 1
    outer loop
      vertex 2.56495 98.1734 7.4
      vertex 3.96511 96.3487 7.4
      vertex 3 98.4641 7.4
    endloop
  endfacet
  facet normal 0 0 1
    outer loop
      vertex 3.96511 96.3487 7.4
      vertex 2.56495 98.1734 7.4
      vertex 3.79792 96.2021 7.4
    endloop
  endfacet
  facet normal -0 0 1
    outer loop
      vertex 2.17157 97.8284 7.4
      vertex 3.79792 96.2021 7.4
      vertex 2.56495 98.1734 7.4
    endloop
  endfacet
  facet normal 0 0 1
    outer loop
      vertex 3.79792 96.2021 7.4
      vertex 2.17157 97.8284 7.4
      vertex 3.6513 96.0349 7.4
    endloop
  endfacet
  facet normal -0 0 1
    outer loop
      vertex 1.82659 97.435 7.4
      vertex 3.6513 96.0349 7.4
      vertex 2.17157 97.8284 7.4
    endloop
  endfacet
  facet normal 0 0 1
    outer loop
      vertex 3.6513 96.0349 7.4
      vertex 1.82659 97.435 7.4
      vertex 3.52776 95.85 7.4
    endloop
  endfacet
  facet normal -0 0 1
    outer loop
      vertex 1.5359 97 7.4
      vertex 3.52776 95.85 7.4
      vertex 1.82659 97.435 7.4
    endloop
  endfacet
  facet normal 0 0 1
    outer loop
      vertex 8.4641 93 7.4
      vertex 6.47224 94.15 7.4
      vertex 8.17341 92.565 7.4
    endloop
  endfacet
  facet normal -0 0 1
    outer loop
      vertex 6.3487 93.9651 7.4
      vertex 8.17341 92.565 7.4
      vertex 6.47224 94.15 7.4
    endloop
  endfacet
  facet normal 0 0 1
    outer loop
      vertex 8.17341 92.565 7.4
      vertex 6.3487 93.9651 7.4
      vertex 7.82843 92.1716 7.4
    endloop
  endfacet
  facet normal -0 0 1
    outer loop
      vertex 6.20208 93.7979 7.4
      vertex 7.82843 92.1716 7.4
      vertex 6.3487 93.9651 7.4
    endloop
  endfacet
  facet normal 0 0 1
    outer loop
      vertex 7.82843 92.1716 7.4
      vertex 6.20208 93.7979 7.4
      vertex 7.43505 91.8266 7.4
    endloop
  endfacet
  facet normal -0 0 1
    outer loop
      vertex 6.03489 93.6513 7.4
      vertex 7.43505 91.8266 7.4
      vertex 6.20208 93.7979 7.4
    endloop
  endfacet
  facet normal 0 0 1
    outer loop
      vertex 7.43505 91.8266 7.4
      vertex 6.03489 93.6513 7.4
      vertex 7 91.5359 7.4
    endloop
  endfacet
  facet normal -0 0 1
    outer loop
      vertex 5.85 93.5278 7.4
      vertex 7 91.5359 7.4
      vertex 6.03489 93.6513 7.4
    endloop
  endfacet
  facet normal 0 0 1
    outer loop
      vertex 7 91.5359 7.4
      vertex 5.85 93.5278 7.4
      vertex 6.53073 91.3045 7.4
    endloop
  endfacet
  facet normal -0 0 1
    outer loop
      vertex 5.65056 93.4294 7.4
      vertex 6.53073 91.3045 7.4
      vertex 5.85 93.5278 7.4
    endloop
  endfacet
  facet normal 0 0 1
    outer loop
      vertex 6.53073 91.3045 7.4
      vertex 5.65056 93.4294 7.4
      vertex 6.03528 91.1363 7.4
    endloop
  endfacet
  facet normal -0 0 1
    outer loop
      vertex 5.43999 93.3579 7.4
      vertex 6.03528 91.1363 7.4
      vertex 5.65056 93.4294 7.4
    endloop
  endfacet
  facet normal 0 0 1
    outer loop
      vertex 6.03528 91.1363 7.4
      vertex 5.43999 93.3579 7.4
      vertex 5.5221 91.0342 7.4
    endloop
  endfacet
  facet normal -0 0 1
    outer loop
      vertex 5.22189 93.3145 7.4
      vertex 5.5221 91.0342 7.4
      vertex 5.43999 93.3579 7.4
    endloop
  endfacet
  facet normal -0 0 1
    outer loop
      vertex 5 93.3 7.4
      vertex 5.5221 91.0342 7.4
      vertex 5.22189 93.3145 7.4
    endloop
  endfacet
  facet normal 0 0 1
    outer loop
      vertex 5 93.3 7.4
      vertex 5 91 7.4
      vertex 5.5221 91.0342 7.4
    endloop
  endfacet
  facet normal 0 0 1
    outer loop
      vertex 4.7781 93.3145 7.4
      vertex 5 91 7.4
      vertex 5 93.3 7.4
    endloop
  endfacet
  facet normal 0 0 1
    outer loop
      vertex 4.47789 91.0342 7.4
      vertex 4.7781 93.3145 7.4
      vertex 4.56001 93.3579 7.4
    endloop
  endfacet
  facet normal 0 0 1
    outer loop
      vertex 4.7781 93.3145 7.4
      vertex 4.47789 91.0342 7.4
      vertex 5 91 7.4
    endloop
  endfacet
  facet normal 0 0 1
    outer loop
      vertex 3.96472 91.1363 7.4
      vertex 4.56001 93.3579 7.4
      vertex 4.34944 93.4294 7.4
    endloop
  endfacet
  facet normal 0 0 1
    outer loop
      vertex 3.46927 91.3045 7.4
      vertex 4.34944 93.4294 7.4
      vertex 4.15 93.5278 7.4
    endloop
  endfacet
  facet normal 0 0 1
    outer loop
      vertex 3 91.5359 7.4
      vertex 4.15 93.5278 7.4
      vertex 3.96511 93.6513 7.4
    endloop
  endfacet
  facet normal 0 0 1
    outer loop
      vertex 4.56001 93.3579 7.4
      vertex 3.96472 91.1363 7.4
      vertex 4.47789 91.0342 7.4
    endloop
  endfacet
  facet normal 0 0 1
    outer loop
      vertex 2.56495 91.8266 7.4
      vertex 3.96511 93.6513 7.4
      vertex 3.79792 93.7979 7.4
    endloop
  endfacet
  facet normal 0 0 1
    outer loop
      vertex 2.17157 92.1716 7.4
      vertex 3.79792 93.7979 7.4
      vertex 3.6513 93.9651 7.4
    endloop
  endfacet
  facet normal 0 0 1
    outer loop
      vertex 1.82659 92.565 7.4
      vertex 3.6513 93.9651 7.4
      vertex 3.52776 94.15 7.4
    endloop
  endfacet
  facet normal 0 0 1
    outer loop
      vertex 4.34944 93.4294 7.4
      vertex 3.46927 91.3045 7.4
      vertex 3.96472 91.1363 7.4
    endloop
  endfacet
  facet normal 0 0 1
    outer loop
      vertex 1.5359 93 7.4
      vertex 3.52776 94.15 7.4
      vertex 3.4294 94.3494 7.4
    endloop
  endfacet
  facet normal 0 0 1
    outer loop
      vertex 1.30448 93.4693 7.4
      vertex 3.4294 94.3494 7.4
      vertex 3.35793 94.56 7.4
    endloop
  endfacet
  facet normal 0 0 1
    outer loop
      vertex 1.1363 93.9647 7.4
      vertex 3.35793 94.56 7.4
      vertex 3.31454 94.7781 7.4
    endloop
  endfacet
  facet normal 0 0 1
    outer loop
      vertex 1.03422 94.4779 7.4
      vertex 3.31454 94.7781 7.4
      vertex 3.3 95 7.4
    endloop
  endfacet
  facet normal 0 0 1
    outer loop
      vertex 3.52776 95.85 7.4
      vertex 1.5359 97 7.4
      vertex 3.4294 95.6506 7.4
    endloop
  endfacet
  facet normal 0 0 1
    outer loop
      vertex 4.15 93.5278 7.4
      vertex 3 91.5359 7.4
      vertex 3.46927 91.3045 7.4
    endloop
  endfacet
  facet normal -0 0 1
    outer loop
      vertex 1.30448 96.5307 7.4
      vertex 3.4294 95.6506 7.4
      vertex 1.5359 97 7.4
    endloop
  endfacet
  facet normal 0 0 1
    outer loop
      vertex 3.96511 93.6513 7.4
      vertex 2.56495 91.8266 7.4
      vertex 3 91.5359 7.4
    endloop
  endfacet
  facet normal 0 0 1
    outer loop
      vertex 3.4294 95.6506 7.4
      vertex 1.30448 96.5307 7.4
      vertex 3.35793 95.44 7.4
    endloop
  endfacet
  facet normal 0 0 1
    outer loop
      vertex 3.79792 93.7979 7.4
      vertex 2.17157 92.1716 7.4
      vertex 2.56495 91.8266 7.4
    endloop
  endfacet
  facet normal -0 0 1
    outer loop
      vertex 1.1363 96.0353 7.4
      vertex 3.35793 95.44 7.4
      vertex 1.30448 96.5307 7.4
    endloop
  endfacet
  facet normal 0 0 1
    outer loop
      vertex 3.6513 93.9651 7.4
      vertex 1.82659 92.565 7.4
      vertex 2.17157 92.1716 7.4
    endloop
  endfacet
  facet normal 0 0 1
    outer loop
      vertex 3.35793 95.44 7.4
      vertex 1.1363 96.0353 7.4
      vertex 3.31454 95.2219 7.4
    endloop
  endfacet
  facet normal 0 0 1
    outer loop
      vertex 3.52776 94.15 7.4
      vertex 1.5359 93 7.4
      vertex 1.82659 92.565 7.4
    endloop
  endfacet
  facet normal -0 0 1
    outer loop
      vertex 1.03422 95.5221 7.4
      vertex 3.31454 95.2219 7.4
      vertex 1.1363 96.0353 7.4
    endloop
  endfacet
  facet normal 0 0 1
    outer loop
      vertex 3.4294 94.3494 7.4
      vertex 1.30448 93.4693 7.4
      vertex 1.5359 93 7.4
    endloop
  endfacet
  facet normal 0 0 1
    outer loop
      vertex 3.31454 95.2219 7.4
      vertex 1.03422 95.5221 7.4
      vertex 3.3 95 7.4
    endloop
  endfacet
  facet normal 0 0 1
    outer loop
      vertex 3.35793 94.56 7.4
      vertex 1.1363 93.9647 7.4
      vertex 1.30448 93.4693 7.4
    endloop
  endfacet
  facet normal 0 0 1
    outer loop
      vertex 1 95 7.4
      vertex 3.3 95 7.4
      vertex 1.03422 95.5221 7.4
    endloop
  endfacet
  facet normal 0 0 1
    outer loop
      vertex 3.31454 94.7781 7.4
      vertex 1.03422 94.4779 7.4
      vertex 1.1363 93.9647 7.4
    endloop
  endfacet
  facet normal 0 0 1
    outer loop
      vertex 3.3 95 7.4
      vertex 1 95 7.4
      vertex 1.03422 94.4779 7.4
    endloop
  endfacet
  facet normal -0.555447 -0.831552 0
    outer loop
      vertex 5.85 96.4722 2.2
      vertex 6.03489 96.3487 7.4
      vertex 5.85 96.4722 7.4
    endloop
  endfacet
  facet normal -0.555447 -0.831552 -0
    outer loop
      vertex 6.03489 96.3487 7.4
      vertex 5.85 96.4722 2.2
      vertex 6.03489 96.3487 2.2
    endloop
  endfacet
  facet normal 0.555447 -0.831552 0
    outer loop
      vertex 3.96511 96.3487 2.2
      vertex 4.15 96.4722 7.4
      vertex 3.96511 96.3487 7.4
    endloop
  endfacet
  facet normal 0.555447 -0.831552 0
    outer loop
      vertex 4.15 96.4722 7.4
      vertex 3.96511 96.3487 2.2
      vertex 4.15 96.4722 2.2
    endloop
  endfacet
  facet normal -0.195165 0.98077 0
    outer loop
      vertex 5.43999 93.3579 2.2
      vertex 5.22189 93.3145 7.4
      vertex 5.43999 93.3579 7.4
    endloop
  endfacet
  facet normal -0.195165 0.98077 0
    outer loop
      vertex 5.22189 93.3145 7.4
      vertex 5.43999 93.3579 2.2
      vertex 5.22189 93.3145 2.2
    endloop
  endfacet
  facet normal 0.980779 0.195122 0
    outer loop
      vertex 3.35793 94.56 7.4
      vertex 3.31454 94.7781 2.2
      vertex 3.31454 94.7781 7.4
    endloop
  endfacet
  facet normal 0.980779 0.195122 0
    outer loop
      vertex 3.31454 94.7781 2.2
      vertex 3.35793 94.56 7.4
      vertex 3.35793 94.56 2.2
    endloop
  endfacet
  facet normal 0.195173 -0.980769 0
    outer loop
      vertex 4.56001 96.6421 2.2
      vertex 4.7781 96.6855 7.4
      vertex 4.56001 96.6421 7.4
    endloop
  endfacet
  facet normal 0.195173 -0.980769 0
    outer loop
      vertex 4.7781 96.6855 7.4
      vertex 4.56001 96.6421 2.2
      vertex 4.7781 96.6855 2.2
    endloop
  endfacet
  facet normal -0.99786 -0.0653848 0
    outer loop
      vertex 6.7 95 2.2
      vertex 6.68546 95.2219 7.4
      vertex 6.68546 95.2219 2.2
    endloop
  endfacet
  facet normal -0.99786 -0.0653848 0
    outer loop
      vertex 6.68546 95.2219 7.4
      vertex 6.7 95 2.2
      vertex 6.7 95 7.4
    endloop
  endfacet
  facet normal 0.99786 -0.0653848 0
    outer loop
      vertex 3.3 95 7.4
      vertex 3.31454 95.2219 2.2
      vertex 3.31454 95.2219 7.4
    endloop
  endfacet
  facet normal 0.99786 -0.0653848 0
    outer loop
      vertex 3.31454 95.2219 2.2
      vertex 3.3 95 7.4
      vertex 3.3 95 2.2
    endloop
  endfacet
  facet normal -0.946943 -0.321403 0
    outer loop
      vertex 6.64207 95.44 2.2
      vertex 6.57059 95.6506 7.4
      vertex 6.57059 95.6506 2.2
    endloop
  endfacet
  facet normal -0.946943 -0.321403 0
    outer loop
      vertex 6.57059 95.6506 7.4
      vertex 6.64207 95.44 2.2
      vertex 6.64207 95.44 7.4
    endloop
  endfacet
  facet normal 0.321525 -0.946901 0
    outer loop
      vertex 4.34944 96.5706 2.2
      vertex 4.56001 96.6421 7.4
      vertex 4.34944 96.5706 7.4
    endloop
  endfacet
  facet normal 0.321525 -0.946901 0
    outer loop
      vertex 4.56001 96.6421 7.4
      vertex 4.34944 96.5706 2.2
      vertex 4.56001 96.6421 2.2
    endloop
  endfacet
  facet normal -0.980779 -0.195122 0
    outer loop
      vertex 6.68546 95.2219 2.2
      vertex 6.64207 95.44 7.4
      vertex 6.64207 95.44 2.2
    endloop
  endfacet
  facet normal -0.980779 -0.195122 0
    outer loop
      vertex 6.64207 95.44 7.4
      vertex 6.68546 95.2219 2.2
      vertex 6.68546 95.2219 7.4
    endloop
  endfacet
  facet normal 0.659291 0.751888 -0
    outer loop
      vertex 3.96511 93.6513 2.2
      vertex 3.79792 93.7979 7.4
      vertex 3.96511 93.6513 7.4
    endloop
  endfacet
  facet normal 0.659291 0.751888 0
    outer loop
      vertex 3.79792 93.7979 7.4
      vertex 3.96511 93.6513 2.2
      vertex 3.79792 93.7979 2.2
    endloop
  endfacet
  facet normal 0.980779 -0.195122 0
    outer loop
      vertex 3.31454 95.2219 7.4
      vertex 3.35793 95.44 2.2
      vertex 3.35793 95.44 7.4
    endloop
  endfacet
  facet normal 0.980779 -0.195122 0
    outer loop
      vertex 3.35793 95.44 2.2
      vertex 3.31454 95.2219 7.4
      vertex 3.31454 95.2219 2.2
    endloop
  endfacet
  facet normal 0.831483 -0.555551 0
    outer loop
      vertex 3.52776 95.85 7.4
      vertex 3.6513 96.0349 2.2
      vertex 3.6513 96.0349 7.4
    endloop
  endfacet
  facet normal 0.831483 -0.555551 0
    outer loop
      vertex 3.6513 96.0349 2.2
      vertex 3.52776 95.85 7.4
      vertex 3.52776 95.85 2.2
    endloop
  endfacet
  facet normal 0.831483 0.555551 0
    outer loop
      vertex 3.6513 93.9651 7.4
      vertex 3.52776 94.15 2.2
      vertex 3.52776 94.15 7.4
    endloop
  endfacet
  facet normal 0.831483 0.555551 0
    outer loop
      vertex 3.52776 94.15 2.2
      vertex 3.6513 93.9651 7.4
      vertex 3.6513 93.9651 2.2
    endloop
  endfacet
  facet normal -0.195165 -0.98077 0
    outer loop
      vertex 5.22189 96.6855 2.2
      vertex 5.43999 96.6421 7.4
      vertex 5.22189 96.6855 7.4
    endloop
  endfacet
  facet normal -0.195165 -0.98077 -0
    outer loop
      vertex 5.43999 96.6421 7.4
      vertex 5.22189 96.6855 2.2
      vertex 5.43999 96.6421 2.2
    endloop
  endfacet
  facet normal -0.831483 0.555551 0
    outer loop
      vertex 6.3487 93.9651 2.2
      vertex 6.47224 94.15 7.4
      vertex 6.47224 94.15 2.2
    endloop
  endfacet
  facet normal -0.831483 0.555551 0
    outer loop
      vertex 6.47224 94.15 7.4
      vertex 6.3487 93.9651 2.2
      vertex 6.3487 93.9651 7.4
    endloop
  endfacet
  facet normal 0.99786 0.0653848 0
    outer loop
      vertex 3.31454 94.7781 7.4
      vertex 3.3 95 2.2
      vertex 3.3 95 7.4
    endloop
  endfacet
  facet normal 0.99786 0.0653848 0
    outer loop
      vertex 3.3 95 2.2
      vertex 3.31454 94.7781 7.4
      vertex 3.31454 94.7781 2.2
    endloop
  endfacet
  facet normal -0.751863 -0.659319 0
    outer loop
      vertex 6.3487 96.0349 2.2
      vertex 6.20208 96.2021 7.4
      vertex 6.20208 96.2021 2.2
    endloop
  endfacet
  facet normal -0.751863 -0.659319 0
    outer loop
      vertex 6.20208 96.2021 7.4
      vertex 6.3487 96.0349 2.2
      vertex 6.3487 96.0349 7.4
    endloop
  endfacet
  facet normal -0.0652086 -0.997872 0
    outer loop
      vertex 5 96.7 2.2
      vertex 5.22189 96.6855 7.4
      vertex 5 96.7 7.4
    endloop
  endfacet
  facet normal -0.0652086 -0.997872 -0
    outer loop
      vertex 5.22189 96.6855 7.4
      vertex 5 96.7 2.2
      vertex 5.22189 96.6855 2.2
    endloop
  endfacet
  facet normal 0.946956 -0.321363 0
    outer loop
      vertex 3.35793 95.44 7.4
      vertex 3.4294 95.6506 2.2
      vertex 3.4294 95.6506 7.4
    endloop
  endfacet
  facet normal 0.946956 -0.321363 0
    outer loop
      vertex 3.4294 95.6506 2.2
      vertex 3.35793 95.44 7.4
      vertex 3.35793 95.44 2.2
    endloop
  endfacet
  facet normal 0.195173 0.980769 -0
    outer loop
      vertex 4.7781 93.3145 2.2
      vertex 4.56001 93.3579 7.4
      vertex 4.7781 93.3145 7.4
    endloop
  endfacet
  facet normal 0.195173 0.980769 0
    outer loop
      vertex 4.56001 93.3579 7.4
      vertex 4.7781 93.3145 2.2
      vertex 4.56001 93.3579 2.2
    endloop
  endfacet
  facet normal -0.442459 0.896789 0
    outer loop
      vertex 5.85 93.5278 2.2
      vertex 5.65056 93.4294 7.4
      vertex 5.85 93.5278 7.4
    endloop
  endfacet
  facet normal -0.442459 0.896789 0
    outer loop
      vertex 5.65056 93.4294 7.4
      vertex 5.85 93.5278 2.2
      vertex 5.65056 93.4294 2.2
    endloop
  endfacet
  facet normal -0.946943 0.321403 0
    outer loop
      vertex 6.57059 94.3494 2.2
      vertex 6.64207 94.56 7.4
      vertex 6.64207 94.56 2.2
    endloop
  endfacet
  facet normal -0.946943 0.321403 0
    outer loop
      vertex 6.64207 94.56 7.4
      vertex 6.57059 94.3494 2.2
      vertex 6.57059 94.3494 7.4
    endloop
  endfacet
  facet normal -0.831483 -0.555551 0
    outer loop
      vertex 6.47224 95.85 2.2
      vertex 6.3487 96.0349 7.4
      vertex 6.3487 96.0349 2.2
    endloop
  endfacet
  facet normal -0.831483 -0.555551 0
    outer loop
      vertex 6.3487 96.0349 7.4
      vertex 6.47224 95.85 2.2
      vertex 6.47224 95.85 7.4
    endloop
  endfacet
  facet normal 0.896825 0.442386 0
    outer loop
      vertex 3.52776 94.15 7.4
      vertex 3.4294 94.3494 2.2
      vertex 3.4294 94.3494 7.4
    endloop
  endfacet
  facet normal 0.896825 0.442386 0
    outer loop
      vertex 3.4294 94.3494 2.2
      vertex 3.52776 94.15 7.4
      vertex 3.52776 94.15 2.2
    endloop
  endfacet
  facet normal -0.0652086 0.997872 0
    outer loop
      vertex 5.22189 93.3145 2.2
      vertex 5 93.3 7.4
      vertex 5.22189 93.3145 7.4
    endloop
  endfacet
  facet normal -0.0652086 0.997872 0
    outer loop
      vertex 5 93.3 7.4
      vertex 5.22189 93.3145 2.2
      vertex 5 93.3 2.2
    endloop
  endfacet
  facet normal 0.442459 -0.896789 0
    outer loop
      vertex 4.15 96.4722 2.2
      vertex 4.34944 96.5706 7.4
      vertex 4.15 96.4722 7.4
    endloop
  endfacet
  facet normal 0.442459 -0.896789 0
    outer loop
      vertex 4.34944 96.5706 7.4
      vertex 4.15 96.4722 2.2
      vertex 4.34944 96.5706 2.2
    endloop
  endfacet
  facet normal -0.555447 0.831552 0
    outer loop
      vertex 6.03489 93.6513 2.2
      vertex 5.85 93.5278 7.4
      vertex 6.03489 93.6513 7.4
    endloop
  endfacet
  facet normal -0.555447 0.831552 0
    outer loop
      vertex 5.85 93.5278 7.4
      vertex 6.03489 93.6513 2.2
      vertex 5.85 93.5278 2.2
    endloop
  endfacet
  facet normal -0.659291 -0.751888 0
    outer loop
      vertex 6.03489 96.3487 2.2
      vertex 6.20208 96.2021 7.4
      vertex 6.03489 96.3487 7.4
    endloop
  endfacet
  facet normal -0.659291 -0.751888 -0
    outer loop
      vertex 6.20208 96.2021 7.4
      vertex 6.03489 96.3487 2.2
      vertex 6.20208 96.2021 2.2
    endloop
  endfacet
  facet normal 0.946956 0.321363 0
    outer loop
      vertex 3.4294 94.3494 7.4
      vertex 3.35793 94.56 2.2
      vertex 3.35793 94.56 7.4
    endloop
  endfacet
  facet normal 0.946956 0.321363 0
    outer loop
      vertex 3.35793 94.56 2.2
      vertex 3.4294 94.3494 7.4
      vertex 3.4294 94.3494 2.2
    endloop
  endfacet
  facet normal -0.321525 -0.946901 0
    outer loop
      vertex 5.43999 96.6421 2.2
      vertex 5.65056 96.5706 7.4
      vertex 5.43999 96.6421 7.4
    endloop
  endfacet
  facet normal -0.321525 -0.946901 -0
    outer loop
      vertex 5.65056 96.5706 7.4
      vertex 5.43999 96.6421 2.2
      vertex 5.65056 96.5706 2.2
    endloop
  endfacet
  facet normal -0.321525 0.946901 0
    outer loop
      vertex 5.65056 93.4294 2.2
      vertex 5.43999 93.3579 7.4
      vertex 5.65056 93.4294 7.4
    endloop
  endfacet
  facet normal -0.321525 0.946901 0
    outer loop
      vertex 5.43999 93.3579 7.4
      vertex 5.65056 93.4294 2.2
      vertex 5.43999 93.3579 2.2
    endloop
  endfacet
  facet normal -0.99786 0.0653848 0
    outer loop
      vertex 6.68546 94.7781 2.2
      vertex 6.7 95 7.4
      vertex 6.7 95 2.2
    endloop
  endfacet
  facet normal -0.99786 0.0653848 0
    outer loop
      vertex 6.7 95 7.4
      vertex 6.68546 94.7781 2.2
      vertex 6.68546 94.7781 7.4
    endloop
  endfacet
  facet normal -0.980779 0.195122 0
    outer loop
      vertex 6.64207 94.56 2.2
      vertex 6.68546 94.7781 7.4
      vertex 6.68546 94.7781 2.2
    endloop
  endfacet
  facet normal -0.980779 0.195122 0
    outer loop
      vertex 6.68546 94.7781 7.4
      vertex 6.64207 94.56 2.2
      vertex 6.64207 94.56 7.4
    endloop
  endfacet
  facet normal -0.896843 0.442349 0
    outer loop
      vertex 6.47224 94.15 2.2
      vertex 6.57059 94.3494 7.4
      vertex 6.57059 94.3494 2.2
    endloop
  endfacet
  facet normal -0.896843 0.442349 0
    outer loop
      vertex 6.57059 94.3494 7.4
      vertex 6.47224 94.15 2.2
      vertex 6.47224 94.15 7.4
    endloop
  endfacet
  facet normal 0.442459 0.896789 -0
    outer loop
      vertex 4.34944 93.4294 2.2
      vertex 4.15 93.5278 7.4
      vertex 4.34944 93.4294 7.4
    endloop
  endfacet
  facet normal 0.442459 0.896789 0
    outer loop
      vertex 4.15 93.5278 7.4
      vertex 4.34944 93.4294 2.2
      vertex 4.15 93.5278 2.2
    endloop
  endfacet
  facet normal 0.896825 -0.442386 0
    outer loop
      vertex 3.4294 95.6506 7.4
      vertex 3.52776 95.85 2.2
      vertex 3.52776 95.85 7.4
    endloop
  endfacet
  facet normal 0.896825 -0.442386 0
    outer loop
      vertex 3.52776 95.85 2.2
      vertex 3.4294 95.6506 7.4
      vertex 3.4294 95.6506 2.2
    endloop
  endfacet
  facet normal 0.0652057 -0.997872 0
    outer loop
      vertex 4.7781 96.6855 2.2
      vertex 5 96.7 7.4
      vertex 4.7781 96.6855 7.4
    endloop
  endfacet
  facet normal 0.0652057 -0.997872 0
    outer loop
      vertex 5 96.7 7.4
      vertex 4.7781 96.6855 2.2
      vertex 5 96.7 2.2
    endloop
  endfacet
  facet normal -0.442459 -0.896789 0
    outer loop
      vertex 5.65056 96.5706 2.2
      vertex 5.85 96.4722 7.4
      vertex 5.65056 96.5706 7.4
    endloop
  endfacet
  facet normal -0.442459 -0.896789 -0
    outer loop
      vertex 5.85 96.4722 7.4
      vertex 5.65056 96.5706 2.2
      vertex 5.85 96.4722 2.2
    endloop
  endfacet
  facet normal -0.896843 -0.442349 0
    outer loop
      vertex 6.57059 95.6506 2.2
      vertex 6.47224 95.85 7.4
      vertex 6.47224 95.85 2.2
    endloop
  endfacet
  facet normal -0.896843 -0.442349 0
    outer loop
      vertex 6.47224 95.85 7.4
      vertex 6.57059 95.6506 2.2
      vertex 6.57059 95.6506 7.4
    endloop
  endfacet
  facet normal 0.751863 0.659319 0
    outer loop
      vertex 3.79792 93.7979 7.4
      vertex 3.6513 93.9651 2.2
      vertex 3.6513 93.9651 7.4
    endloop
  endfacet
  facet normal 0.751863 0.659319 0
    outer loop
      vertex 3.6513 93.9651 2.2
      vertex 3.79792 93.7979 7.4
      vertex 3.79792 93.7979 2.2
    endloop
  endfacet
  facet normal 0.751863 -0.659319 0
    outer loop
      vertex 3.6513 96.0349 7.4
      vertex 3.79792 96.2021 2.2
      vertex 3.79792 96.2021 7.4
    endloop
  endfacet
  facet normal 0.751863 -0.659319 0
    outer loop
      vertex 3.79792 96.2021 2.2
      vertex 3.6513 96.0349 7.4
      vertex 3.6513 96.0349 2.2
    endloop
  endfacet
  facet normal 0.555447 0.831552 -0
    outer loop
      vertex 4.15 93.5278 2.2
      vertex 3.96511 93.6513 7.4
      vertex 4.15 93.5278 7.4
    endloop
  endfacet
  facet normal 0.555447 0.831552 0
    outer loop
      vertex 3.96511 93.6513 7.4
      vertex 4.15 93.5278 2.2
      vertex 3.96511 93.6513 2.2
    endloop
  endfacet
  facet normal -0.751863 0.659319 0
    outer loop
      vertex 6.20208 93.7979 2.2
      vertex 6.3487 93.9651 7.4
      vertex 6.3487 93.9651 2.2
    endloop
  endfacet
  facet normal -0.751863 0.659319 0
    outer loop
      vertex 6.3487 93.9651 7.4
      vertex 6.20208 93.7979 2.2
      vertex 6.20208 93.7979 7.4
    endloop
  endfacet
  facet normal 0.659291 -0.751888 0
    outer loop
      vertex 3.79792 96.2021 2.2
      vertex 3.96511 96.3487 7.4
      vertex 3.79792 96.2021 7.4
    endloop
  endfacet
  facet normal 0.659291 -0.751888 0
    outer loop
      vertex 3.96511 96.3487 7.4
      vertex 3.79792 96.2021 2.2
      vertex 3.96511 96.3487 2.2
    endloop
  endfacet
  facet normal 0.321525 0.946901 -0
    outer loop
      vertex 4.56001 93.3579 2.2
      vertex 4.34944 93.4294 7.4
      vertex 4.56001 93.3579 7.4
    endloop
  endfacet
  facet normal 0.321525 0.946901 0
    outer loop
      vertex 4.34944 93.4294 7.4
      vertex 4.56001 93.3579 2.2
      vertex 4.34944 93.4294 2.2
    endloop
  endfacet
  facet normal -0.659291 0.751888 0
    outer loop
      vertex 6.20208 93.7979 2.2
      vertex 6.03489 93.6513 7.4
      vertex 6.20208 93.7979 7.4
    endloop
  endfacet
  facet normal -0.659291 0.751888 0
    outer loop
      vertex 6.03489 93.6513 7.4
      vertex 6.20208 93.7979 2.2
      vertex 6.03489 93.6513 2.2
    endloop
  endfacet
  facet normal 0.0652057 0.997872 -0
    outer loop
      vertex 5 93.3 2.2
      vertex 4.7781 93.3145 7.4
      vertex 5 93.3 7.4
    endloop
  endfacet
  facet normal 0.0652057 0.997872 0
    outer loop
      vertex 4.7781 93.3145 7.4
      vertex 5 93.3 2.2
      vertex 4.7781 93.3145 2.2
    endloop
  endfacet
  facet normal -0.0653771 0.997861 0
    outer loop
      vertex 145 99 2.4
      vertex 144.478 98.9658 7.4
      vertex 145 99 7.4
    endloop
  endfacet
  facet normal -0.0653771 0.997861 0
    outer loop
      vertex 144.478 98.9658 7.4
      vertex 145 99 2.4
      vertex 144.478 98.9658 2.4
    endloop
  endfacet
  facet normal 0.980815 0.19494 0
    outer loop
      vertex 148.966 95.5221 7.4
      vertex 148.864 96.0353 2.4
      vertex 148.864 96.0353 7.4
    endloop
  endfacet
  facet normal 0.980815 0.19494 0
    outer loop
      vertex 148.864 96.0353 2.4
      vertex 148.966 95.5221 7.4
      vertex 148.966 95.5221 2.4
    endloop
  endfacet
  facet normal 0.896443 -0.443159 0
    outer loop
      vertex 148.464 93 7.4
      vertex 148.696 93.4693 2.4
      vertex 148.696 93.4693 7.4
    endloop
  endfacet
  facet normal 0.896443 -0.443159 0
    outer loop
      vertex 148.696 93.4693 2.4
      vertex 148.464 93 7.4
      vertex 148.464 93 2.4
    endloop
  endfacet
  facet normal -0.997886 -0.064984 0
    outer loop
      vertex 141.034 94.4779 2.2
      vertex 141 95 7.4
      vertex 141 95 2.2
    endloop
  endfacet
  facet normal -0.997886 -0.064984 0
    outer loop
      vertex 141 95 7.4
      vertex 141.034 94.4779 2.2
      vertex 141.034 94.4779 7.4
    endloop
  endfacet
  facet normal 0.831167 -0.556022 0
    outer loop
      vertex 148.173 92.565 7.4
      vertex 148.464 93 2.4
      vertex 148.464 93 7.4
    endloop
  endfacet
  facet normal 0.831167 -0.556022 0
    outer loop
      vertex 148.464 93 2.4
      vertex 148.173 92.565 7.4
      vertex 148.173 92.565 2.4
    endloop
  endfacet
  facet normal -0.751842 -0.659343 0
    outer loop
      vertex 142.172 92.1716 2.2
      vertex 141.827 92.565 7.4
      vertex 141.827 92.565 2.2
    endloop
  endfacet
  facet normal -0.751842 -0.659343 0
    outer loop
      vertex 141.827 92.565 7.4
      vertex 142.172 92.1716 2.2
      vertex 142.172 92.1716 7.4
    endloop
  endfacet
  facet normal -0.831167 0.556022 0
    outer loop
      vertex 141.536 97 2.4
      vertex 141.827 97.435 7.4
      vertex 141.827 97.435 2.4
    endloop
  endfacet
  facet normal -0.831167 0.556022 0
    outer loop
      vertex 141.827 97.435 7.4
      vertex 141.536 97 2.4
      vertex 141.536 97 7.4
    endloop
  endfacet
  facet normal 0.555626 0.831432 -0
    outer loop
      vertex 147.435 98.1734 2.4
      vertex 147 98.4641 7.4
      vertex 147.435 98.1734 7.4
    endloop
  endfacet
  facet normal 0.555626 0.831432 0
    outer loop
      vertex 147 98.4641 7.4
      vertex 147.435 98.1734 2.4
      vertex 147 98.4641 2.4
    endloop
  endfacet
  facet normal -0.980815 0.19494 0
    outer loop
      vertex 141.034 95.5221 2.2
      vertex 141.136 96.0353 7.4
      vertex 141.136 96.0353 2.2
    endloop
  endfacet
  facet normal -0.980815 0.19494 0
    outer loop
      vertex 141.136 96.0353 7.4
      vertex 141.034 95.5221 2.2
      vertex 141.034 95.5221 7.4
    endloop
  endfacet
  facet normal -0.997886 0.064984 0
    outer loop
      vertex 141 95 2.2
      vertex 141.034 95.5221 7.4
      vertex 141.034 95.5221 2.2
    endloop
  endfacet
  facet normal -0.997886 0.064984 0
    outer loop
      vertex 141.034 95.5221 7.4
      vertex 141 95 2.2
      vertex 141 95 7.4
    endloop
  endfacet
  facet normal -0.896443 -0.443159 0
    outer loop
      vertex 141.536 93 2.2
      vertex 141.304 93.4693 7.4
      vertex 141.304 93.4693 2.2
    endloop
  endfacet
  facet normal -0.896443 -0.443159 0
    outer loop
      vertex 141.304 93.4693 7.4
      vertex 141.536 93 2.2
      vertex 141.536 93 7.4
    endloop
  endfacet
  facet normal 0.896443 0.443159 0
    outer loop
      vertex 148.696 96.5307 7.4
      vertex 148.464 97 2.4
      vertex 148.464 97 7.4
    endloop
  endfacet
  facet normal 0.896443 0.443159 0
    outer loop
      vertex 148.464 97 2.4
      vertex 148.696 96.5307 7.4
      vertex 148.696 96.5307 2.4
    endloop
  endfacet
  facet normal -0.555626 0.831432 0
    outer loop
      vertex 143 98.4641 2.4
      vertex 142.565 98.1734 7.4
      vertex 143 98.4641 7.4
    endloop
  endfacet
  facet normal -0.555626 0.831432 0
    outer loop
      vertex 142.565 98.1734 7.4
      vertex 143 98.4641 2.4
      vertex 142.565 98.1734 2.4
    endloop
  endfacet
  facet normal -0.947026 0.321156 0
    outer loop
      vertex 141.136 96.0353 2.2
      vertex 141.304 96.5307 7.4
      vertex 141.304 96.5307 2.2
    endloop
  endfacet
  facet normal -0.947026 0.321156 0
    outer loop
      vertex 141.304 96.5307 7.4
      vertex 141.136 96.0353 2.2
      vertex 141.136 96.0353 7.4
    endloop
  endfacet
  facet normal 0.751842 0.659343 0
    outer loop
      vertex 148.173 97.435 7.4
      vertex 147.828 97.8284 2.4
      vertex 147.828 97.8284 7.4
    endloop
  endfacet
  facet normal 0.751842 0.659343 0
    outer loop
      vertex 147.828 97.8284 2.4
      vertex 148.173 97.435 7.4
      vertex 148.173 97.435 2.4
    endloop
  endfacet
  facet normal -0.195197 0.980764 0
    outer loop
      vertex 144.478 98.9658 2.4
      vertex 143.965 98.8637 7.4
      vertex 144.478 98.9658 7.4
    endloop
  endfacet
  facet normal -0.195197 0.980764 0
    outer loop
      vertex 143.965 98.8637 7.4
      vertex 144.478 98.9658 2.4
      vertex 143.965 98.8637 2.4
    endloop
  endfacet
  facet normal -0.442465 -0.896786 0
    outer loop
      vertex 143 91.5359 2.2
      vertex 143.469 91.3045 7.4
      vertex 143 91.5359 7.4
    endloop
  endfacet
  facet normal -0.442465 -0.896786 -0
    outer loop
      vertex 143.469 91.3045 7.4
      vertex 143 91.5359 2.2
      vertex 143.469 91.3045 2.2
    endloop
  endfacet
  facet normal 0.947026 -0.321156 0
    outer loop
      vertex 148.696 93.4693 7.4
      vertex 148.864 93.9647 2.4
      vertex 148.864 93.9647 7.4
    endloop
  endfacet
  facet normal 0.947026 -0.321156 0
    outer loop
      vertex 148.864 93.9647 2.4
      vertex 148.696 93.4693 7.4
      vertex 148.696 93.4693 2.4
    endloop
  endfacet
  facet normal 0.659722 0.75151 -0
    outer loop
      vertex 147.828 97.8284 2.4
      vertex 147.435 98.1734 7.4
      vertex 147.828 97.8284 7.4
    endloop
  endfacet
  facet normal 0.659722 0.75151 0
    outer loop
      vertex 147.435 98.1734 7.4
      vertex 147.828 97.8284 2.4
      vertex 147.435 98.1734 2.4
    endloop
  endfacet
  facet normal 0.997886 0.064984 0
    outer loop
      vertex 149 95 7.4
      vertex 148.966 95.5221 2.4
      vertex 148.966 95.5221 7.4
    endloop
  endfacet
  facet normal 0.997886 0.064984 0
    outer loop
      vertex 148.966 95.5221 2.4
      vertex 149 95 7.4
      vertex 149 95 2.4
    endloop
  endfacet
  facet normal 0.947026 0.321156 0
    outer loop
      vertex 148.864 96.0353 7.4
      vertex 148.696 96.5307 2.4
      vertex 148.696 96.5307 7.4
    endloop
  endfacet
  facet normal 0.947026 0.321156 0
    outer loop
      vertex 148.696 96.5307 2.4
      vertex 148.864 96.0353 7.4
      vertex 148.864 96.0353 2.4
    endloop
  endfacet
  facet normal 0.0653771 0.997861 -0
    outer loop
      vertex 145.522 98.9658 2.4
      vertex 145 99 7.4
      vertex 145.522 98.9658 7.4
    endloop
  endfacet
  facet normal 0.0653771 0.997861 0
    outer loop
      vertex 145 99 7.4
      vertex 145.522 98.9658 2.4
      vertex 145 99 2.4
    endloop
  endfacet
  facet normal 0.751842 -0.659343 0
    outer loop
      vertex 147.828 92.1716 7.4
      vertex 148.173 92.565 2.4
      vertex 148.173 92.565 7.4
    endloop
  endfacet
  facet normal 0.751842 -0.659343 0
    outer loop
      vertex 148.173 92.565 2.4
      vertex 147.828 92.1716 7.4
      vertex 147.828 92.1716 2.4
    endloop
  endfacet
  facet normal 0.997886 -0.064984 0
    outer loop
      vertex 148.966 94.4779 7.4
      vertex 149 95 2.4
      vertex 149 95 7.4
    endloop
  endfacet
  facet normal 0.997886 -0.064984 0
    outer loop
      vertex 149 95 2.4
      vertex 148.966 94.4779 7.4
      vertex 148.966 94.4779 2.4
    endloop
  endfacet
  facet normal -0.195197 -0.980764 0
    outer loop
      vertex 143.965 91.1363 2.2
      vertex 144.478 91.0342 7.4
      vertex 143.965 91.1363 7.4
    endloop
  endfacet
  facet normal -0.195197 -0.980764 -0
    outer loop
      vertex 144.478 91.0342 7.4
      vertex 143.965 91.1363 2.2
      vertex 144.478 91.0342 2.2
    endloop
  endfacet
  facet normal 0.442465 0.896786 -0
    outer loop
      vertex 147 98.4641 2.4
      vertex 146.531 98.6955 7.4
      vertex 147 98.4641 7.4
    endloop
  endfacet
  facet normal 0.442465 0.896786 0
    outer loop
      vertex 146.531 98.6955 7.4
      vertex 147 98.4641 2.4
      vertex 146.531 98.6955 2.4
    endloop
  endfacet
  facet normal 0.555626 -0.831432 0
    outer loop
      vertex 147 91.5359 2.4
      vertex 147.435 91.8266 7.4
      vertex 147 91.5359 7.4
    endloop
  endfacet
  facet normal 0.555626 -0.831432 0
    outer loop
      vertex 147.435 91.8266 7.4
      vertex 147 91.5359 2.4
      vertex 147.435 91.8266 2.4
    endloop
  endfacet
  facet normal 0.831167 0.556022 0
    outer loop
      vertex 148.464 97 7.4
      vertex 148.173 97.435 2.4
      vertex 148.173 97.435 7.4
    endloop
  endfacet
  facet normal 0.831167 0.556022 0
    outer loop
      vertex 148.173 97.435 2.4
      vertex 148.464 97 7.4
      vertex 148.464 97 2.4
    endloop
  endfacet
  facet normal 0.442465 -0.896786 0
    outer loop
      vertex 146.531 91.3045 7.4
      vertex 147 91.5359 2.4
      vertex 147 91.5359 7.4
    endloop
  endfacet
  facet normal 0.442465 -0.896786 0
    outer loop
      vertex 146.531 91.3045 2.2
      vertex 147 91.5359 2.4
      vertex 146.531 91.3045 7.4
    endloop
  endfacet
  facet normal 0.442465 -0.896786 0
    outer loop
      vertex 147 91.5359 2.4
      vertex 146.531 91.3045 2.2
      vertex 147 91.5359 2.2
    endloop
  endfacet
  facet normal -0.32115 0.947028 0
    outer loop
      vertex 143.965 98.8637 2.4
      vertex 143.469 98.6955 7.4
      vertex 143.965 98.8637 7.4
    endloop
  endfacet
  facet normal -0.32115 0.947028 0
    outer loop
      vertex 143.469 98.6955 7.4
      vertex 143.965 98.8637 2.4
      vertex 143.469 98.6955 2.4
    endloop
  endfacet
  facet normal 0.32115 0.947028 -0
    outer loop
      vertex 146.531 98.6955 2.4
      vertex 146.035 98.8637 7.4
      vertex 146.531 98.6955 7.4
    endloop
  endfacet
  facet normal 0.32115 0.947028 0
    outer loop
      vertex 146.035 98.8637 7.4
      vertex 146.531 98.6955 2.4
      vertex 146.035 98.8637 2.4
    endloop
  endfacet
  facet normal 0.980815 -0.19494 0
    outer loop
      vertex 148.864 93.9647 7.4
      vertex 148.966 94.4779 2.4
      vertex 148.966 94.4779 7.4
    endloop
  endfacet
  facet normal 0.980815 -0.19494 0
    outer loop
      vertex 148.966 94.4779 2.4
      vertex 148.864 93.9647 7.4
      vertex 148.864 93.9647 2.4
    endloop
  endfacet
  facet normal 0.195197 -0.980764 0
    outer loop
      vertex 145.522 91.0342 2.2
      vertex 146.035 91.1363 7.4
      vertex 145.522 91.0342 7.4
    endloop
  endfacet
  facet normal 0.195197 -0.980764 0
    outer loop
      vertex 146.035 91.1363 7.4
      vertex 145.522 91.0342 2.2
      vertex 146.035 91.1363 2.2
    endloop
  endfacet
  facet normal 0.32115 -0.947028 0
    outer loop
      vertex 146.035 91.1363 2.2
      vertex 146.531 91.3045 7.4
      vertex 146.035 91.1363 7.4
    endloop
  endfacet
  facet normal 0.32115 -0.947028 0
    outer loop
      vertex 146.531 91.3045 7.4
      vertex 146.035 91.1363 2.2
      vertex 146.531 91.3045 2.2
    endloop
  endfacet
  facet normal -0.947026 -0.321156 0
    outer loop
      vertex 141.304 93.4693 2.2
      vertex 141.136 93.9647 7.4
      vertex 141.136 93.9647 2.2
    endloop
  endfacet
  facet normal -0.947026 -0.321156 0
    outer loop
      vertex 141.136 93.9647 7.4
      vertex 141.304 93.4693 2.2
      vertex 141.304 93.4693 7.4
    endloop
  endfacet
  facet normal -0.980815 -0.19494 0
    outer loop
      vertex 141.136 93.9647 2.2
      vertex 141.034 94.4779 7.4
      vertex 141.034 94.4779 2.2
    endloop
  endfacet
  facet normal -0.980815 -0.19494 0
    outer loop
      vertex 141.034 94.4779 7.4
      vertex 141.136 93.9647 2.2
      vertex 141.136 93.9647 7.4
    endloop
  endfacet
  facet normal 0.0653771 -0.997861 0
    outer loop
      vertex 145 91 2.2
      vertex 145.522 91.0342 7.4
      vertex 145 91 7.4
    endloop
  endfacet
  facet normal 0.0653771 -0.997861 0
    outer loop
      vertex 145.522 91.0342 7.4
      vertex 145 91 2.2
      vertex 145.522 91.0342 2.2
    endloop
  endfacet
  facet normal -0.442465 0.896786 0
    outer loop
      vertex 143.469 98.6955 2.4
      vertex 143 98.4641 7.4
      vertex 143.469 98.6955 7.4
    endloop
  endfacet
  facet normal -0.442465 0.896786 0
    outer loop
      vertex 143 98.4641 7.4
      vertex 143.469 98.6955 2.4
      vertex 143 98.4641 2.4
    endloop
  endfacet
  facet normal -0.831167 -0.556022 0
    outer loop
      vertex 141.827 92.565 2.2
      vertex 141.536 93 7.4
      vertex 141.536 93 2.2
    endloop
  endfacet
  facet normal -0.831167 -0.556022 0
    outer loop
      vertex 141.536 93 7.4
      vertex 141.827 92.565 2.2
      vertex 141.827 92.565 7.4
    endloop
  endfacet
  facet normal -0.659722 -0.75151 0
    outer loop
      vertex 142.172 92.1716 2.2
      vertex 142.565 91.8266 7.4
      vertex 142.172 92.1716 7.4
    endloop
  endfacet
  facet normal -0.659722 -0.75151 -0
    outer loop
      vertex 142.565 91.8266 7.4
      vertex 142.172 92.1716 2.2
      vertex 142.565 91.8266 2.2
    endloop
  endfacet
  facet normal -0.751842 0.659343 0
    outer loop
      vertex 141.827 97.435 2.4
      vertex 142.172 97.8284 7.4
      vertex 142.172 97.8284 2.4
    endloop
  endfacet
  facet normal -0.751842 0.659343 0
    outer loop
      vertex 142.172 97.8284 7.4
      vertex 141.827 97.435 2.4
      vertex 141.827 97.435 7.4
    endloop
  endfacet
  facet normal -0.32115 -0.947028 0
    outer loop
      vertex 143.469 91.3045 2.2
      vertex 143.965 91.1363 7.4
      vertex 143.469 91.3045 7.4
    endloop
  endfacet
  facet normal -0.32115 -0.947028 -0
    outer loop
      vertex 143.965 91.1363 7.4
      vertex 143.469 91.3045 2.2
      vertex 143.965 91.1363 2.2
    endloop
  endfacet
  facet normal -0.659722 0.75151 0
    outer loop
      vertex 142.565 98.1734 2.4
      vertex 142.172 97.8284 7.4
      vertex 142.565 98.1734 7.4
    endloop
  endfacet
  facet normal -0.659722 0.75151 0
    outer loop
      vertex 142.172 97.8284 7.4
      vertex 142.565 98.1734 2.4
      vertex 142.172 97.8284 2.4
    endloop
  endfacet
  facet normal -0.896443 0.443159 0
    outer loop
      vertex 141.304 96.5307 2.2
      vertex 141.536 97 2.4
      vertex 141.536 97 2.2
    endloop
  endfacet
  facet normal -0.896443 0.443159 0
    outer loop
      vertex 141.304 96.5307 7.4
      vertex 141.536 97 2.4
      vertex 141.304 96.5307 2.2
    endloop
  endfacet
  facet normal -0.896443 0.443159 0
    outer loop
      vertex 141.536 97 2.4
      vertex 141.304 96.5307 7.4
      vertex 141.536 97 7.4
    endloop
  endfacet
  facet normal -0.555626 -0.831432 0
    outer loop
      vertex 142.565 91.8266 2.2
      vertex 143 91.5359 7.4
      vertex 142.565 91.8266 7.4
    endloop
  endfacet
  facet normal -0.555626 -0.831432 -0
    outer loop
      vertex 143 91.5359 7.4
      vertex 142.565 91.8266 2.2
      vertex 143 91.5359 2.2
    endloop
  endfacet
  facet normal 0 0 -1
    outer loop
      vertex 147 91.5359 2.2
      vertex 146.7 95 2.2
      vertex 147 97 2.2
    endloop
  endfacet
  facet normal 0 0 -1
    outer loop
      vertex 147 91.5359 2.2
      vertex 146.685 94.7781 2.2
      vertex 146.7 95 2.2
    endloop
  endfacet
  facet normal 0 0 -1
    outer loop
      vertex 147 91.5359 2.2
      vertex 146.642 94.56 2.2
      vertex 146.685 94.7781 2.2
    endloop
  endfacet
  facet normal 0 0 -1
    outer loop
      vertex 147 91.5359 2.2
      vertex 146.571 94.3494 2.2
      vertex 146.642 94.56 2.2
    endloop
  endfacet
  facet normal 0 0 -1
    outer loop
      vertex 145.85 93.5278 2.2
      vertex 147 91.5359 2.2
      vertex 146.531 91.3045 2.2
    endloop
  endfacet
  facet normal 0 0 -1
    outer loop
      vertex 147 91.5359 2.2
      vertex 146.472 94.15 2.2
      vertex 146.571 94.3494 2.2
    endloop
  endfacet
  facet normal 0 0 -1
    outer loop
      vertex 147 91.5359 2.2
      vertex 146.349 93.9651 2.2
      vertex 146.472 94.15 2.2
    endloop
  endfacet
  facet normal 0 0 -1
    outer loop
      vertex 147 91.5359 2.2
      vertex 146.202 93.7979 2.2
      vertex 146.349 93.9651 2.2
    endloop
  endfacet
  facet normal 0 0 -1
    outer loop
      vertex 145.651 93.4294 2.2
      vertex 146.531 91.3045 2.2
      vertex 146.035 91.1363 2.2
    endloop
  endfacet
  facet normal 0 0 -1
    outer loop
      vertex 147 91.5359 2.2
      vertex 146.035 93.6513 2.2
      vertex 146.202 93.7979 2.2
    endloop
  endfacet
  facet normal 0 0 -1
    outer loop
      vertex 147 91.5359 2.2
      vertex 145.85 93.5278 2.2
      vertex 146.035 93.6513 2.2
    endloop
  endfacet
  facet normal 0 0 -1
    outer loop
      vertex 146.531 91.3045 2.2
      vertex 145.651 93.4294 2.2
      vertex 145.85 93.5278 2.2
    endloop
  endfacet
  facet normal 0 0 -1
    outer loop
      vertex 145.44 93.3579 2.2
      vertex 146.035 91.1363 2.2
      vertex 145.522 91.0342 2.2
    endloop
  endfacet
  facet normal 0 0 -1
    outer loop
      vertex 146.035 91.1363 2.2
      vertex 145.44 93.3579 2.2
      vertex 145.651 93.4294 2.2
    endloop
  endfacet
  facet normal 0 0 -1
    outer loop
      vertex 145.522 91.0342 2.2
      vertex 145.222 93.3145 2.2
      vertex 145.44 93.3579 2.2
    endloop
  endfacet
  facet normal 0 0 -1
    outer loop
      vertex 145 91 2.2
      vertex 145.222 93.3145 2.2
      vertex 145.522 91.0342 2.2
    endloop
  endfacet
  facet normal 0 0 -1
    outer loop
      vertex 145 91 2.2
      vertex 145 93.3 2.2
      vertex 145.222 93.3145 2.2
    endloop
  endfacet
  facet normal 0 0 -1
    outer loop
      vertex 145 91 2.2
      vertex 144.778 93.3145 2.2
      vertex 145 93.3 2.2
    endloop
  endfacet
  facet normal 0 0 -1
    outer loop
      vertex 144.478 91.0342 2.2
      vertex 144.778 93.3145 2.2
      vertex 145 91 2.2
    endloop
  endfacet
  facet normal -0 0 -1
    outer loop
      vertex 144.778 93.3145 2.2
      vertex 144.478 91.0342 2.2
      vertex 144.56 93.3579 2.2
    endloop
  endfacet
  facet normal 0 0 -1
    outer loop
      vertex 143.965 91.1363 2.2
      vertex 144.56 93.3579 2.2
      vertex 144.478 91.0342 2.2
    endloop
  endfacet
  facet normal -0 0 -1
    outer loop
      vertex 144.56 93.3579 2.2
      vertex 143.965 91.1363 2.2
      vertex 144.349 93.4294 2.2
    endloop
  endfacet
  facet normal 0 0 -1
    outer loop
      vertex 143.469 91.3045 2.2
      vertex 144.349 93.4294 2.2
      vertex 143.965 91.1363 2.2
    endloop
  endfacet
  facet normal -0 0 -1
    outer loop
      vertex 144.349 93.4294 2.2
      vertex 143.469 91.3045 2.2
      vertex 144.15 93.5278 2.2
    endloop
  endfacet
  facet normal 0 0 -1
    outer loop
      vertex 143 91.5359 2.2
      vertex 144.15 93.5278 2.2
      vertex 143.469 91.3045 2.2
    endloop
  endfacet
  facet normal -0 0 -1
    outer loop
      vertex 144.15 93.5278 2.2
      vertex 143 91.5359 2.2
      vertex 143.965 93.6513 2.2
    endloop
  endfacet
  facet normal 0 0 -1
    outer loop
      vertex 142.565 91.8266 2.2
      vertex 143.965 93.6513 2.2
      vertex 143 91.5359 2.2
    endloop
  endfacet
  facet normal -0 0 -1
    outer loop
      vertex 143.965 93.6513 2.2
      vertex 142.565 91.8266 2.2
      vertex 143.798 93.7979 2.2
    endloop
  endfacet
  facet normal 0 0 -1
    outer loop
      vertex 142.172 92.1716 2.2
      vertex 143.798 93.7979 2.2
      vertex 142.565 91.8266 2.2
    endloop
  endfacet
  facet normal -0 0 -1
    outer loop
      vertex 143.798 93.7979 2.2
      vertex 142.172 92.1716 2.2
      vertex 143.651 93.9651 2.2
    endloop
  endfacet
  facet normal 0 0 -1
    outer loop
      vertex 141.827 92.565 2.2
      vertex 143.651 93.9651 2.2
      vertex 142.172 92.1716 2.2
    endloop
  endfacet
  facet normal -0 0 -1
    outer loop
      vertex 143.651 93.9651 2.2
      vertex 141.827 92.565 2.2
      vertex 143.528 94.15 2.2
    endloop
  endfacet
  facet normal 0 0 -1
    outer loop
      vertex 141.536 93 2.2
      vertex 143.528 94.15 2.2
      vertex 141.827 92.565 2.2
    endloop
  endfacet
  facet normal 0 0 -1
    outer loop
      vertex 146.685 95.2219 2.2
      vertex 147 97 2.2
      vertex 146.7 95 2.2
    endloop
  endfacet
  facet normal 0 0 -1
    outer loop
      vertex 146.642 95.44 2.2
      vertex 147 97 2.2
      vertex 146.685 95.2219 2.2
    endloop
  endfacet
  facet normal 0 0 -1
    outer loop
      vertex 146.571 95.6506 2.2
      vertex 147 97 2.2
      vertex 146.642 95.44 2.2
    endloop
  endfacet
  facet normal 0 0 -1
    outer loop
      vertex 146.472 95.85 2.2
      vertex 147 97 2.2
      vertex 146.571 95.6506 2.2
    endloop
  endfacet
  facet normal 0 0 -1
    outer loop
      vertex 146.349 96.0349 2.2
      vertex 147 97 2.2
      vertex 146.472 95.85 2.2
    endloop
  endfacet
  facet normal 0 0 -1
    outer loop
      vertex 146.202 96.2021 2.2
      vertex 147 97 2.2
      vertex 146.349 96.0349 2.2
    endloop
  endfacet
  facet normal 0 0 -1
    outer loop
      vertex 146.035 96.3487 2.2
      vertex 147 97 2.2
      vertex 146.202 96.2021 2.2
    endloop
  endfacet
  facet normal 0 0 -1
    outer loop
      vertex 145.85 96.4722 2.2
      vertex 147 97 2.2
      vertex 146.035 96.3487 2.2
    endloop
  endfacet
  facet normal 0 0 -1
    outer loop
      vertex 145.651 96.5706 2.2
      vertex 147 97 2.2
      vertex 145.85 96.4722 2.2
    endloop
  endfacet
  facet normal 0 0 -1
    outer loop
      vertex 145.44 96.6421 2.2
      vertex 147 97 2.2
      vertex 145.651 96.5706 2.2
    endloop
  endfacet
  facet normal 0 0 -1
    outer loop
      vertex 145.222 96.6855 2.2
      vertex 147 97 2.2
      vertex 145.44 96.6421 2.2
    endloop
  endfacet
  facet normal 0 0 -1
    outer loop
      vertex 145 96.7 2.2
      vertex 147 97 2.2
      vertex 145.222 96.6855 2.2
    endloop
  endfacet
  facet normal 0 0 -1
    outer loop
      vertex 141.536 97 2.2
      vertex 145 96.7 2.2
      vertex 144.778 96.6855 2.2
    endloop
  endfacet
  facet normal -0 0 -1
    outer loop
      vertex 143.528 94.15 2.2
      vertex 141.536 93 2.2
      vertex 143.429 94.3494 2.2
    endloop
  endfacet
  facet normal 0 0 -1
    outer loop
      vertex 141.304 93.4693 2.2
      vertex 143.429 94.3494 2.2
      vertex 141.536 93 2.2
    endloop
  endfacet
  facet normal -0 0 -1
    outer loop
      vertex 143.429 94.3494 2.2
      vertex 141.304 93.4693 2.2
      vertex 143.358 94.56 2.2
    endloop
  endfacet
  facet normal 0 0 -1
    outer loop
      vertex 141.136 93.9647 2.2
      vertex 143.358 94.56 2.2
      vertex 141.304 93.4693 2.2
    endloop
  endfacet
  facet normal -0 0 -1
    outer loop
      vertex 143.358 94.56 2.2
      vertex 141.136 93.9647 2.2
      vertex 143.315 94.7781 2.2
    endloop
  endfacet
  facet normal 0 0 -1
    outer loop
      vertex 141.034 94.4779 2.2
      vertex 143.315 94.7781 2.2
      vertex 141.136 93.9647 2.2
    endloop
  endfacet
  facet normal -0 0 -1
    outer loop
      vertex 143.315 94.7781 2.2
      vertex 141.034 94.4779 2.2
      vertex 143.3 95 2.2
    endloop
  endfacet
  facet normal 0 0 -1
    outer loop
      vertex 141 95 2.2
      vertex 143.3 95 2.2
      vertex 141.034 94.4779 2.2
    endloop
  endfacet
  facet normal 0 0 -1
    outer loop
      vertex 143.3 95 2.2
      vertex 141 95 2.2
      vertex 143.315 95.2219 2.2
    endloop
  endfacet
  facet normal 0 0 -1
    outer loop
      vertex 145 96.7 2.2
      vertex 141.536 97 2.2
      vertex 147 97 2.2
    endloop
  endfacet
  facet normal 0 0 -1
    outer loop
      vertex 144.56 96.6421 2.2
      vertex 141.536 97 2.2
      vertex 144.778 96.6855 2.2
    endloop
  endfacet
  facet normal 0 0 -1
    outer loop
      vertex 144.349 96.5706 2.2
      vertex 141.536 97 2.2
      vertex 144.56 96.6421 2.2
    endloop
  endfacet
  facet normal 0 0 -1
    outer loop
      vertex 144.15 96.4722 2.2
      vertex 141.536 97 2.2
      vertex 144.349 96.5706 2.2
    endloop
  endfacet
  facet normal 0 0 -1
    outer loop
      vertex 143.965 96.3487 2.2
      vertex 141.536 97 2.2
      vertex 144.15 96.4722 2.2
    endloop
  endfacet
  facet normal 0 0 -1
    outer loop
      vertex 143.798 96.2021 2.2
      vertex 141.536 97 2.2
      vertex 143.965 96.3487 2.2
    endloop
  endfacet
  facet normal 0 0 -1
    outer loop
      vertex 143.651 96.0349 2.2
      vertex 141.536 97 2.2
      vertex 143.798 96.2021 2.2
    endloop
  endfacet
  facet normal 0 -0 -1
    outer loop
      vertex 141.034 95.5221 2.2
      vertex 143.315 95.2219 2.2
      vertex 141 95 2.2
    endloop
  endfacet
  facet normal 0 0 -1
    outer loop
      vertex 143.315 95.2219 2.2
      vertex 141.034 95.5221 2.2
      vertex 143.358 95.44 2.2
    endloop
  endfacet
  facet normal 0 0 -1
    outer loop
      vertex 143.528 95.85 2.2
      vertex 141.536 97 2.2
      vertex 143.651 96.0349 2.2
    endloop
  endfacet
  facet normal 0 -0 -1
    outer loop
      vertex 141.136 96.0353 2.2
      vertex 143.358 95.44 2.2
      vertex 141.034 95.5221 2.2
    endloop
  endfacet
  facet normal 0 -0 -1
    outer loop
      vertex 141.536 97 2.2
      vertex 143.528 95.85 2.2
      vertex 141.304 96.5307 2.2
    endloop
  endfacet
  facet normal 0 0 -1
    outer loop
      vertex 143.358 95.44 2.2
      vertex 141.136 96.0353 2.2
      vertex 143.429 95.6506 2.2
    endloop
  endfacet
  facet normal 0 0 -1
    outer loop
      vertex 143.429 95.6506 2.2
      vertex 141.304 96.5307 2.2
      vertex 143.528 95.85 2.2
    endloop
  endfacet
  facet normal 0 -0 -1
    outer loop
      vertex 141.304 96.5307 2.2
      vertex 143.429 95.6506 2.2
      vertex 141.136 96.0353 2.2
    endloop
  endfacet
  facet normal 0.195197 0.980764 -0
    outer loop
      vertex 146.035 98.8637 2.4
      vertex 145.522 98.9658 7.4
      vertex 146.035 98.8637 7.4
    endloop
  endfacet
  facet normal 0.195197 0.980764 0
    outer loop
      vertex 145.522 98.9658 7.4
      vertex 146.035 98.8637 2.4
      vertex 145.522 98.9658 2.4
    endloop
  endfacet
  facet normal 0.659722 -0.75151 0
    outer loop
      vertex 147.435 91.8266 2.4
      vertex 147.828 92.1716 7.4
      vertex 147.435 91.8266 7.4
    endloop
  endfacet
  facet normal 0.659722 -0.75151 0
    outer loop
      vertex 147.828 92.1716 7.4
      vertex 147.435 91.8266 2.4
      vertex 147.828 92.1716 2.4
    endloop
  endfacet
  facet normal -0.0653771 -0.997861 0
    outer loop
      vertex 144.478 91.0342 2.2
      vertex 145 91 7.4
      vertex 144.478 91.0342 7.4
    endloop
  endfacet
  facet normal -0.0653771 -0.997861 -0
    outer loop
      vertex 145 91 7.4
      vertex 144.478 91.0342 2.2
      vertex 145 91 2.2
    endloop
  endfacet
  facet normal 0 0 1
    outer loop
      vertex 146.7 95 7.4
      vertex 149 95 7.4
      vertex 148.966 95.5221 7.4
    endloop
  endfacet
  facet normal 0 0 1
    outer loop
      vertex 146.685 95.2219 7.4
      vertex 148.966 95.5221 7.4
      vertex 148.864 96.0353 7.4
    endloop
  endfacet
  facet normal 0 0 1
    outer loop
      vertex 149 95 7.4
      vertex 146.7 95 7.4
      vertex 148.966 94.4779 7.4
    endloop
  endfacet
  facet normal 0 0 1
    outer loop
      vertex 146.642 95.44 7.4
      vertex 148.864 96.0353 7.4
      vertex 148.696 96.5307 7.4
    endloop
  endfacet
  facet normal -0 0 1
    outer loop
      vertex 146.685 94.7781 7.4
      vertex 148.966 94.4779 7.4
      vertex 146.7 95 7.4
    endloop
  endfacet
  facet normal 0 0 1
    outer loop
      vertex 146.571 95.6506 7.4
      vertex 148.696 96.5307 7.4
      vertex 148.464 97 7.4
    endloop
  endfacet
  facet normal 0 0 1
    outer loop
      vertex 148.966 94.4779 7.4
      vertex 146.685 94.7781 7.4
      vertex 148.864 93.9647 7.4
    endloop
  endfacet
  facet normal 0 0 1
    outer loop
      vertex 146.472 95.85 7.4
      vertex 148.464 97 7.4
      vertex 148.173 97.435 7.4
    endloop
  endfacet
  facet normal -0 0 1
    outer loop
      vertex 146.642 94.56 7.4
      vertex 148.864 93.9647 7.4
      vertex 146.685 94.7781 7.4
    endloop
  endfacet
  facet normal 0 0 1
    outer loop
      vertex 146.349 96.0349 7.4
      vertex 148.173 97.435 7.4
      vertex 147.828 97.8284 7.4
    endloop
  endfacet
  facet normal 0 0 1
    outer loop
      vertex 148.864 93.9647 7.4
      vertex 146.642 94.56 7.4
      vertex 148.696 93.4693 7.4
    endloop
  endfacet
  facet normal 0 0 1
    outer loop
      vertex 146.202 96.2021 7.4
      vertex 147.828 97.8284 7.4
      vertex 147.435 98.1734 7.4
    endloop
  endfacet
  facet normal -0 0 1
    outer loop
      vertex 146.571 94.3494 7.4
      vertex 148.696 93.4693 7.4
      vertex 146.642 94.56 7.4
    endloop
  endfacet
  facet normal 0 0 1
    outer loop
      vertex 146.035 96.3487 7.4
      vertex 147.435 98.1734 7.4
      vertex 147 98.4641 7.4
    endloop
  endfacet
  facet normal 0 0 1
    outer loop
      vertex 148.696 93.4693 7.4
      vertex 146.571 94.3494 7.4
      vertex 148.464 93 7.4
    endloop
  endfacet
  facet normal -0 0 1
    outer loop
      vertex 146.472 94.15 7.4
      vertex 148.464 93 7.4
      vertex 146.571 94.3494 7.4
    endloop
  endfacet
  facet normal 0 0 1
    outer loop
      vertex 148.966 95.5221 7.4
      vertex 146.685 95.2219 7.4
      vertex 146.7 95 7.4
    endloop
  endfacet
  facet normal 0 0 1
    outer loop
      vertex 148.864 96.0353 7.4
      vertex 146.642 95.44 7.4
      vertex 146.685 95.2219 7.4
    endloop
  endfacet
  facet normal 0 0 1
    outer loop
      vertex 148.696 96.5307 7.4
      vertex 146.571 95.6506 7.4
      vertex 146.642 95.44 7.4
    endloop
  endfacet
  facet normal 0 0 1
    outer loop
      vertex 145.85 96.4722 7.4
      vertex 147 98.4641 7.4
      vertex 146.531 98.6955 7.4
    endloop
  endfacet
  facet normal 0 0 1
    outer loop
      vertex 148.464 97 7.4
      vertex 146.472 95.85 7.4
      vertex 146.571 95.6506 7.4
    endloop
  endfacet
  facet normal 0 0 1
    outer loop
      vertex 148.173 97.435 7.4
      vertex 146.349 96.0349 7.4
      vertex 146.472 95.85 7.4
    endloop
  endfacet
  facet normal 0 0 1
    outer loop
      vertex 147.828 97.8284 7.4
      vertex 146.202 96.2021 7.4
      vertex 146.349 96.0349 7.4
    endloop
  endfacet
  facet normal 0 0 1
    outer loop
      vertex 145.651 96.5706 7.4
      vertex 146.531 98.6955 7.4
      vertex 146.035 98.8637 7.4
    endloop
  endfacet
  facet normal 0 0 1
    outer loop
      vertex 147.435 98.1734 7.4
      vertex 146.035 96.3487 7.4
      vertex 146.202 96.2021 7.4
    endloop
  endfacet
  facet normal 0 0 1
    outer loop
      vertex 147 98.4641 7.4
      vertex 145.85 96.4722 7.4
      vertex 146.035 96.3487 7.4
    endloop
  endfacet
  facet normal 0 0 1
    outer loop
      vertex 146.531 98.6955 7.4
      vertex 145.651 96.5706 7.4
      vertex 145.85 96.4722 7.4
    endloop
  endfacet
  facet normal 0 0 1
    outer loop
      vertex 145.44 96.6421 7.4
      vertex 146.035 98.8637 7.4
      vertex 145.522 98.9658 7.4
    endloop
  endfacet
  facet normal 0 0 1
    outer loop
      vertex 146.035 98.8637 7.4
      vertex 145.44 96.6421 7.4
      vertex 145.651 96.5706 7.4
    endloop
  endfacet
  facet normal 0 0 1
    outer loop
      vertex 145.522 98.9658 7.4
      vertex 145.222 96.6855 7.4
      vertex 145.44 96.6421 7.4
    endloop
  endfacet
  facet normal 0 0 1
    outer loop
      vertex 145 99 7.4
      vertex 145.222 96.6855 7.4
      vertex 145.522 98.9658 7.4
    endloop
  endfacet
  facet normal 0 0 1
    outer loop
      vertex 145 99 7.4
      vertex 145 96.7 7.4
      vertex 145.222 96.6855 7.4
    endloop
  endfacet
  facet normal 0 0 1
    outer loop
      vertex 145 99 7.4
      vertex 144.778 96.6855 7.4
      vertex 145 96.7 7.4
    endloop
  endfacet
  facet normal -0 0 1
    outer loop
      vertex 144.478 98.9658 7.4
      vertex 144.778 96.6855 7.4
      vertex 145 99 7.4
    endloop
  endfacet
  facet normal 0 0 1
    outer loop
      vertex 144.778 96.6855 7.4
      vertex 144.478 98.9658 7.4
      vertex 144.56 96.6421 7.4
    endloop
  endfacet
  facet normal -0 0 1
    outer loop
      vertex 143.965 98.8637 7.4
      vertex 144.56 96.6421 7.4
      vertex 144.478 98.9658 7.4
    endloop
  endfacet
  facet normal 0 0 1
    outer loop
      vertex 144.56 96.6421 7.4
      vertex 143.965 98.8637 7.4
      vertex 144.349 96.5706 7.4
    endloop
  endfacet
  facet normal -0 0 1
    outer loop
      vertex 143.469 98.6955 7.4
      vertex 144.349 96.5706 7.4
      vertex 143.965 98.8637 7.4
    endloop
  endfacet
  facet normal 0 0 1
    outer loop
      vertex 144.349 96.5706 7.4
      vertex 143.469 98.6955 7.4
      vertex 144.15 96.4722 7.4
    endloop
  endfacet
  facet normal -0 0 1
    outer loop
      vertex 143 98.4641 7.4
      vertex 144.15 96.4722 7.4
      vertex 143.469 98.6955 7.4
    endloop
  endfacet
  facet normal 0 0 1
    outer loop
      vertex 144.15 96.4722 7.4
      vertex 143 98.4641 7.4
      vertex 143.965 96.3487 7.4
    endloop
  endfacet
  facet normal -0 0 1
    outer loop
      vertex 142.565 98.1734 7.4
      vertex 143.965 96.3487 7.4
      vertex 143 98.4641 7.4
    endloop
  endfacet
  facet normal 0 0 1
    outer loop
      vertex 143.965 96.3487 7.4
      vertex 142.565 98.1734 7.4
      vertex 143.798 96.2021 7.4
    endloop
  endfacet
  facet normal -0 0 1
    outer loop
      vertex 142.172 97.8284 7.4
      vertex 143.798 96.2021 7.4
      vertex 142.565 98.1734 7.4
    endloop
  endfacet
  facet normal 0 0 1
    outer loop
      vertex 143.798 96.2021 7.4
      vertex 142.172 97.8284 7.4
      vertex 143.651 96.0349 7.4
    endloop
  endfacet
  facet normal -0 0 1
    outer loop
      vertex 141.827 97.435 7.4
      vertex 143.651 96.0349 7.4
      vertex 142.172 97.8284 7.4
    endloop
  endfacet
  facet normal 0 0 1
    outer loop
      vertex 143.651 96.0349 7.4
      vertex 141.827 97.435 7.4
      vertex 143.528 95.85 7.4
    endloop
  endfacet
  facet normal -0 0 1
    outer loop
      vertex 141.536 97 7.4
      vertex 143.528 95.85 7.4
      vertex 141.827 97.435 7.4
    endloop
  endfacet
  facet normal 0 0 1
    outer loop
      vertex 148.464 93 7.4
      vertex 146.472 94.15 7.4
      vertex 148.173 92.565 7.4
    endloop
  endfacet
  facet normal -0 0 1
    outer loop
      vertex 146.349 93.9651 7.4
      vertex 148.173 92.565 7.4
      vertex 146.472 94.15 7.4
    endloop
  endfacet
  facet normal 0 0 1
    outer loop
      vertex 148.173 92.565 7.4
      vertex 146.349 93.9651 7.4
      vertex 147.828 92.1716 7.4
    endloop
  endfacet
  facet normal -0 0 1
    outer loop
      vertex 146.202 93.7979 7.4
      vertex 147.828 92.1716 7.4
      vertex 146.349 93.9651 7.4
    endloop
  endfacet
  facet normal 0 0 1
    outer loop
      vertex 147.828 92.1716 7.4
      vertex 146.202 93.7979 7.4
      vertex 147.435 91.8266 7.4
    endloop
  endfacet
  facet normal -0 0 1
    outer loop
      vertex 146.035 93.6513 7.4
      vertex 147.435 91.8266 7.4
      vertex 146.202 93.7979 7.4
    endloop
  endfacet
  facet normal 0 0 1
    outer loop
      vertex 147.435 91.8266 7.4
      vertex 146.035 93.6513 7.4
      vertex 147 91.5359 7.4
    endloop
  endfacet
  facet normal -0 0 1
    outer loop
      vertex 145.85 93.5278 7.4
      vertex 147 91.5359 7.4
      vertex 146.035 93.6513 7.4
    endloop
  endfacet
  facet normal 0 0 1
    outer loop
      vertex 147 91.5359 7.4
      vertex 145.85 93.5278 7.4
      vertex 146.531 91.3045 7.4
    endloop
  endfacet
  facet normal -0 0 1
    outer loop
      vertex 145.651 93.4294 7.4
      vertex 146.531 91.3045 7.4
      vertex 145.85 93.5278 7.4
    endloop
  endfacet
  facet normal 0 0 1
    outer loop
      vertex 146.531 91.3045 7.4
      vertex 145.651 93.4294 7.4
      vertex 146.035 91.1363 7.4
    endloop
  endfacet
  facet normal -0 0 1
    outer loop
      vertex 145.44 93.3579 7.4
      vertex 146.035 91.1363 7.4
      vertex 145.651 93.4294 7.4
    endloop
  endfacet
  facet normal 0 0 1
    outer loop
      vertex 146.035 91.1363 7.4
      vertex 145.44 93.3579 7.4
      vertex 145.522 91.0342 7.4
    endloop
  endfacet
  facet normal -0 0 1
    outer loop
      vertex 145.222 93.3145 7.4
      vertex 145.522 91.0342 7.4
      vertex 145.44 93.3579 7.4
    endloop
  endfacet
  facet normal -0 0 1
    outer loop
      vertex 145 93.3 7.4
      vertex 145.522 91.0342 7.4
      vertex 145.222 93.3145 7.4
    endloop
  endfacet
  facet normal 0 0 1
    outer loop
      vertex 145 93.3 7.4
      vertex 145 91 7.4
      vertex 145.522 91.0342 7.4
    endloop
  endfacet
  facet normal 0 0 1
    outer loop
      vertex 144.778 93.3145 7.4
      vertex 145 91 7.4
      vertex 145 93.3 7.4
    endloop
  endfacet
  facet normal 0 0 1
    outer loop
      vertex 144.478 91.0342 7.4
      vertex 144.778 93.3145 7.4
      vertex 144.56 93.3579 7.4
    endloop
  endfacet
  facet normal 0 0 1
    outer loop
      vertex 144.778 93.3145 7.4
      vertex 144.478 91.0342 7.4
      vertex 145 91 7.4
    endloop
  endfacet
  facet normal 0 0 1
    outer loop
      vertex 143.965 91.1363 7.4
      vertex 144.56 93.3579 7.4
      vertex 144.349 93.4294 7.4
    endloop
  endfacet
  facet normal 0 0 1
    outer loop
      vertex 143.469 91.3045 7.4
      vertex 144.349 93.4294 7.4
      vertex 144.15 93.5278 7.4
    endloop
  endfacet
  facet normal 0 0 1
    outer loop
      vertex 143 91.5359 7.4
      vertex 144.15 93.5278 7.4
      vertex 143.965 93.6513 7.4
    endloop
  endfacet
  facet normal 0 0 1
    outer loop
      vertex 144.56 93.3579 7.4
      vertex 143.965 91.1363 7.4
      vertex 144.478 91.0342 7.4
    endloop
  endfacet
  facet normal 0 0 1
    outer loop
      vertex 142.565 91.8266 7.4
      vertex 143.965 93.6513 7.4
      vertex 143.798 93.7979 7.4
    endloop
  endfacet
  facet normal 0 0 1
    outer loop
      vertex 142.172 92.1716 7.4
      vertex 143.798 93.7979 7.4
      vertex 143.651 93.9651 7.4
    endloop
  endfacet
  facet normal 0 0 1
    outer loop
      vertex 141.827 92.565 7.4
      vertex 143.651 93.9651 7.4
      vertex 143.528 94.15 7.4
    endloop
  endfacet
  facet normal 0 0 1
    outer loop
      vertex 144.349 93.4294 7.4
      vertex 143.469 91.3045 7.4
      vertex 143.965 91.1363 7.4
    endloop
  endfacet
  facet normal 0 0 1
    outer loop
      vertex 141.536 93 7.4
      vertex 143.528 94.15 7.4
      vertex 143.429 94.3494 7.4
    endloop
  endfacet
  facet normal 0 0 1
    outer loop
      vertex 141.304 93.4693 7.4
      vertex 143.429 94.3494 7.4
      vertex 143.358 94.56 7.4
    endloop
  endfacet
  facet normal 0 0 1
    outer loop
      vertex 141.136 93.9647 7.4
      vertex 143.358 94.56 7.4
      vertex 143.315 94.7781 7.4
    endloop
  endfacet
  facet normal 0 0 1
    outer loop
      vertex 141.034 94.4779 7.4
      vertex 143.315 94.7781 7.4
      vertex 143.3 95 7.4
    endloop
  endfacet
  facet normal 0 0 1
    outer loop
      vertex 143.528 95.85 7.4
      vertex 141.536 97 7.4
      vertex 143.429 95.6506 7.4
    endloop
  endfacet
  facet normal 0 0 1
    outer loop
      vertex 144.15 93.5278 7.4
      vertex 143 91.5359 7.4
      vertex 143.469 91.3045 7.4
    endloop
  endfacet
  facet normal -0 0 1
    outer loop
      vertex 141.304 96.5307 7.4
      vertex 143.429 95.6506 7.4
      vertex 141.536 97 7.4
    endloop
  endfacet
  facet normal 0 0 1
    outer loop
      vertex 143.965 93.6513 7.4
      vertex 142.565 91.8266 7.4
      vertex 143 91.5359 7.4
    endloop
  endfacet
  facet normal 0 0 1
    outer loop
      vertex 143.429 95.6506 7.4
      vertex 141.304 96.5307 7.4
      vertex 143.358 95.44 7.4
    endloop
  endfacet
  facet normal 0 0 1
    outer loop
      vertex 143.798 93.7979 7.4
      vertex 142.172 92.1716 7.4
      vertex 142.565 91.8266 7.4
    endloop
  endfacet
  facet normal -0 0 1
    outer loop
      vertex 141.136 96.0353 7.4
      vertex 143.358 95.44 7.4
      vertex 141.304 96.5307 7.4
    endloop
  endfacet
  facet normal 0 0 1
    outer loop
      vertex 143.651 93.9651 7.4
      vertex 141.827 92.565 7.4
      vertex 142.172 92.1716 7.4
    endloop
  endfacet
  facet normal 0 0 1
    outer loop
      vertex 143.358 95.44 7.4
      vertex 141.136 96.0353 7.4
      vertex 143.315 95.2219 7.4
    endloop
  endfacet
  facet normal 0 0 1
    outer loop
      vertex 143.528 94.15 7.4
      vertex 141.536 93 7.4
      vertex 141.827 92.565 7.4
    endloop
  endfacet
  facet normal -0 0 1
    outer loop
      vertex 141.034 95.5221 7.4
      vertex 143.315 95.2219 7.4
      vertex 141.136 96.0353 7.4
    endloop
  endfacet
  facet normal 0 0 1
    outer loop
      vertex 143.429 94.3494 7.4
      vertex 141.304 93.4693 7.4
      vertex 141.536 93 7.4
    endloop
  endfacet
  facet normal 0 0 1
    outer loop
      vertex 143.315 95.2219 7.4
      vertex 141.034 95.5221 7.4
      vertex 143.3 95 7.4
    endloop
  endfacet
  facet normal 0 0 1
    outer loop
      vertex 143.358 94.56 7.4
      vertex 141.136 93.9647 7.4
      vertex 141.304 93.4693 7.4
    endloop
  endfacet
  facet normal 0 0 1
    outer loop
      vertex 141 95 7.4
      vertex 143.3 95 7.4
      vertex 141.034 95.5221 7.4
    endloop
  endfacet
  facet normal 0 0 1
    outer loop
      vertex 143.315 94.7781 7.4
      vertex 141.034 94.4779 7.4
      vertex 141.136 93.9647 7.4
    endloop
  endfacet
  facet normal 0 0 1
    outer loop
      vertex 143.3 95 7.4
      vertex 141 95 7.4
      vertex 141.034 94.4779 7.4
    endloop
  endfacet
  facet normal -0.555219 -0.831704 0
    outer loop
      vertex 145.85 96.4722 2.2
      vertex 146.035 96.3487 7.4
      vertex 145.85 96.4722 7.4
    endloop
  endfacet
  facet normal -0.555219 -0.831704 -0
    outer loop
      vertex 146.035 96.3487 7.4
      vertex 145.85 96.4722 2.2
      vertex 146.035 96.3487 2.2
    endloop
  endfacet
  facet normal 0.555219 -0.831704 0
    outer loop
      vertex 143.965 96.3487 2.2
      vertex 144.15 96.4722 7.4
      vertex 143.965 96.3487 7.4
    endloop
  endfacet
  facet normal 0.555219 -0.831704 0
    outer loop
      vertex 144.15 96.4722 7.4
      vertex 143.965 96.3487 2.2
      vertex 144.15 96.4722 2.2
    endloop
  endfacet
  facet normal -0.195251 0.980753 0
    outer loop
      vertex 145.44 93.3579 2.2
      vertex 145.222 93.3145 7.4
      vertex 145.44 93.3579 7.4
    endloop
  endfacet
  facet normal -0.195251 0.980753 0
    outer loop
      vertex 145.222 93.3145 7.4
      vertex 145.44 93.3579 2.2
      vertex 145.222 93.3145 2.2
    endloop
  endfacet
  facet normal 0.981113 0.193434 0
    outer loop
      vertex 143.358 94.56 7.4
      vertex 143.315 94.7781 2.2
      vertex 143.315 94.7781 7.4
    endloop
  endfacet
  facet normal 0.981113 0.193434 0
    outer loop
      vertex 143.315 94.7781 2.2
      vertex 143.358 94.56 7.4
      vertex 143.358 94.56 2.2
    endloop
  endfacet
  facet normal 0.195251 -0.980753 0
    outer loop
      vertex 144.56 96.6421 2.2
      vertex 144.778 96.6855 7.4
      vertex 144.56 96.6421 7.4
    endloop
  endfacet
  facet normal 0.195251 -0.980753 0
    outer loop
      vertex 144.778 96.6855 7.4
      vertex 144.56 96.6421 2.2
      vertex 144.778 96.6855 2.2
    endloop
  endfacet
  facet normal -0.997723 -0.0674441 0
    outer loop
      vertex 146.7 95 2.2
      vertex 146.685 95.2219 7.4
      vertex 146.685 95.2219 2.2
    endloop
  endfacet
  facet normal -0.997723 -0.0674441 0
    outer loop
      vertex 146.685 95.2219 7.4
      vertex 146.7 95 2.2
      vertex 146.7 95 7.4
    endloop
  endfacet
  facet normal 0.997723 -0.0674441 0
    outer loop
      vertex 143.3 95 7.4
      vertex 143.315 95.2219 2.2
      vertex 143.315 95.2219 7.4
    endloop
  endfacet
  facet normal 0.997723 -0.0674441 0
    outer loop
      vertex 143.315 95.2219 2.2
      vertex 143.3 95 7.4
      vertex 143.3 95 2.2
    endloop
  endfacet
  facet normal -0.947598 -0.319466 0
    outer loop
      vertex 146.642 95.44 2.2
      vertex 146.571 95.6506 7.4
      vertex 146.571 95.6506 2.2
    endloop
  endfacet
  facet normal -0.947598 -0.319466 0
    outer loop
      vertex 146.571 95.6506 7.4
      vertex 146.642 95.44 2.2
      vertex 146.642 95.44 7.4
    endloop
  endfacet
  facet normal 0.320937 -0.947101 0
    outer loop
      vertex 144.349 96.5706 2.2
      vertex 144.56 96.6421 7.4
      vertex 144.349 96.5706 7.4
    endloop
  endfacet
  facet normal 0.320937 -0.947101 0
    outer loop
      vertex 144.56 96.6421 7.4
      vertex 144.349 96.5706 2.2
      vertex 144.56 96.6421 2.2
    endloop
  endfacet
  facet normal -0.981113 -0.193434 0
    outer loop
      vertex 146.685 95.2219 2.2
      vertex 146.642 95.44 7.4
      vertex 146.642 95.44 2.2
    endloop
  endfacet
  facet normal -0.981113 -0.193434 0
    outer loop
      vertex 146.642 95.44 7.4
      vertex 146.685 95.2219 2.2
      vertex 146.685 95.2219 7.4
    endloop
  endfacet
  facet normal 0.659714 0.751516 -0
    outer loop
      vertex 143.965 93.6513 2.2
      vertex 143.798 93.7979 7.4
      vertex 143.965 93.6513 7.4
    endloop
  endfacet
  facet normal 0.659714 0.751516 0
    outer loop
      vertex 143.798 93.7979 7.4
      vertex 143.965 93.6513 2.2
      vertex 143.798 93.7979 2.2
    endloop
  endfacet
  facet normal 0.981113 -0.193434 0
    outer loop
      vertex 143.315 95.2219 7.4
      vertex 143.358 95.44 2.2
      vertex 143.358 95.44 7.4
    endloop
  endfacet
  facet normal 0.981113 -0.193434 0
    outer loop
      vertex 143.358 95.44 2.2
      vertex 143.315 95.2219 7.4
      vertex 143.315 95.2219 2.2
    endloop
  endfacet
  facet normal 0.832604 -0.553869 0
    outer loop
      vertex 143.528 95.85 7.4
      vertex 143.651 96.0349 2.2
      vertex 143.651 96.0349 7.4
    endloop
  endfacet
  facet normal 0.832604 -0.553869 0
    outer loop
      vertex 143.651 96.0349 2.2
      vertex 143.528 95.85 7.4
      vertex 143.528 95.85 2.2
    endloop
  endfacet
  facet normal 0.832604 0.553869 0
    outer loop
      vertex 143.651 93.9651 7.4
      vertex 143.528 94.15 2.2
      vertex 143.528 94.15 7.4
    endloop
  endfacet
  facet normal 0.832604 0.553869 0
    outer loop
      vertex 143.528 94.15 2.2
      vertex 143.651 93.9651 7.4
      vertex 143.651 93.9651 2.2
    endloop
  endfacet
  facet normal -0.195251 -0.980753 0
    outer loop
      vertex 145.222 96.6855 2.2
      vertex 145.44 96.6421 7.4
      vertex 145.222 96.6855 7.4
    endloop
  endfacet
  facet normal -0.195251 -0.980753 -0
    outer loop
      vertex 145.44 96.6421 7.4
      vertex 145.222 96.6855 2.2
      vertex 145.44 96.6421 2.2
    endloop
  endfacet
  facet normal -0.832604 0.553869 0
    outer loop
      vertex 146.349 93.9651 2.2
      vertex 146.472 94.15 7.4
      vertex 146.472 94.15 2.2
    endloop
  endfacet
  facet normal -0.832604 0.553869 0
    outer loop
      vertex 146.472 94.15 7.4
      vertex 146.349 93.9651 2.2
      vertex 146.349 93.9651 7.4
    endloop
  endfacet
  facet normal 0.997723 0.0674441 0
    outer loop
      vertex 143.315 94.7781 7.4
      vertex 143.3 95 2.2
      vertex 143.3 95 7.4
    endloop
  endfacet
  facet normal 0.997723 0.0674441 0
    outer loop
      vertex 143.3 95 2.2
      vertex 143.315 94.7781 7.4
      vertex 143.315 94.7781 2.2
    endloop
  endfacet
  facet normal -0.751016 -0.660284 0
    outer loop
      vertex 146.349 96.0349 2.2
      vertex 146.202 96.2021 7.4
      vertex 146.202 96.2021 2.2
    endloop
  endfacet
  facet normal -0.751016 -0.660284 0
    outer loop
      vertex 146.202 96.2021 7.4
      vertex 146.349 96.0349 2.2
      vertex 146.349 96.0349 7.4
    endloop
  endfacet
  facet normal -0.0651764 -0.997874 0
    outer loop
      vertex 145 96.7 2.2
      vertex 145.222 96.6855 7.4
      vertex 145 96.7 7.4
    endloop
  endfacet
  facet normal -0.0651764 -0.997874 -0
    outer loop
      vertex 145.222 96.6855 7.4
      vertex 145 96.7 2.2
      vertex 145.222 96.6855 2.2
    endloop
  endfacet
  facet normal 0.947598 -0.319466 0
    outer loop
      vertex 143.358 95.44 7.4
      vertex 143.429 95.6506 2.2
      vertex 143.429 95.6506 7.4
    endloop
  endfacet
  facet normal 0.947598 -0.319466 0
    outer loop
      vertex 143.429 95.6506 2.2
      vertex 143.358 95.44 7.4
      vertex 143.358 95.44 2.2
    endloop
  endfacet
  facet normal 0.195251 0.980753 -0
    outer loop
      vertex 144.778 93.3145 2.2
      vertex 144.56 93.3579 7.4
      vertex 144.778 93.3145 7.4
    endloop
  endfacet
  facet normal 0.195251 0.980753 0
    outer loop
      vertex 144.56 93.3579 7.4
      vertex 144.778 93.3145 2.2
      vertex 144.56 93.3579 2.2
    endloop
  endfacet
  facet normal -0.443245 0.8964 0
    outer loop
      vertex 145.85 93.5278 2.2
      vertex 145.651 93.4294 7.4
      vertex 145.85 93.5278 7.4
    endloop
  endfacet
  facet normal -0.443245 0.8964 0
    outer loop
      vertex 145.651 93.4294 7.4
      vertex 145.85 93.5278 2.2
      vertex 145.651 93.4294 2.2
    endloop
  endfacet
  facet normal -0.947598 0.319466 0
    outer loop
      vertex 146.571 94.3494 2.2
      vertex 146.642 94.56 7.4
      vertex 146.642 94.56 2.2
    endloop
  endfacet
  facet normal -0.947598 0.319466 0
    outer loop
      vertex 146.642 94.56 7.4
      vertex 146.571 94.3494 2.2
      vertex 146.571 94.3494 7.4
    endloop
  endfacet
  facet normal -0.832604 -0.553869 0
    outer loop
      vertex 146.472 95.85 2.2
      vertex 146.349 96.0349 7.4
      vertex 146.349 96.0349 2.2
    endloop
  endfacet
  facet normal -0.832604 -0.553869 0
    outer loop
      vertex 146.349 96.0349 7.4
      vertex 146.472 95.85 2.2
      vertex 146.472 95.85 7.4
    endloop
  endfacet
  facet normal 0.895681 0.444696 0
    outer loop
      vertex 143.528 94.15 7.4
      vertex 143.429 94.3494 2.2
      vertex 143.429 94.3494 7.4
    endloop
  endfacet
  facet normal 0.895681 0.444696 0
    outer loop
      vertex 143.429 94.3494 2.2
      vertex 143.528 94.15 7.4
      vertex 143.528 94.15 2.2
    endloop
  endfacet
  facet normal -0.0651764 0.997874 0
    outer loop
      vertex 145.222 93.3145 2.2
      vertex 145 93.3 7.4
      vertex 145.222 93.3145 7.4
    endloop
  endfacet
  facet normal -0.0651764 0.997874 0
    outer loop
      vertex 145 93.3 7.4
      vertex 145.222 93.3145 2.2
      vertex 145 93.3 2.2
    endloop
  endfacet
  facet normal 0.443245 -0.8964 0
    outer loop
      vertex 144.15 96.4722 2.2
      vertex 144.349 96.5706 7.4
      vertex 144.15 96.4722 7.4
    endloop
  endfacet
  facet normal 0.443245 -0.8964 0
    outer loop
      vertex 144.349 96.5706 7.4
      vertex 144.15 96.4722 2.2
      vertex 144.349 96.5706 2.2
    endloop
  endfacet
  facet normal -0.555219 0.831704 0
    outer loop
      vertex 146.035 93.6513 2.2
      vertex 145.85 93.5278 7.4
      vertex 146.035 93.6513 7.4
    endloop
  endfacet
  facet normal -0.555219 0.831704 0
    outer loop
      vertex 145.85 93.5278 7.4
      vertex 146.035 93.6513 2.2
      vertex 145.85 93.5278 2.2
    endloop
  endfacet
  facet normal -0.659714 -0.751516 0
    outer loop
      vertex 146.035 96.3487 2.2
      vertex 146.202 96.2021 7.4
      vertex 146.035 96.3487 7.4
    endloop
  endfacet
  facet normal -0.659714 -0.751516 -0
    outer loop
      vertex 146.202 96.2021 7.4
      vertex 146.035 96.3487 2.2
      vertex 146.202 96.2021 2.2
    endloop
  endfacet
  facet normal 0.947598 0.319466 0
    outer loop
      vertex 143.429 94.3494 7.4
      vertex 143.358 94.56 2.2
      vertex 143.358 94.56 7.4
    endloop
  endfacet
  facet normal 0.947598 0.319466 0
    outer loop
      vertex 143.358 94.56 2.2
      vertex 143.429 94.3494 7.4
      vertex 143.429 94.3494 2.2
    endloop
  endfacet
  facet normal -0.320937 -0.947101 0
    outer loop
      vertex 145.44 96.6421 2.2
      vertex 145.651 96.5706 7.4
      vertex 145.44 96.6421 7.4
    endloop
  endfacet
  facet normal -0.320937 -0.947101 -0
    outer loop
      vertex 145.651 96.5706 7.4
      vertex 145.44 96.6421 2.2
      vertex 145.651 96.5706 2.2
    endloop
  endfacet
  facet normal -0.997723 0.0674441 0
    outer loop
      vertex 146.685 94.7781 2.2
      vertex 146.7 95 7.4
      vertex 146.7 95 2.2
    endloop
  endfacet
  facet normal -0.997723 0.0674441 0
    outer loop
      vertex 146.7 95 7.4
      vertex 146.685 94.7781 2.2
      vertex 146.685 94.7781 7.4
    endloop
  endfacet
  facet normal -0.320937 0.947101 0
    outer loop
      vertex 145.651 93.4294 2.2
      vertex 145.44 93.3579 7.4
      vertex 145.651 93.4294 7.4
    endloop
  endfacet
  facet normal -0.320937 0.947101 0
    outer loop
      vertex 145.44 93.3579 7.4
      vertex 145.651 93.4294 2.2
      vertex 145.44 93.3579 2.2
    endloop
  endfacet
  facet normal -0.981113 0.193434 0
    outer loop
      vertex 146.642 94.56 2.2
      vertex 146.685 94.7781 7.4
      vertex 146.685 94.7781 2.2
    endloop
  endfacet
  facet normal -0.981113 0.193434 0
    outer loop
      vertex 146.685 94.7781 7.4
      vertex 146.642 94.56 2.2
      vertex 146.642 94.56 7.4
    endloop
  endfacet
  facet normal -0.895681 0.444696 0
    outer loop
      vertex 146.472 94.15 2.2
      vertex 146.571 94.3494 7.4
      vertex 146.571 94.3494 2.2
    endloop
  endfacet
  facet normal -0.895681 0.444696 0
    outer loop
      vertex 146.571 94.3494 7.4
      vertex 146.472 94.15 2.2
      vertex 146.472 94.15 7.4
    endloop
  endfacet
  facet normal 0.443245 0.8964 -0
    outer loop
      vertex 144.349 93.4294 2.2
      vertex 144.15 93.5278 7.4
      vertex 144.349 93.4294 7.4
    endloop
  endfacet
  facet normal 0.443245 0.8964 0
    outer loop
      vertex 144.15 93.5278 7.4
      vertex 144.349 93.4294 2.2
      vertex 144.15 93.5278 2.2
    endloop
  endfacet
  facet normal 0.895681 -0.444696 0
    outer loop
      vertex 143.429 95.6506 7.4
      vertex 143.528 95.85 2.2
      vertex 143.528 95.85 7.4
    endloop
  endfacet
  facet normal 0.895681 -0.444696 0
    outer loop
      vertex 143.528 95.85 2.2
      vertex 143.429 95.6506 7.4
      vertex 143.429 95.6506 2.2
    endloop
  endfacet
  facet normal 0.0651764 -0.997874 0
    outer loop
      vertex 144.778 96.6855 2.2
      vertex 145 96.7 7.4
      vertex 144.778 96.6855 7.4
    endloop
  endfacet
  facet normal 0.0651764 -0.997874 0
    outer loop
      vertex 145 96.7 7.4
      vertex 144.778 96.6855 2.2
      vertex 145 96.7 2.2
    endloop
  endfacet
  facet normal -0.443245 -0.8964 0
    outer loop
      vertex 145.651 96.5706 2.2
      vertex 145.85 96.4722 7.4
      vertex 145.651 96.5706 7.4
    endloop
  endfacet
  facet normal -0.443245 -0.8964 -0
    outer loop
      vertex 145.85 96.4722 7.4
      vertex 145.651 96.5706 2.2
      vertex 145.85 96.4722 2.2
    endloop
  endfacet
  facet normal -0.895681 -0.444696 0
    outer loop
      vertex 146.571 95.6506 2.2
      vertex 146.472 95.85 7.4
      vertex 146.472 95.85 2.2
    endloop
  endfacet
  facet normal -0.895681 -0.444696 0
    outer loop
      vertex 146.472 95.85 7.4
      vertex 146.571 95.6506 2.2
      vertex 146.571 95.6506 7.4
    endloop
  endfacet
  facet normal 0.751016 0.660284 0
    outer loop
      vertex 143.798 93.7979 7.4
      vertex 143.651 93.9651 2.2
      vertex 143.651 93.9651 7.4
    endloop
  endfacet
  facet normal 0.751016 0.660284 0
    outer loop
      vertex 143.651 93.9651 2.2
      vertex 143.798 93.7979 7.4
      vertex 143.798 93.7979 2.2
    endloop
  endfacet
  facet normal 0.751016 -0.660284 0
    outer loop
      vertex 143.651 96.0349 7.4
      vertex 143.798 96.2021 2.2
      vertex 143.798 96.2021 7.4
    endloop
  endfacet
  facet normal 0.751016 -0.660284 0
    outer loop
      vertex 143.798 96.2021 2.2
      vertex 143.651 96.0349 7.4
      vertex 143.651 96.0349 2.2
    endloop
  endfacet
  facet normal 0.555219 0.831704 -0
    outer loop
      vertex 144.15 93.5278 2.2
      vertex 143.965 93.6513 7.4
      vertex 144.15 93.5278 7.4
    endloop
  endfacet
  facet normal 0.555219 0.831704 0
    outer loop
      vertex 143.965 93.6513 7.4
      vertex 144.15 93.5278 2.2
      vertex 143.965 93.6513 2.2
    endloop
  endfacet
  facet normal -0.751016 0.660284 0
    outer loop
      vertex 146.202 93.7979 2.2
      vertex 146.349 93.9651 7.4
      vertex 146.349 93.9651 2.2
    endloop
  endfacet
  facet normal -0.751016 0.660284 0
    outer loop
      vertex 146.349 93.9651 7.4
      vertex 146.202 93.7979 2.2
      vertex 146.202 93.7979 7.4
    endloop
  endfacet
  facet normal 0.659714 -0.751516 0
    outer loop
      vertex 143.798 96.2021 2.2
      vertex 143.965 96.3487 7.4
      vertex 143.798 96.2021 7.4
    endloop
  endfacet
  facet normal 0.659714 -0.751516 0
    outer loop
      vertex 143.965 96.3487 7.4
      vertex 143.798 96.2021 2.2
      vertex 143.965 96.3487 2.2
    endloop
  endfacet
  facet normal 0.320937 0.947101 -0
    outer loop
      vertex 144.56 93.3579 2.2
      vertex 144.349 93.4294 7.4
      vertex 144.56 93.3579 7.4
    endloop
  endfacet
  facet normal 0.320937 0.947101 0
    outer loop
      vertex 144.349 93.4294 7.4
      vertex 144.56 93.3579 2.2
      vertex 144.349 93.4294 2.2
    endloop
  endfacet
  facet normal -0.659714 0.751516 0
    outer loop
      vertex 146.202 93.7979 2.2
      vertex 146.035 93.6513 7.4
      vertex 146.202 93.7979 7.4
    endloop
  endfacet
  facet normal -0.659714 0.751516 0
    outer loop
      vertex 146.035 93.6513 7.4
      vertex 146.202 93.7979 2.2
      vertex 146.035 93.6513 2.2
    endloop
  endfacet
  facet normal 0.0651764 0.997874 -0
    outer loop
      vertex 145 93.3 2.2
      vertex 144.778 93.3145 7.4
      vertex 145 93.3 7.4
    endloop
  endfacet
  facet normal 0.0651764 0.997874 0
    outer loop
      vertex 144.778 93.3145 7.4
      vertex 145 93.3 2.2
      vertex 144.778 93.3145 2.2
    endloop
  endfacet
  facet normal 1 -0 0
    outer loop
      vertex 153 -3 2.4
      vertex 153 103 0
      vertex 153 103 2.4
    endloop
  endfacet
  facet normal 1 0 0
    outer loop
      vertex 153 103 0
      vertex 153 -3 2.4
      vertex 153 -3 0
    endloop
  endfacet
  facet normal 0 0 1
    outer loop
      vertex 2.56495 91.8266 2.4
      vertex 3 88 2.4
      vertex 3 91.5359 2.4
    endloop
  endfacet
  facet normal 0 0 1
    outer loop
      vertex 2.17157 92.1716 2.4
      vertex 3 88 2.4
      vertex 2.56495 91.8266 2.4
    endloop
  endfacet
  facet normal 0 0 1
    outer loop
      vertex 1.82659 92.565 2.4
      vertex 3 88 2.4
      vertex 2.17157 92.1716 2.4
    endloop
  endfacet
  facet normal 0 0 1
    outer loop
      vertex 1.5359 93 2.4
      vertex 3 88 2.4
      vertex 1.82659 92.565 2.4
    endloop
  endfacet
  facet normal 0 0 1
    outer loop
      vertex 1.30448 93.4693 2.4
      vertex 3 88 2.4
      vertex 1.5359 93 2.4
    endloop
  endfacet
  facet normal 0 0 1
    outer loop
      vertex 3 12 2.4
      vertex 2.56495 8.17341 2.4
      vertex 3 8.4641 2.4
    endloop
  endfacet
  facet normal 0 0 1
    outer loop
      vertex 3 88 2.4
      vertex 1.30448 93.4693 2.4
      vertex 3 83 2.4
    endloop
  endfacet
  facet normal 0 0 1
    outer loop
      vertex 3 12 2.4
      vertex 2.17157 7.82843 2.4
      vertex 2.56495 8.17341 2.4
    endloop
  endfacet
  facet normal 0 0 1
    outer loop
      vertex 1.1363 93.9647 2.4
      vertex 3 83 2.4
      vertex 1.30448 93.4693 2.4
    endloop
  endfacet
  facet normal 0 0 1
    outer loop
      vertex 3 12 2.4
      vertex 1.82659 7.43505 2.4
      vertex 2.17157 7.82843 2.4
    endloop
  endfacet
  facet normal 0 0 1
    outer loop
      vertex 3 83 2.4
      vertex -3 103 2.4
      vertex 3 17 2.4
    endloop
  endfacet
  facet normal 0 0 1
    outer loop
      vertex 3 12 2.4
      vertex 1.5359 7 2.4
      vertex 1.82659 7.43505 2.4
    endloop
  endfacet
  facet normal 0 0 1
    outer loop
      vertex -3 -3 2.4
      vertex 3 17 2.4
      vertex -3 103 2.4
    endloop
  endfacet
  facet normal 0 0 1
    outer loop
      vertex 3 12 2.4
      vertex 1.30448 6.53073 2.4
      vertex 1.5359 7 2.4
    endloop
  endfacet
  facet normal 0 0 1
    outer loop
      vertex 3 83 2.4
      vertex 1.1363 93.9647 2.4
      vertex -3 103 2.4
    endloop
  endfacet
  facet normal 0 -0 1
    outer loop
      vertex 1.1363 6.03528 2.4
      vertex 3 17 2.4
      vertex -3 -3 2.4
    endloop
  endfacet
  facet normal 0 0 1
    outer loop
      vertex -3 103 2.4
      vertex 1.1363 93.9647 2.4
      vertex 1.03422 94.4779 2.4
    endloop
  endfacet
  facet normal 0 0 1
    outer loop
      vertex 3 17 2.4
      vertex 1.30448 6.53073 2.4
      vertex 3 12 2.4
    endloop
  endfacet
  facet normal 0 0 1
    outer loop
      vertex -3 103 2.4
      vertex 1.03422 94.4779 2.4
      vertex 1 95 2.4
    endloop
  endfacet
  facet normal 0 0 1
    outer loop
      vertex 3 17 2.4
      vertex 1.1363 6.03528 2.4
      vertex 1.30448 6.53073 2.4
    endloop
  endfacet
  facet normal -0 0 1
    outer loop
      vertex 3 17 2.4
      vertex 72.5 12 2.4
      vertex 72.5 17 2.4
    endloop
  endfacet
  facet normal 0 0 1
    outer loop
      vertex 72.5 12 2.4
      vertex 3 17 2.4
      vertex 3 12 2.4
    endloop
  endfacet
  facet normal -0 0 1
    outer loop
      vertex 3 88 2.4
      vertex 72.5 83 2.4
      vertex 72.5 88 2.4
    endloop
  endfacet
  facet normal 0 0 1
    outer loop
      vertex 72.5 83 2.4
      vertex 3 88 2.4
      vertex 3 83 2.4
    endloop
  endfacet
  facet normal -0 0 1
    outer loop
      vertex 77.5 17 2.4
      vertex 147 12 2.4
      vertex 147 17 2.4
    endloop
  endfacet
  facet normal 0 0 1
    outer loop
      vertex 147 12 2.4
      vertex 77.5 17 2.4
      vertex 77.5 12 2.4
    endloop
  endfacet
  facet normal -0 0 1
    outer loop
      vertex 77.5 88 2.4
      vertex 147 83 2.4
      vertex 147 88 2.4
    endloop
  endfacet
  facet normal 0 0 1
    outer loop
      vertex 147 83 2.4
      vertex 77.5 88 2.4
      vertex 77.5 83 2.4
    endloop
  endfacet
  facet normal 0 0 1
    outer loop
      vertex 147 83 2.4
      vertex 153 103 2.4
      vertex 148.864 93.9647 2.4
    endloop
  endfacet
  facet normal 0 0 1
    outer loop
      vertex 153 -3 2.4
      vertex 148.966 5.5221 2.4
      vertex 149 5 2.4
    endloop
  endfacet
  facet normal 0 0 1
    outer loop
      vertex 153 103 2.4
      vertex 147 83 2.4
      vertex 153 -3 2.4
    endloop
  endfacet
  facet normal 0 0 1
    outer loop
      vertex 153 -3 2.4
      vertex 148.864 6.03528 2.4
      vertex 148.966 5.5221 2.4
    endloop
  endfacet
  facet normal 0 0 1
    outer loop
      vertex 147 83 2.4
      vertex 148.864 93.9647 2.4
      vertex 148.696 93.4693 2.4
    endloop
  endfacet
  facet normal -0 0 1
    outer loop
      vertex 147 17 2.4
      vertex 153 -3 2.4
      vertex 147 83 2.4
    endloop
  endfacet
  facet normal 0 0 1
    outer loop
      vertex 147 88 2.4
      vertex 148.696 93.4693 2.4
      vertex 148.464 93 2.4
    endloop
  endfacet
  facet normal 0 0 1
    outer loop
      vertex 153 -3 2.4
      vertex 147 17 2.4
      vertex 148.864 6.03528 2.4
    endloop
  endfacet
  facet normal 0 0 1
    outer loop
      vertex 147 88 2.4
      vertex 148.464 93 2.4
      vertex 148.173 92.565 2.4
    endloop
  endfacet
  facet normal 0 0 1
    outer loop
      vertex 148.864 6.03528 2.4
      vertex 147 17 2.4
      vertex 148.696 6.53073 2.4
    endloop
  endfacet
  facet normal 0 0 1
    outer loop
      vertex 147 88 2.4
      vertex 148.173 92.565 2.4
      vertex 147.828 92.1716 2.4
    endloop
  endfacet
  facet normal -0 0 1
    outer loop
      vertex 147 12 2.4
      vertex 148.696 6.53073 2.4
      vertex 147 17 2.4
    endloop
  endfacet
  facet normal 0 0 1
    outer loop
      vertex 147 88 2.4
      vertex 147.828 92.1716 2.4
      vertex 147.435 91.8266 2.4
    endloop
  endfacet
  facet normal 0 0 1
    outer loop
      vertex 148.696 6.53073 2.4
      vertex 147 12 2.4
      vertex 148.464 7 2.4
    endloop
  endfacet
  facet normal 0 0 1
    outer loop
      vertex 147 88 2.4
      vertex 147.435 91.8266 2.4
      vertex 147 91.5359 2.4
    endloop
  endfacet
  facet normal 0 0 1
    outer loop
      vertex 148.696 93.4693 2.4
      vertex 147 88 2.4
      vertex 147 83 2.4
    endloop
  endfacet
  facet normal 0 0 1
    outer loop
      vertex 148.464 7 2.4
      vertex 147 12 2.4
      vertex 148.173 7.43505 2.4
    endloop
  endfacet
  facet normal 0 0 1
    outer loop
      vertex 148.173 7.43505 2.4
      vertex 147 12 2.4
      vertex 147.828 7.82843 2.4
    endloop
  endfacet
  facet normal 0 0 1
    outer loop
      vertex 147.828 7.82843 2.4
      vertex 147 12 2.4
      vertex 147.435 8.17341 2.4
    endloop
  endfacet
  facet normal 0 0 1
    outer loop
      vertex 147.435 8.17341 2.4
      vertex 147 12 2.4
      vertex 147 8.4641 2.4
    endloop
  endfacet
  facet normal 0 0 1
    outer loop
      vertex 148.966 94.4779 2.4
      vertex 153 103 2.4
      vertex 149 95 2.4
    endloop
  endfacet
  facet normal 0 0 1
    outer loop
      vertex 153 103 2.4
      vertex 148.966 95.5221 2.4
      vertex 149 95 2.4
    endloop
  endfacet
  facet normal 0 0 1
    outer loop
      vertex 153 103 2.4
      vertex 148.864 96.0353 2.4
      vertex 148.966 95.5221 2.4
    endloop
  endfacet
  facet normal 0 0 1
    outer loop
      vertex 153 103 2.4
      vertex 148.696 96.5307 2.4
      vertex 148.864 96.0353 2.4
    endloop
  endfacet
  facet normal 0 0 1
    outer loop
      vertex 153 103 2.4
      vertex 148.464 97 2.4
      vertex 148.696 96.5307 2.4
    endloop
  endfacet
  facet normal 0 0 1
    outer loop
      vertex 153 103 2.4
      vertex 148.173 97.435 2.4
      vertex 148.464 97 2.4
    endloop
  endfacet
  facet normal 0 0 1
    outer loop
      vertex 153 103 2.4
      vertex 147.828 97.8284 2.4
      vertex 148.173 97.435 2.4
    endloop
  endfacet
  facet normal 0 0 1
    outer loop
      vertex 153 103 2.4
      vertex 147.435 98.1734 2.4
      vertex 147.828 97.8284 2.4
    endloop
  endfacet
  facet normal 0 0 1
    outer loop
      vertex 153 103 2.4
      vertex 147 98.4641 2.4
      vertex 147.435 98.1734 2.4
    endloop
  endfacet
  facet normal 0 0 1
    outer loop
      vertex 153 103 2.4
      vertex 146.531 98.6955 2.4
      vertex 147 98.4641 2.4
    endloop
  endfacet
  facet normal 0 0 1
    outer loop
      vertex 153 103 2.4
      vertex 146.035 98.8637 2.4
      vertex 146.531 98.6955 2.4
    endloop
  endfacet
  facet normal 0 0 1
    outer loop
      vertex 153 103 2.4
      vertex 145.522 98.9658 2.4
      vertex 146.035 98.8637 2.4
    endloop
  endfacet
  facet normal 0 0 1
    outer loop
      vertex 153 103 2.4
      vertex 145 99 2.4
      vertex 145.522 98.9658 2.4
    endloop
  endfacet
  facet normal 0 0 1
    outer loop
      vertex 153 103 2.4
      vertex 144.478 98.9658 2.4
      vertex 145 99 2.4
    endloop
  endfacet
  facet normal 0 0 1
    outer loop
      vertex 153 103 2.4
      vertex 143.965 98.8637 2.4
      vertex 144.478 98.9658 2.4
    endloop
  endfacet
  facet normal 0 0 1
    outer loop
      vertex 153 103 2.4
      vertex 143.469 98.6955 2.4
      vertex 143.965 98.8637 2.4
    endloop
  endfacet
  facet normal 0 0 1
    outer loop
      vertex 141.827 97.435 2.4
      vertex 77.5 97 2.4
      vertex 141.536 97 2.4
    endloop
  endfacet
  facet normal 0 0 1
    outer loop
      vertex 142.172 97.8284 2.4
      vertex 77.5 97 2.4
      vertex 141.827 97.435 2.4
    endloop
  endfacet
  facet normal 0 0 1
    outer loop
      vertex 142.565 98.1734 2.4
      vertex 77.5 97 2.4
      vertex 142.172 97.8284 2.4
    endloop
  endfacet
  facet normal 0 0 1
    outer loop
      vertex 143 98.4641 2.4
      vertex 77.5 97 2.4
      vertex 142.565 98.1734 2.4
    endloop
  endfacet
  facet normal 0 0 1
    outer loop
      vertex 143.469 98.6955 2.4
      vertex 77.5 97 2.4
      vertex 143 98.4641 2.4
    endloop
  endfacet
  facet normal 0 0 1
    outer loop
      vertex 153 103 2.4
      vertex 77.5 97 2.4
      vertex 143.469 98.6955 2.4
    endloop
  endfacet
  facet normal 0 0 1
    outer loop
      vertex 72.5 88 2.4
      vertex 77.5 88 2.4
      vertex 77.5 97 2.4
    endloop
  endfacet
  facet normal 0 0 1
    outer loop
      vertex 77.5 88 2.4
      vertex 72.5 88 2.4
      vertex 77.5 83 2.4
    endloop
  endfacet
  facet normal 0 0 1
    outer loop
      vertex 77.5 83 2.4
      vertex 72.5 83 2.4
      vertex 77.5 17 2.4
    endloop
  endfacet
  facet normal 0 0 1
    outer loop
      vertex 72.5 17 2.4
      vertex 77.5 17 2.4
      vertex 72.5 83 2.4
    endloop
  endfacet
  facet normal 0 0 1
    outer loop
      vertex 72.5 88 2.4
      vertex 77.5 97 2.4
      vertex 72.5 97 2.4
    endloop
  endfacet
  facet normal 0 0 1
    outer loop
      vertex 153 103 2.4
      vertex 72.5 97 2.4
      vertex 77.5 97 2.4
    endloop
  endfacet
  facet normal -0 0 1
    outer loop
      vertex -3 103 2.4
      vertex 72.5 97 2.4
      vertex 153 103 2.4
    endloop
  endfacet
  facet normal 0 0 1
    outer loop
      vertex 72.5 97 2.4
      vertex 8.17341 97.435 2.4
      vertex 8.4641 97 2.4
    endloop
  endfacet
  facet normal 0 0 1
    outer loop
      vertex 72.5 97 2.4
      vertex 7.82843 97.8284 2.4
      vertex 8.17341 97.435 2.4
    endloop
  endfacet
  facet normal 0 0 1
    outer loop
      vertex 72.5 97 2.4
      vertex 7.43505 98.1734 2.4
      vertex 7.82843 97.8284 2.4
    endloop
  endfacet
  facet normal 0 0 1
    outer loop
      vertex 72.5 97 2.4
      vertex 7 98.4641 2.4
      vertex 7.43505 98.1734 2.4
    endloop
  endfacet
  facet normal 0 0 1
    outer loop
      vertex 72.5 97 2.4
      vertex 6.53073 98.6955 2.4
      vertex 7 98.4641 2.4
    endloop
  endfacet
  facet normal 0 0 1
    outer loop
      vertex 72.5 97 2.4
      vertex -3 103 2.4
      vertex 6.53073 98.6955 2.4
    endloop
  endfacet
  facet normal 0 0 1
    outer loop
      vertex 6.53073 98.6955 2.4
      vertex -3 103 2.4
      vertex 6.03528 98.8637 2.4
    endloop
  endfacet
  facet normal 0 0 1
    outer loop
      vertex 6.03528 98.8637 2.4
      vertex -3 103 2.4
      vertex 5.5221 98.9658 2.4
    endloop
  endfacet
  facet normal 0 0 1
    outer loop
      vertex 1.1363 6.03528 2.4
      vertex -3 -3 2.4
      vertex 1.03422 5.5221 2.4
    endloop
  endfacet
  facet normal 0 0 1
    outer loop
      vertex 1.03422 95.5221 2.4
      vertex -3 103 2.4
      vertex 1 95 2.4
    endloop
  endfacet
  facet normal 0 0 1
    outer loop
      vertex 1.1363 96.0353 2.4
      vertex -3 103 2.4
      vertex 1.03422 95.5221 2.4
    endloop
  endfacet
  facet normal 0 0 1
    outer loop
      vertex 1.30448 96.5307 2.4
      vertex -3 103 2.4
      vertex 1.1363 96.0353 2.4
    endloop
  endfacet
  facet normal 0 0 1
    outer loop
      vertex 1.5359 97 2.4
      vertex -3 103 2.4
      vertex 1.30448 96.5307 2.4
    endloop
  endfacet
  facet normal 0 0 1
    outer loop
      vertex 1.82659 97.435 2.4
      vertex -3 103 2.4
      vertex 1.5359 97 2.4
    endloop
  endfacet
  facet normal 0 0 1
    outer loop
      vertex 2.17157 97.8284 2.4
      vertex -3 103 2.4
      vertex 1.82659 97.435 2.4
    endloop
  endfacet
  facet normal 0 0 1
    outer loop
      vertex 2.56495 98.1734 2.4
      vertex -3 103 2.4
      vertex 2.17157 97.8284 2.4
    endloop
  endfacet
  facet normal 0 0 1
    outer loop
      vertex 3 98.4641 2.4
      vertex -3 103 2.4
      vertex 2.56495 98.1734 2.4
    endloop
  endfacet
  facet normal 0 0 1
    outer loop
      vertex 3.46927 98.6955 2.4
      vertex -3 103 2.4
      vertex 3 98.4641 2.4
    endloop
  endfacet
  facet normal 0 0 1
    outer loop
      vertex 3.96472 98.8637 2.4
      vertex -3 103 2.4
      vertex 3.46927 98.6955 2.4
    endloop
  endfacet
  facet normal 0 0 1
    outer loop
      vertex 4.47789 98.9658 2.4
      vertex -3 103 2.4
      vertex 3.96472 98.8637 2.4
    endloop
  endfacet
  facet normal 0 0 1
    outer loop
      vertex 5 99 2.4
      vertex -3 103 2.4
      vertex 4.47789 98.9658 2.4
    endloop
  endfacet
  facet normal 0 0 1
    outer loop
      vertex 5.5221 98.9658 2.4
      vertex -3 103 2.4
      vertex 5 99 2.4
    endloop
  endfacet
  facet normal 0 0 1
    outer loop
      vertex 148.864 93.9647 2.4
      vertex 153 103 2.4
      vertex 148.966 94.4779 2.4
    endloop
  endfacet
  facet normal -0 0 1
    outer loop
      vertex 148.966 4.47789 2.4
      vertex 153 -3 2.4
      vertex 149 5 2.4
    endloop
  endfacet
  facet normal -0 0 1
    outer loop
      vertex 148.864 3.96472 2.4
      vertex 153 -3 2.4
      vertex 148.966 4.47789 2.4
    endloop
  endfacet
  facet normal -0 0 1
    outer loop
      vertex 148.696 3.46927 2.4
      vertex 153 -3 2.4
      vertex 148.864 3.96472 2.4
    endloop
  endfacet
  facet normal -0 0 1
    outer loop
      vertex 148.464 3 2.4
      vertex 153 -3 2.4
      vertex 148.696 3.46927 2.4
    endloop
  endfacet
  facet normal -0 0 1
    outer loop
      vertex 148.173 2.56495 2.4
      vertex 153 -3 2.4
      vertex 148.464 3 2.4
    endloop
  endfacet
  facet normal -0 0 1
    outer loop
      vertex 147.828 2.17157 2.4
      vertex 153 -3 2.4
      vertex 148.173 2.56495 2.4
    endloop
  endfacet
  facet normal -0 0 1
    outer loop
      vertex 147.435 1.82659 2.4
      vertex 153 -3 2.4
      vertex 147.828 2.17157 2.4
    endloop
  endfacet
  facet normal -0 0 1
    outer loop
      vertex 147 1.5359 2.4
      vertex 153 -3 2.4
      vertex 147.435 1.82659 2.4
    endloop
  endfacet
  facet normal -0 0 1
    outer loop
      vertex 146.531 1.30448 2.4
      vertex 153 -3 2.4
      vertex 147 1.5359 2.4
    endloop
  endfacet
  facet normal -0 0 1
    outer loop
      vertex 146.035 1.1363 2.4
      vertex 153 -3 2.4
      vertex 146.531 1.30448 2.4
    endloop
  endfacet
  facet normal -0 0 1
    outer loop
      vertex 145.522 1.03422 2.4
      vertex 153 -3 2.4
      vertex 146.035 1.1363 2.4
    endloop
  endfacet
  facet normal -0 0 1
    outer loop
      vertex 145 1 2.4
      vertex 153 -3 2.4
      vertex 145.522 1.03422 2.4
    endloop
  endfacet
  facet normal 0 0 1
    outer loop
      vertex 144.478 1.03422 2.4
      vertex 153 -3 2.4
      vertex 145 1 2.4
    endloop
  endfacet
  facet normal 0 0 1
    outer loop
      vertex 143.965 1.1363 2.4
      vertex 153 -3 2.4
      vertex 144.478 1.03422 2.4
    endloop
  endfacet
  facet normal 0 0 1
    outer loop
      vertex 143.469 1.30448 2.4
      vertex 153 -3 2.4
      vertex 143.965 1.1363 2.4
    endloop
  endfacet
  facet normal -0 0 1
    outer loop
      vertex 77.5 3 2.4
      vertex 141.827 2.56495 2.4
      vertex 141.536 3 2.4
    endloop
  endfacet
  facet normal 0 0 1
    outer loop
      vertex 77.5 3 2.4
      vertex 142.172 2.17157 2.4
      vertex 141.827 2.56495 2.4
    endloop
  endfacet
  facet normal 0 0 1
    outer loop
      vertex 77.5 3 2.4
      vertex 142.565 1.82659 2.4
      vertex 142.172 2.17157 2.4
    endloop
  endfacet
  facet normal 0 0 1
    outer loop
      vertex 77.5 3 2.4
      vertex 143 1.5359 2.4
      vertex 142.565 1.82659 2.4
    endloop
  endfacet
  facet normal 0 0 1
    outer loop
      vertex 77.5 3 2.4
      vertex 143.469 1.30448 2.4
      vertex 143 1.5359 2.4
    endloop
  endfacet
  facet normal 0 0 1
    outer loop
      vertex 77.5 3 2.4
      vertex 153 -3 2.4
      vertex 143.469 1.30448 2.4
    endloop
  endfacet
  facet normal 0 0 1
    outer loop
      vertex 77.5 83 2.4
      vertex 72.5 88 2.4
      vertex 72.5 83 2.4
    endloop
  endfacet
  facet normal 0 0 1
    outer loop
      vertex 77.5 17 2.4
      vertex 72.5 17 2.4
      vertex 77.5 12 2.4
    endloop
  endfacet
  facet normal 0 0 1
    outer loop
      vertex 72.5 12 2.4
      vertex 77.5 12 2.4
      vertex 72.5 17 2.4
    endloop
  endfacet
  facet normal 0 0 1
    outer loop
      vertex 77.5 12 2.4
      vertex 72.5 12 2.4
      vertex 77.5 3 2.4
    endloop
  endfacet
  facet normal 0 0 1
    outer loop
      vertex 72.5 3 2.4
      vertex 77.5 3 2.4
      vertex 72.5 12 2.4
    endloop
  endfacet
  facet normal -0 0 1
    outer loop
      vertex 72.5 3 2.4
      vertex 153 -3 2.4
      vertex 77.5 3 2.4
    endloop
  endfacet
  facet normal 0 0 1
    outer loop
      vertex 8.17341 2.56495 2.4
      vertex 72.5 3 2.4
      vertex 8.4641 3 2.4
    endloop
  endfacet
  facet normal 0 0 1
    outer loop
      vertex 7.82843 2.17157 2.4
      vertex 72.5 3 2.4
      vertex 8.17341 2.56495 2.4
    endloop
  endfacet
  facet normal 0 0 1
    outer loop
      vertex 7.43505 1.82659 2.4
      vertex 72.5 3 2.4
      vertex 7.82843 2.17157 2.4
    endloop
  endfacet
  facet normal 0 0 1
    outer loop
      vertex 7 1.5359 2.4
      vertex 72.5 3 2.4
      vertex 7.43505 1.82659 2.4
    endloop
  endfacet
  facet normal 0 0 1
    outer loop
      vertex 6.53073 1.30448 2.4
      vertex 72.5 3 2.4
      vertex 7 1.5359 2.4
    endloop
  endfacet
  facet normal 0 0 1
    outer loop
      vertex -3 -3 2.4
      vertex 72.5 3 2.4
      vertex 6.53073 1.30448 2.4
    endloop
  endfacet
  facet normal 0 0 1
    outer loop
      vertex -3 -3 2.4
      vertex 6.53073 1.30448 2.4
      vertex 6.03528 1.1363 2.4
    endloop
  endfacet
  facet normal 0 0 1
    outer loop
      vertex -3 -3 2.4
      vertex 6.03528 1.1363 2.4
      vertex 5.5221 1.03422 2.4
    endloop
  endfacet
  facet normal 0 0 1
    outer loop
      vertex -3 -3 2.4
      vertex 5.5221 1.03422 2.4
      vertex 5 1 2.4
    endloop
  endfacet
  facet normal 0 0 1
    outer loop
      vertex 72.5 3 2.4
      vertex -3 -3 2.4
      vertex 153 -3 2.4
    endloop
  endfacet
  facet normal 0 0 1
    outer loop
      vertex 4.47789 1.03422 2.4
      vertex -3 -3 2.4
      vertex 5 1 2.4
    endloop
  endfacet
  facet normal 0 0 1
    outer loop
      vertex 3.96472 1.1363 2.4
      vertex -3 -3 2.4
      vertex 4.47789 1.03422 2.4
    endloop
  endfacet
  facet normal 0 0 1
    outer loop
      vertex 3.46927 1.30448 2.4
      vertex -3 -3 2.4
      vertex 3.96472 1.1363 2.4
    endloop
  endfacet
  facet normal 0 0 1
    outer loop
      vertex 3 1.5359 2.4
      vertex -3 -3 2.4
      vertex 3.46927 1.30448 2.4
    endloop
  endfacet
  facet normal 0 0 1
    outer loop
      vertex 2.56495 1.82659 2.4
      vertex -3 -3 2.4
      vertex 3 1.5359 2.4
    endloop
  endfacet
  facet normal 0 0 1
    outer loop
      vertex 2.17157 2.17157 2.4
      vertex -3 -3 2.4
      vertex 2.56495 1.82659 2.4
    endloop
  endfacet
  facet normal 0 0 1
    outer loop
      vertex 1.82659 2.56495 2.4
      vertex -3 -3 2.4
      vertex 2.17157 2.17157 2.4
    endloop
  endfacet
  facet normal 0 0 1
    outer loop
      vertex 1.5359 3 2.4
      vertex -3 -3 2.4
      vertex 1.82659 2.56495 2.4
    endloop
  endfacet
  facet normal 0 0 1
    outer loop
      vertex 1.30448 3.46927 2.4
      vertex -3 -3 2.4
      vertex 1.5359 3 2.4
    endloop
  endfacet
  facet normal 0 0 1
    outer loop
      vertex 1.1363 3.96472 2.4
      vertex -3 -3 2.4
      vertex 1.30448 3.46927 2.4
    endloop
  endfacet
  facet normal 0 0 1
    outer loop
      vertex 1.03422 4.47789 2.4
      vertex -3 -3 2.4
      vertex 1.1363 3.96472 2.4
    endloop
  endfacet
  facet normal 0 0 1
    outer loop
      vertex 1 5 2.4
      vertex -3 -3 2.4
      vertex 1.03422 4.47789 2.4
    endloop
  endfacet
  facet normal 0 0 1
    outer loop
      vertex 1.03422 5.5221 2.4
      vertex -3 -3 2.4
      vertex 1 5 2.4
    endloop
  endfacet
  facet normal 0 0 -1
    outer loop
      vertex 3 83 0
      vertex 72.5 88 0
      vertex 72.5 83 0
    endloop
  endfacet
  facet normal -0 0 -1
    outer loop
      vertex 72.5 88 0
      vertex 3 83 0
      vertex 3 88 0
    endloop
  endfacet
  facet normal 0 0 -1
    outer loop
      vertex 3 12 0
      vertex 72.5 17 0
      vertex 72.5 12 0
    endloop
  endfacet
  facet normal -0 0 -1
    outer loop
      vertex 72.5 17 0
      vertex 3 12 0
      vertex 3 17 0
    endloop
  endfacet
  facet normal 0 0 -1
    outer loop
      vertex 77.5 83 0
      vertex 147 88 0
      vertex 147 83 0
    endloop
  endfacet
  facet normal -0 0 -1
    outer loop
      vertex 147 88 0
      vertex 77.5 83 0
      vertex 77.5 88 0
    endloop
  endfacet
  facet normal 0 0 -1
    outer loop
      vertex 77.5 12 0
      vertex 147 17 0
      vertex 147 12 0
    endloop
  endfacet
  facet normal -0 0 -1
    outer loop
      vertex 147 17 0
      vertex 77.5 12 0
      vertex 77.5 17 0
    endloop
  endfacet
  facet normal 0 0 -1
    outer loop
      vertex 147 12 0
      vertex 153 -3 0
      vertex 147 3 0
    endloop
  endfacet
  facet normal 0 0 -1
    outer loop
      vertex 153 -3 0
      vertex 77.5 3 0
      vertex 147 3 0
    endloop
  endfacet
  facet normal 0 0 -1
    outer loop
      vertex 72.5 12 0
      vertex 77.5 12 0
      vertex 77.5 3 0
    endloop
  endfacet
  facet normal 0 0 -1
    outer loop
      vertex 77.5 12 0
      vertex 72.5 12 0
      vertex 77.5 17 0
    endloop
  endfacet
  facet normal 0 0 -1
    outer loop
      vertex 77.5 17 0
      vertex 72.5 17 0
      vertex 77.5 83 0
    endloop
  endfacet
  facet normal 0 0 -1
    outer loop
      vertex 72.5 83 0
      vertex 77.5 83 0
      vertex 72.5 17 0
    endloop
  endfacet
  facet normal 0 0 -1
    outer loop
      vertex 72.5 12 0
      vertex 77.5 3 0
      vertex 72.5 3 0
    endloop
  endfacet
  facet normal 0 0 -1
    outer loop
      vertex 153 -3 0
      vertex 72.5 3 0
      vertex 77.5 3 0
    endloop
  endfacet
  facet normal 0 0 -1
    outer loop
      vertex -3 -3 0
      vertex 72.5 3 0
      vertex 153 -3 0
    endloop
  endfacet
  facet normal 0 0 -1
    outer loop
      vertex -3 -3 0
      vertex 3 12 0
      vertex 3 3 0
    endloop
  endfacet
  facet normal -0 0 -1
    outer loop
      vertex 3 12 0
      vertex -3 -3 0
      vertex 3 17 0
    endloop
  endfacet
  facet normal -0 0 -1
    outer loop
      vertex 3 17 0
      vertex -3 -3 0
      vertex 3 83 0
    endloop
  endfacet
  facet normal 0 0 -1
    outer loop
      vertex -3 103 0
      vertex 3 83 0
      vertex -3 -3 0
    endloop
  endfacet
  facet normal 0 0 -1
    outer loop
      vertex 3 83 0
      vertex -3 103 0
      vertex 3 88 0
    endloop
  endfacet
  facet normal -0 0 -1
    outer loop
      vertex 72.5 3 0
      vertex -3 -3 0
      vertex 3 3 0
    endloop
  endfacet
  facet normal 0 0 -1
    outer loop
      vertex 147 17 0
      vertex 153 -3 0
      vertex 147 12 0
    endloop
  endfacet
  facet normal 0 0 -1
    outer loop
      vertex 153 -3 0
      vertex 147 17 0
      vertex 153 103 0
    endloop
  endfacet
  facet normal 0 0 -1
    outer loop
      vertex 147 83 0
      vertex 153 103 0
      vertex 147 17 0
    endloop
  endfacet
  facet normal 0 0 -1
    outer loop
      vertex 147 88 0
      vertex 153 103 0
      vertex 147 83 0
    endloop
  endfacet
  facet normal 0 0 -1
    outer loop
      vertex 147 97 0
      vertex 153 103 0
      vertex 147 88 0
    endloop
  endfacet
  facet normal 0 0 -1
    outer loop
      vertex 77.5 97 0
      vertex 153 103 0
      vertex 147 97 0
    endloop
  endfacet
  facet normal -0 0 -1
    outer loop
      vertex 77.5 17 0
      vertex 72.5 12 0
      vertex 72.5 17 0
    endloop
  endfacet
  facet normal 0 0 -1
    outer loop
      vertex 77.5 83 0
      vertex 72.5 83 0
      vertex 77.5 88 0
    endloop
  endfacet
  facet normal 0 0 -1
    outer loop
      vertex 72.5 88 0
      vertex 77.5 88 0
      vertex 72.5 83 0
    endloop
  endfacet
  facet normal 0 0 -1
    outer loop
      vertex 77.5 88 0
      vertex 72.5 88 0
      vertex 77.5 97 0
    endloop
  endfacet
  facet normal 0 0 -1
    outer loop
      vertex 72.5 97 0
      vertex 77.5 97 0
      vertex 72.5 88 0
    endloop
  endfacet
  facet normal 0 0 -1
    outer loop
      vertex 72.5 97 0
      vertex 153 103 0
      vertex 77.5 97 0
    endloop
  endfacet
  facet normal 0 0 -1
    outer loop
      vertex -3 103 0
      vertex 72.5 97 0
      vertex 3 97 0
    endloop
  endfacet
  facet normal 0 0 -1
    outer loop
      vertex 72.5 97 0
      vertex -3 103 0
      vertex 153 103 0
    endloop
  endfacet
  facet normal 0 0 -1
    outer loop
      vertex 3 88 0
      vertex -3 103 0
      vertex 3 97 0
    endloop
  endfacet
  facet normal -1 0 0
    outer loop
      vertex -3 -3 0
      vertex -3 103 2.4
      vertex -3 103 0
    endloop
  endfacet
  facet normal -1 -0 0
    outer loop
      vertex -3 103 2.4
      vertex -3 -3 0
      vertex -3 -3 2.4
    endloop
  endfacet
  facet normal 0 1 0
    outer loop
      vertex 147 3 2.2
      vertex 147 3 0
      vertex 141.536 3 2.2
    endloop
  endfacet
  facet normal 0 1 -0
    outer loop
      vertex 141.536 3 2.2
      vertex 77.5 3 2.4
      vertex 141.536 3 2.4
    endloop
  endfacet
  facet normal 0 1 0
    outer loop
      vertex 77.5 3 0
      vertex 141.536 3 2.2
      vertex 147 3 0
    endloop
  endfacet
  facet normal 0 1 0
    outer loop
      vertex 141.536 3 2.2
      vertex 77.5 3 0
      vertex 77.5 3 2.4
    endloop
  endfacet
  facet normal 0 1 0
    outer loop
      vertex 72.5 3 2.4
      vertex 8.4641 3 2.2
      vertex 8.4641 3 2.4
    endloop
  endfacet
  facet normal 0 1 -0
    outer loop
      vertex 72.5 3 0
      vertex 8.4641 3 2.2
      vertex 72.5 3 2.4
    endloop
  endfacet
  facet normal 0 1 0
    outer loop
      vertex 3 3 0
      vertex 8.4641 3 2.2
      vertex 72.5 3 0
    endloop
  endfacet
  facet normal 0 1 0
    outer loop
      vertex 8.4641 3 2.2
      vertex 3 3 0
      vertex 3 3 2.2
    endloop
  endfacet
  facet normal 0 -1 0
    outer loop
      vertex -3 -3 0
      vertex 153 -3 2.4
      vertex -3 -3 2.4
    endloop
  endfacet
  facet normal 0 -1 -0
    outer loop
      vertex 153 -3 2.4
      vertex -3 -3 0
      vertex 153 -3 0
    endloop
  endfacet
  facet normal 0 1 -0
    outer loop
      vertex 153 103 0
      vertex -3 103 2.4
      vertex 153 103 2.4
    endloop
  endfacet
  facet normal 0 1 0
    outer loop
      vertex -3 103 2.4
      vertex 153 103 0
      vertex -3 103 0
    endloop
  endfacet
  facet normal 0 -1 0
    outer loop
      vertex 3 97 2.2
      vertex 3 97 0
      vertex 8.4641 97 2.2
    endloop
  endfacet
  facet normal 0 -1 0
    outer loop
      vertex 8.4641 97 2.2
      vertex 72.5 97 2.4
      vertex 8.4641 97 2.4
    endloop
  endfacet
  facet normal 0 -1 0
    outer loop
      vertex 72.5 97 0
      vertex 8.4641 97 2.2
      vertex 3 97 0
    endloop
  endfacet
  facet normal 0 -1 0
    outer loop
      vertex 8.4641 97 2.2
      vertex 72.5 97 0
      vertex 72.5 97 2.4
    endloop
  endfacet
  facet normal 0 -1 0
    outer loop
      vertex 77.5 97 2.4
      vertex 141.536 97 2.2
      vertex 141.536 97 2.4
    endloop
  endfacet
  facet normal 0 -1 0
    outer loop
      vertex 77.5 97 0
      vertex 141.536 97 2.2
      vertex 77.5 97 2.4
    endloop
  endfacet
  facet normal 0 -1 0
    outer loop
      vertex 147 97 0
      vertex 141.536 97 2.2
      vertex 77.5 97 0
    endloop
  endfacet
  facet normal 0 -1 0
    outer loop
      vertex 141.536 97 2.2
      vertex 147 97 0
      vertex 147 97 2.2
    endloop
  endfacet
  facet normal 1 0 0
    outer loop
      vertex 3 8.4641 2.2
      vertex 3 12 2.4
      vertex 3 8.4641 2.4
    endloop
  endfacet
  facet normal 1 0 0
    outer loop
      vertex 3 12 2.4
      vertex 3 8.4641 2.2
      vertex 3 12 0
    endloop
  endfacet
  facet normal 1 0 0
    outer loop
      vertex 3 3 0
      vertex 3 8.4641 2.2
      vertex 3 3 2.2
    endloop
  endfacet
  facet normal 1 0 0
    outer loop
      vertex 3 8.4641 2.2
      vertex 3 3 0
      vertex 3 12 0
    endloop
  endfacet
  facet normal 1 0 0
    outer loop
      vertex 3 91.5359 2.4
      vertex 3 88 2.4
      vertex 3 91.5359 2.2
    endloop
  endfacet
  facet normal 1 -0 0
    outer loop
      vertex 3 91.5359 2.2
      vertex 3 97 0
      vertex 3 97 2.2
    endloop
  endfacet
  facet normal 1 0 0
    outer loop
      vertex 3 88 0
      vertex 3 91.5359 2.2
      vertex 3 88 2.4
    endloop
  endfacet
  facet normal 1 0 0
    outer loop
      vertex 3 91.5359 2.2
      vertex 3 88 0
      vertex 3 97 0
    endloop
  endfacet
  facet normal 1 -0 0
    outer loop
      vertex 3 17 2.4
      vertex 3 83 0
      vertex 3 83 2.4
    endloop
  endfacet
  facet normal 1 0 0
    outer loop
      vertex 3 83 0
      vertex 3 17 2.4
      vertex 3 17 0
    endloop
  endfacet
  facet normal -1 0 0
    outer loop
      vertex 147 12 0
      vertex 147 8.4641 2.2
      vertex 147 12 2.4
    endloop
  endfacet
  facet normal -1 0 0
    outer loop
      vertex 147 3 0
      vertex 147 8.4641 2.2
      vertex 147 12 0
    endloop
  endfacet
  facet normal -1 -0 0
    outer loop
      vertex 147 8.4641 2.2
      vertex 147 3 0
      vertex 147 3 2.2
    endloop
  endfacet
  facet normal -1 -0 0
    outer loop
      vertex 147 12 2.4
      vertex 147 8.4641 2.2
      vertex 147 8.4641 2.4
    endloop
  endfacet
  facet normal -1 0 0
    outer loop
      vertex 147 97 0
      vertex 147 91.5359 2.2
      vertex 147 97 2.2
    endloop
  endfacet
  facet normal -1 0 0
    outer loop
      vertex 147 88 0
      vertex 147 91.5359 2.2
      vertex 147 97 0
    endloop
  endfacet
  facet normal -1 0 0
    outer loop
      vertex 147 88 2.4
      vertex 147 91.5359 2.2
      vertex 147 88 0
    endloop
  endfacet
  facet normal -1 0 0
    outer loop
      vertex 147 91.5359 2.2
      vertex 147 88 2.4
      vertex 147 91.5359 2.4
    endloop
  endfacet
  facet normal -1 0 0
    outer loop
      vertex 147 17 0
      vertex 147 83 2.4
      vertex 147 83 0
    endloop
  endfacet
  facet normal -1 -0 0
    outer loop
      vertex 147 83 2.4
      vertex 147 17 0
      vertex 147 17 2.4
    endloop
  endfacet
  facet normal 0 1 -0
    outer loop
      vertex 72.5 17 0
      vertex 3 17 2.4
      vertex 72.5 17 2.4
    endloop
  endfacet
  facet normal 0 1 0
    outer loop
      vertex 3 17 2.4
      vertex 72.5 17 0
      vertex 3 17 0
    endloop
  endfacet
  facet normal 0 1 -0
    outer loop
      vertex 147 17 0
      vertex 77.5 17 2.4
      vertex 147 17 2.4
    endloop
  endfacet
  facet normal 0 1 0
    outer loop
      vertex 77.5 17 2.4
      vertex 147 17 0
      vertex 77.5 17 0
    endloop
  endfacet
  facet normal 0 -1 0
    outer loop
      vertex 3 12 0
      vertex 72.5 12 2.4
      vertex 3 12 2.4
    endloop
  endfacet
  facet normal 0 -1 -0
    outer loop
      vertex 72.5 12 2.4
      vertex 3 12 0
      vertex 72.5 12 0
    endloop
  endfacet
  facet normal 0 -1 0
    outer loop
      vertex 77.5 12 0
      vertex 147 12 2.4
      vertex 77.5 12 2.4
    endloop
  endfacet
  facet normal 0 -1 -0
    outer loop
      vertex 147 12 2.4
      vertex 77.5 12 0
      vertex 147 12 0
    endloop
  endfacet
  facet normal 0 1 -0
    outer loop
      vertex 72.5 88 0
      vertex 3 88 2.4
      vertex 72.5 88 2.4
    endloop
  endfacet
  facet normal 0 1 0
    outer loop
      vertex 3 88 2.4
      vertex 72.5 88 0
      vertex 3 88 0
    endloop
  endfacet
  facet normal 0 1 -0
    outer loop
      vertex 147 88 0
      vertex 77.5 88 2.4
      vertex 147 88 2.4
    endloop
  endfacet
  facet normal 0 1 0
    outer loop
      vertex 77.5 88 2.4
      vertex 147 88 0
      vertex 77.5 88 0
    endloop
  endfacet
  facet normal 0 -1 0
    outer loop
      vertex 3 83 0
      vertex 72.5 83 2.4
      vertex 3 83 2.4
    endloop
  endfacet
  facet normal 0 -1 -0
    outer loop
      vertex 72.5 83 2.4
      vertex 3 83 0
      vertex 72.5 83 0
    endloop
  endfacet
  facet normal 0 -1 0
    outer loop
      vertex 77.5 83 0
      vertex 147 83 2.4
      vertex 77.5 83 2.4
    endloop
  endfacet
  facet normal 0 -1 -0
    outer loop
      vertex 147 83 2.4
      vertex 77.5 83 0
      vertex 147 83 0
    endloop
  endfacet
  facet normal 1 -0 0
    outer loop
      vertex 77.5 88 2.4
      vertex 77.5 97 0
      vertex 77.5 97 2.4
    endloop
  endfacet
  facet normal 1 0 0
    outer loop
      vertex 77.5 97 0
      vertex 77.5 88 2.4
      vertex 77.5 88 0
    endloop
  endfacet
  facet normal 1 -0 0
    outer loop
      vertex 77.5 17 2.4
      vertex 77.5 83 0
      vertex 77.5 83 2.4
    endloop
  endfacet
  facet normal 1 0 0
    outer loop
      vertex 77.5 83 0
      vertex 77.5 17 2.4
      vertex 77.5 17 0
    endloop
  endfacet
  facet normal 1 -0 0
    outer loop
      vertex 77.5 3 2.4
      vertex 77.5 12 0
      vertex 77.5 12 2.4
    endloop
  endfacet
  facet normal 1 0 0
    outer loop
      vertex 77.5 12 0
      vertex 77.5 3 2.4
      vertex 77.5 3 0
    endloop
  endfacet
  facet normal -1 0 0
    outer loop
      vertex 72.5 88 0
      vertex 72.5 97 2.4
      vertex 72.5 97 0
    endloop
  endfacet
  facet normal -1 -0 0
    outer loop
      vertex 72.5 97 2.4
      vertex 72.5 88 0
      vertex 72.5 88 2.4
    endloop
  endfacet
  facet normal -1 0 0
    outer loop
      vertex 72.5 17 0
      vertex 72.5 83 2.4
      vertex 72.5 83 0
    endloop
  endfacet
  facet normal -1 -0 0
    outer loop
      vertex 72.5 83 2.4
      vertex 72.5 17 0
      vertex 72.5 17 2.4
    endloop
  endfacet
  facet normal -1 0 0
    outer loop
      vertex 72.5 3 0
      vertex 72.5 12 2.4
      vertex 72.5 12 0
    endloop
  endfacet
  facet normal -1 -0 0
    outer loop
      vertex 72.5 12 2.4
      vertex 72.5 3 0
      vertex 72.5 3 2.4
    endloop
  endfacet
endsolid OpenSCAD_Model
